SPEED,ACCELERATION,ALTITUDE,CLASS
1.6164,0,0,HHD
0,-0.4,1.8,HHD
0.7632,0.2,2.6,HHD
0.1944,-0.2,-2.3,HHD
1.5876,0.2,-2.7,HHD
0,-0.4,-0.6,HHD
0,0,-3.2,HHD
10.962,3,-0.1,HHD
5.0724,-1.6,0.4,HHD
2.5416,-0.7,-0.5,HHD
0.2016,-0.7,0.7,HHD
0.2484,0,-0.6,HHD
0.6624,0.1,-0.2,HHD
2.628,0.5,-0.1,HHD
2.4804,0,0,HHD
2.4264,0,0,HHD
2.1132,-0.1,0,HHD
0,-0.6,0,HHD
0,0,0,HHD
0,0,-0.4,HHD
0.3168,0.1,0.3,HHD
0.3276,0,0,HHD
0.2952,0,-2.1,HHD
0.2628,0,-1.2,HHD
0,-0.1,-2.5,HHD
0,0,-1.9,HHD
0,0,-1.5,HHD
0,0,0,HHD
0,0,0,HHD
0,0,0,HHD
0,0,0,HHD
0,0,0,HHD
0,0,0,HHD
0,0,0,HHD
0,0,0,HHD
0,0,0,HHD
0,0,0,HHD
0,0,0,HHD
0,0,0,HHD
0,0,0,HHD
0,0,0,HHD
0.9,0.3,-2.7,HHD
1.1556,0.1,0,HHD
1.4148,0.1,0,HHD
1.71,0.1,-0.1,HHD
2.214,0.1,0,HHD
2.7936,0.2,-0.2,HHD
0,-0.8,-0.1,HHD
4.086,1.1,-0.1,HHD
0,-1.1,-0.1,HHD
5.6376,1.6,-0.2,HHD
6.3648,0.2,-0.1,HHD
7.218,0.2,0,HHD
7.9416,0.2,0,HHD
8.6328,0.2,-0.1,HHD
9.3636,0.2,0,HHD
10.1016,0.2,-0.1,HHD
10.7964,0.2,-0.2,HHD
11.5524,0.2,0,HHD
11.9808,0.1,0,HHD
12.0744,0,0.3,HHD
11.9988,0,-0.1,HHD
11.8872,0,0.4,HHD
11.8548,0,0,HHD
12.0096,0,0.1,HHD
11.9412,0,-0.9,HHD
11.8116,0,-0.1,HHD
11.8728,0,-0.6,HHD
12.3084,0.1,-0.5,HHD
12.9816,0.2,0.1,HHD
13.8708,0.2,0.1,HHD
14.6052,0.2,0.4,HHD
15.1776,0.2,0.7,HHD
15.7068,0.1,-0.8,HHD
15.9804,0.1,-0.6,HHD
16.3188,0.1,-0.2,HHD
16.4772,0,-0.4,HHD
16.4304,0,-0.7,HHD
16.1568,-0.1,-0.6,HHD
15.8076,-0.1,-0.7,HHD
15.3792,-0.1,-0.9,HHD
15.2352,0,-0.3,HHD
15.4188,0.1,-0.3,HHD
15.6708,0.1,-0.3,HHD
15.9408,0.1,-0.4,HHD
16.0848,0,-0.4,HHD
16.2612,0,-0.4,HHD
16.5132,0.1,-0.3,HHD
16.4988,0,-0.3,HHD
16.4916,0,-0.1,HHD
16.3764,0,-0.4,HHD
16.0992,-0.1,-0.5,HHD
15.7248,-0.1,-0.3,HHD
15.3504,-0.1,-0.2,HHD
14.976,-0.1,-1.1,HHD
14.76,-0.1,-1,HHD
14.7816,0,-0.6,HHD
14.742,0,-1,HHD
14.508,-0.1,-0.7,HHD
14.1552,-0.1,-0.1,HHD
13.8312,-0.1,0.5,HHD
13.5432,-0.1,0.5,HHD
13.0752,-0.1,-0.4,HHD
12.5172,-0.2,0,HHD
11.9772,-0.2,0.3,HHD
11.2968,-0.2,0.4,HHD
10.44,-0.2,0.7,HHD
9.6228,-0.2,0.5,HHD
9.1764,-0.1,0.7,HHD
9.072,0,0.3,HHD
9.3204,0.1,0.5,HHD
9.5508,0.1,-0.2,HHD
10.0152,0.1,0.7,HHD
10.6452,0.2,0.3,HHD
11.376,0.2,0.8,HHD
12.3696,0.3,0.9,HHD
13.5396,0.3,0.8,HHD
14.8716,0.4,0.7,HHD
16.1496,0.4,0.5,HHD
17.2728,0.3,2.2,HHD
18.3096,0.3,2,HHD
19.3608,0.3,1.2,HHD
20.394,0.3,2,HHD
21.4272,0.3,1.3,HHD
22.3704,0.3,0.3,HHD
23.796,0.4,0.1,HHD
26.7372,0.8,0,HHD
25.0416,-0.5,-0.1,HHD
26.9712,0.5,0.7,HHD
26.9712,0,0.3,HHD
26.388,-0.2,-0.2,HHD
27.6552,0.4,0.4,HHD
26.3772,-0.4,0.3,HHD
26.0244,-0.1,0.2,HHD
23.6484,-0.7,-0.2,HHD
22.3884,-0.4,0.2,HHD
19.5048,-0.8,-0.2,HHD
16.8696,-0.7,0.4,HHD
15.9372,-0.3,0.3,HHD
16.7652,0.2,0.6,HHD
17.8956,0.3,0.5,HHD
19.8072,0.5,0.4,HHD
21.3192,0.4,-0.3,HHD
21.2508,0,-0.4,HHD
19.9764,-0.4,0.2,HHD
19.8828,0,0,HHD
20.2248,0.1,0.1,HHD
19.5228,-0.2,-0.2,HHD
19.4148,0,-0.5,HHD
20.88,0.4,0,HHD
20.9664,0,-0.3,HHD
21.3552,0.1,0.1,HHD
20.5704,-0.2,-0.1,HHD
20.9412,0.1,0.9,HHD
20.9736,0,0.2,HHD
21.8988,0.3,1.9,HHD
20.9772,-0.3,0.3,HHD
19.9296,-0.3,0.3,HHD
21.8916,0.5,0.3,HHD
22.2372,0.1,0.7,HHD
22.3668,0,0.6,HHD
25.4088,0.8,0.3,HHD
26.1936,0.2,0.8,HHD
26.8416,0.2,0.6,HHD
24.6528,-0.6,0.1,HHD
22.356,-0.6,-0.2,HHD
22.4316,0,0,HHD
21.0672,-0.4,0.1,HHD
19.7028,-0.4,0.5,HHD
19.8396,0,0,HHD
21.996,0.6,-0.1,HHD
21.2544,-0.2,-0.1,HHD
22.4928,0.3,-0.4,HHD
22.9104,0.1,-3,HHD
22.374,-0.1,-2.9,HHD
20.1672,-0.6,-1.8,HHD
21.0852,0.3,-0.3,HHD
20.5524,-0.1,-0.4,HHD
20.5704,0,-0.6,HHD
22.3848,0.5,-0.1,HHD
23.1084,0.2,0.3,HHD
21.6072,-0.4,-0.1,HHD
22.6728,0.3,-0.1,HHD
22.2804,-0.1,0.1,HHD
20.4768,-0.5,-0.3,HHD
19.5408,-0.3,-0.3,HHD
22.8852,0.9,-0.6,HHD
21.6468,-0.3,-0.1,HHD
21.546,0,-0.9,HHD
22.086,0.1,0.1,HHD
23.9004,0.5,0.3,HHD
24.4044,0.1,0.2,HHD
23.7132,-0.2,1,HHD
25.5384,0.5,1.1,HHD
25.4844,0,0.4,HHD
26.8704,0.4,0.5,HHD
26.8164,0,0,HHD
24.8832,-0.5,-0.3,HHD
24.0516,-0.2,0.2,HHD
23.22,-0.2,-0.1,HHD
21.8844,-0.4,0,HHD
23.5728,0.5,-0.4,HHD
22.7916,-0.2,1.5,HHD
22.1832,-0.2,-0.5,HHD
23.382,0.3,-0.4,HHD
21.6252,-0.5,-0.5,HHD
22.7376,0.3,-0.2,HHD
23.1084,0.1,-0.9,HHD
23.9508,0.2,-0.3,HHD
21.7116,-0.6,0,HHD
19.44,-0.6,-0.5,HHD
19.0296,-0.1,0,HHD
17.2008,-0.5,0.1,HHD
16.6896,-0.1,-0.1,HHD
16.7328,0,0.2,HHD
16.02,-0.2,2.4,HHD
14.526,-0.4,0.8,HHD
14.5656,0,1.1,HHD
16.4772,0.5,-0.2,HHD
15.4008,-0.3,0.7,HHD
18.4716,0.9,0.6,HHD
18.612,0,-0.1,HHD
18.0324,-0.2,0.2,HHD
15.9444,-0.6,0.2,HHD
13.9464,-0.6,0,HHD
13.4244,-0.1,-0.2,HHD
13.9752,0.2,0,HHD
11.8152,-0.6,0,HHD
11.3868,-0.1,-0.1,HHD
12.3948,0.3,0.3,HHD
13.0428,0.2,0.4,HHD
13.0464,0,0.2,HHD
14.9508,0.5,-0.2,HHD
16.4376,0.4,0.2,HHD
15.57,-0.2,0,HHD
15.2388,-0.1,0.2,HHD
17.4564,0.6,0.1,HHD
17.5212,0,-0.1,HHD
16.902,-0.2,0.1,HHD
16.9992,0,-0.2,HHD
16.938,0,-0.1,HHD
16.4376,-0.1,-0.2,HHD
17.01,0.2,-0.4,HHD
17.0856,0,0.6,HHD
14.6952,-0.7,0.7,HHD
13.6584,-0.3,0.2,HHD
13.716,0,0.3,HHD
16.092,0.7,-0.3,HHD
13.8852,-0.6,-0.1,HHD
11.7288,-0.6,0,HHD
9.5508,-0.6,-0.1,HHD
8.9964,-0.2,-0.4,HHD
10.8324,0.5,-0.2,HHD
11.3292,0.1,-0.2,HHD
10.6704,-0.2,-0.4,HHD
10.206,-0.1,-0.2,HHD
11.142,0.3,-0.2,HHD
13.7988,0.7,0.1,HHD
14.9472,0.3,-0.1,HHD
15.4584,0.1,0.3,HHD
16.8264,0.4,0.2,HHD
16.7688,0,0.2,HHD
17.4456,0.2,0.2,HHD
18.5508,0.3,-0.1,HHD
19.0008,0.1,0,HHD
19.368,0.1,0,HHD
20.1528,0.2,-0.7,HHD
20.0916,0,-0.8,HHD
18.8892,-0.3,-0.7,HHD
14.7564,-1.1,-0.5,HHD
9.5544,-1.4,0.7,HHD
6.138,-0.9,0.3,HHD
6.066,0,0.3,HHD
5.5296,-0.1,-0.2,HHD
7.5492,0.6,-0.2,HHD
11.4336,1.1,-0.3,HHD
13.3812,0.5,-0.4,HHD
17.2368,1.1,-1.4,HHD
17.7696,0.1,-0.8,HHD
17.7192,0,-0.4,HHD
18.7956,0.3,-0.6,HHD
18.7596,0,0.1,HHD
18.8316,0,0.1,HHD
19.7784,0.3,0.6,HHD
20.3364,0.2,1.8,HHD
20.3832,0,0.9,HHD
20.322,0,0.5,HHD
22.0356,0.5,0.1,HHD
20.9916,-0.3,0.6,HHD
20.5848,-0.1,0.3,HHD
20.9916,0.1,0.4,HHD
20.376,-0.2,0,HHD
20.0448,-0.1,-0.3,HHD
20.6604,0.2,0,HHD
20.7072,0,-0.1,HHD
21.2292,0.1,-0.8,HHD
21.6396,0.1,-0.1,HHD
20.6856,-0.3,0.1,HHD
21.1536,0.1,0.1,HHD
19.908,-0.3,-0.3,HHD
19.1268,-0.2,-0.1,HHD
19.1484,0,-0.3,HHD
18.6336,-0.1,0.2,HHD
18.7416,0,0.4,HHD
18.702,0,0.4,HHD
18.6948,0,0.8,HHD
19.3788,0.2,-0.1,HHD
18.7092,-0.2,0.9,HHD
19.3176,0.2,1.2,HHD
19.6488,0.1,0.4,HHD
20.0088,0.1,0.3,HHD
21.3012,0.4,0.1,HHD
21.4452,0,-0.1,HHD
20.6316,-0.2,0.2,HHD
20.286,-0.1,0.1,HHD
21.3804,0.3,0,HHD
20.9304,-0.1,-0.2,HHD
19.6056,-0.4,-0.2,HHD
19.6956,0,-0.1,HHD
18.2556,-0.4,-0.6,HHD
16.7184,-0.4,0.8,HHD
16.7724,0,-0.5,HHD
16.8624,0,-0.5,HHD
17.7948,0.3,-0.4,HHD
16.65,-0.3,-0.4,HHD
18.1656,0.4,-0.3,HHD
17.3268,-0.2,-0.2,HHD
18.9864,0.5,-0.3,HHD
18.9108,0,-0.1,HHD
19.6812,0.2,0,HHD
19.1808,-0.1,0.8,HHD
19.1592,0,0.1,HHD
19.6632,0.1,-0.2,HHD
19.53,0,0,HHD
20.2428,0.2,-0.2,HHD
19.6704,-0.2,0,HHD
19.9944,0.1,-0.3,HHD
20.9304,0.3,-0.1,HHD
20.322,-0.2,0.1,HHD
19.2312,-0.3,0.1,HHD
19.962,0.2,0.1,HHD
19.6092,-0.1,-0.3,HHD
19.9332,0.1,-0.2,HHD
19.2492,-0.2,-0.1,HHD
19.9908,0.2,-1.4,HHD
19.962,0,-0.1,HHD
21.474,0.4,-0.2,HHD
20.0592,-0.4,-0.1,HHD
19.7136,-0.1,-0.1,HHD
19.8036,0,0.1,HHD
20.7108,0.3,0.2,HHD
20.8512,0,0.3,HHD
20.8728,0,0,HHD
20.8872,0,-0.1,HHD
19.6848,-0.3,-0.1,HHD
19.6452,0,-0.2,HHD
20.0412,0.1,-0.3,HHD
19.9188,0,-0.2,HHD
20.736,0.2,-0.7,HHD
19.89,-0.2,-0.6,HHD
20.3148,0.1,-0.9,HHD
21.186,0.2,0,HHD
20.1816,-0.3,-0.2,HHD
20.1852,0,0.1,HHD
20.4984,0.1,-0.2,HHD
21.2976,0.2,-0.3,HHD
20.0736,-0.3,0,HHD
21.294,0.3,0.2,HHD
21.8808,0.2,0,HHD
21.33,-0.2,-0.1,HHD
21.8772,0.2,0,HHD
21.978,0,-0.6,HHD
22.6188,0.2,-0.1,HHD
21.2508,-0.4,-0.3,HHD
19.782,-0.4,0,HHD
20.934,0.3,0.2,HHD
21.4272,0.1,0,HHD
20.5704,-0.2,0.2,HHD
20.556,0,-0.3,HHD
21.582,0.3,0.8,HHD
21.4812,0,0,HHD
21.5928,0,-0.1,HHD
22.8636,0.4,-0.4,HHD
22.9464,0,-1,HHD
24.8724,0.5,-1.1,HHD
24.9444,0,0.1,HHD
26.2908,0.4,0.1,HHD
27.2196,0.3,0.1,HHD
28.9332,0.5,0.1,HHD
27.6336,-0.4,-0.7,HHD
25.6176,-0.6,-0.7,HHD
22.014,-1,-0.7,HHD
18.1332,-1.1,0.3,HHD
15.5412,-0.7,0,HHD
15.138,-0.1,1,HHD
17.5608,0.7,0.3,HHD
17.5572,0,0.2,HHD
18.7992,0.3,-0.4,HHD
21.0132,0.6,0.1,HHD
22.1292,0.3,0.1,HHD
21.7188,-0.1,0.7,HHD
20.7144,-0.3,0.9,HHD
23.796,0.9,0.4,HHD
23.7996,0,1.7,HHD
23.292,-0.1,1.1,HHD
22.6908,-0.2,0,HHD
19.5048,-0.9,0,HHD
14.8788,-1.3,2.1,HHD
10.2672,-1.3,2.4,HHD
5.1768,-1.4,2.3,HHD
0,-1.4,0.1,HHD
0,0,0.2,HHD
0,0,0.2,HHD
0,0,0,HHD
0,0,0,HHD
0,0,0,HHD
7.1604,2,-1.5,HHD
10.1088,0.8,0.6,HHD
11.8404,0.5,0.1,HHD
11.7756,0,0.1,HHD
12.5784,0.2,0.4,HHD
13.2732,0.2,0.2,HHD
14.7024,0.4,0.2,HHD
14.7816,0,0.8,HHD
13.6908,-0.3,1,HHD
15.1812,0.4,0.1,HHD
16.6608,0.4,0.4,HHD
16.6644,0,1.1,HHD
16.9776,0.1,-0.2,HHD
18.7884,0.5,-0.2,HHD
19.08,0.1,-0.1,HHD
19.7676,0.2,0.3,HHD
20.106,0.1,-0.2,HHD
18.5904,-0.4,-0.1,HHD
20.1492,0.4,0,HHD
20.1492,0,-0.4,HHD
18.5112,-0.5,0.1,HHD
20.4264,0.5,0.2,HHD
22.7232,0.6,0.8,HHD
22.7124,0,0.2,HHD
24.0804,0.4,0.2,HHD
26.01,0.5,0.9,HHD
26.136,0,-1,HHD
25.1352,-0.3,0.1,HHD
24.2424,-0.2,-0.4,HHD
20.3508,-1.1,-0.2,HHD
18.9612,-0.4,0.7,HHD
17.0856,-0.5,0.7,HHD
17.0316,0,1.2,HHD
16.9992,0,0.7,HHD
11.8332,-1.4,-0.1,HHD
8.8524,-0.8,-0.1,HHD
6.6636,-0.6,0.2,HHD
0,-1.9,-0.2,HHD
0,0,-0.2,HHD
0,0,-0.1,HHD
0,0,0,HHD
0,0,0,HHD
0,0,0,HHD
0,0,0,HHD
0,0,0,HHD
0,0,0,HHD
0,0,0,HHD
0,0,0,HHD
0,0,0,HHD
0,0,0,HHD
0,0,0,HHD
0,0,0,HHD
0,0,0,HHD
0,0,0,HHD
0,0,0,HHD
0,0,0,HHD
0,0,0,HHD
0,0,0,HHD
0,0,0,HHD
0,0,0,HHD
0.8784,0.2,-2,HHD
1.0728,0.1,-0.2,HHD
1.3104,0.1,-0.3,HHD
1.6488,0.1,-0.6,HHD
2.1492,0.1,-0.3,HHD
2.6172,0.1,-0.4,HHD
3.33,0.2,-0.3,HHD
4.0392,0.2,-0.2,HHD
4.7916,0.2,-0.2,HHD
5.5944,0.2,-0.1,HHD
6.372,0.2,0.1,HHD
7.1496,0.2,0.8,HHD
8.0352,0.2,0.2,HHD
8.7516,0.2,0,HHD
9.3024,0.2,0.1,HHD
9.8316,0.1,-0.1,HHD
10.062,0.1,-0.1,HHD
10.2348,0,0.1,HHD
10.4292,0.1,0.1,HHD
10.5228,0,0.2,HHD
10.62,0,0.2,HHD
10.6344,0,0.5,HHD
10.3932,-0.1,-0.3,HHD
10.224,0,-0.6,HHD
10.116,0,-0.5,HHD
10.0044,0,0.3,HHD
9.9756,0,0.8,HHD
9.8928,0,0.8,HHD
9.6408,-0.1,0.2,HHD
9.4896,0,0.8,HHD
9.3312,0,-0.2,HHD
9.3204,0,0.1,HHD
9.5112,0.1,0.1,HHD
9.6516,0,0.2,HHD
9.7452,0,-0.3,HHD
9.8532,0,0,HHD
9.9684,0,-0.2,HHD
10.1556,0.1,0.3,HHD
10.4508,0.1,-0.4,HHD
10.6344,0.1,-0.5,HHD
10.6596,0,0,HHD
10.4904,0,-0.4,HHD
10.2528,-0.1,-0.3,HHD
10.0044,-0.1,-0.3,HHD
9.792,-0.1,-0.1,HHD
9.7056,0,0.5,HHD
9.432,-0.1,0.3,HHD
9.2988,0,0,HHD
9.144,0,-0.4,HHD
9.1512,0,-0.5,HHD
9.2808,0,0.1,HHD
9.4032,0,-0.4,HHD
9.5508,0,0.1,HHD
9.8496,0.1,0,HHD
10.0404,0.1,-0.2,HHD
10.1664,0,-0.1,HHD
10.5408,0.1,-0.1,HHD
10.7964,0.1,-0.2,HHD
11.0844,0.1,-0.1,HHD
11.178,0,0.3,HHD
11.3652,0.1,0.8,HHD
11.484,0,-0.1,HHD
11.6352,0,0.8,HHD
11.6676,0,1.1,HHD
11.8368,0,0.2,HHD
11.8764,0,1.6,HHD
11.8836,0,0.4,HHD
11.934,0,0.9,HHD
12.006,0,0.1,HHD
12.0708,0,0.3,HHD
12.0456,0,0,HHD
12.2112,0,-0.4,HHD
12.1968,0,1,HHD
12.132,0,-0.2,HHD
12.0744,0,-0.6,HHD
12.0024,0,-0.7,HHD
11.7792,-0.1,-0.1,HHD
11.5272,-0.1,-0.1,HHD
11.1096,-0.1,-0.2,HHD
10.9332,0,-0.2,HHD
10.8828,0,-0.8,HHD
10.7028,-0.1,-1.6,HHD
10.674,0,-1.2,HHD
10.8432,0,-1.2,HHD
10.8612,0,-0.1,HHD
10.9332,0,-0.7,HHD
11.2572,0.1,-0.8,HHD
11.5128,0.1,-0.8,HHD
11.7576,0.1,-0.6,HHD
11.9052,0,-0.4,HHD
12.0924,0.1,-0.2,HHD
12.4488,0.1,0,HHD
12.6468,0.1,-0.2,HHD
12.7296,0,0.9,HHD
12.8772,0,0.7,HHD
13.1904,0.1,0,HHD
13.2948,0,0.2,HHD
13.374,0,0.5,HHD
13.518,0,0.2,HHD
13.6224,0,-0.1,HHD
13.5756,0,0.1,HHD
13.5216,0,0.4,HHD
13.518,0,0.1,HHD
13.4316,0,0.1,HHD
13.2696,0,0.2,HHD
12.9888,-0.1,-0.2,HHD
12.726,-0.1,-0.2,HHD
12.582,0,0.2,HHD
12.4524,0,-0.1,HHD
12.2292,-0.1,-0.1,HHD
12.0384,-0.1,0,HHD
11.8152,-0.1,-0.1,HHD
11.6352,0,-0.4,HHD
11.5812,0,-0.2,HHD
11.538,0,0,HHD
11.4372,0,-0.1,HHD
11.3688,0,0.2,HHD
11.2176,0,0.1,HHD
11.1024,0,0,HHD
11.0592,0,0.7,HHD
10.9656,0,0.3,HHD
10.89,0,1,HHD
10.7856,0,0.9,HHD
10.5804,-0.1,0.5,HHD
10.3464,-0.1,0.4,HHD
10.1772,0,-0.4,HHD
9.9468,-0.1,-0.4,HHD
9.7416,-0.1,-0.3,HHD
9.576,0,-0.3,HHD
9.3348,-0.1,-0.2,HHD
9.0936,-0.1,-0.1,HHD
8.8236,-0.1,-0.7,HHD
8.6004,-0.1,0.1,HHD
8.4276,0,-0.4,HHD
8.3808,0,0.8,HHD
8.316,0,-0.4,HHD
8.316,0,-0.1,HHD
8.388,0,-0.4,HHD
8.298,0,-0.4,HHD
8.2368,0,-0.4,HHD
8.1108,0,-0.2,HHD
8.0568,0,-0.1,HHD
8.0316,0,-0.2,HHD
7.9308,0,0.1,HHD
7.6968,-0.1,1.3,HHD
7.4772,-0.1,0.6,HHD
7.1964,-0.1,1,HHD
6.9948,-0.1,0.8,HHD
6.8976,0,0.5,HHD
6.7896,0,1.1,HHD
6.6744,0,0.8,HHD
6.6204,0,0.3,HHD
6.4944,0,0.3,HHD
6.588,0,0.8,HHD
6.894,0.1,0.4,HHD
7.1316,0.1,0.2,HHD
7.4556,0.1,0.2,HHD
7.6608,0.1,0.3,HHD
8.0136,0.1,0.3,HHD
8.442,0.1,1.1,HHD
8.9676,0.1,0.2,HHD
9.5076,0.2,0.2,HHD
10.0116,0.1,0.4,HHD
10.4148,0.1,0.4,HHD
10.7388,0.1,0,HHD
11.1024,0.1,1,HHD
11.3724,0.1,0.5,HHD
11.7036,0.1,0.8,HHD
11.9124,0.1,0.3,HHD
12.0564,0,0,HHD
12.132,0,-0.6,HHD
11.9736,0,-0.4,HHD
11.9196,0,-0.6,HHD
11.8728,0,-0.1,HHD
11.7828,0,0.1,HHD
11.6928,0,-0.1,HHD
11.628,0,0.8,HHD
11.4084,-0.1,0.4,HHD
11.3112,0,0,HHD
11.3436,0,0.1,HHD
11.4732,0,0,HHD
11.6604,0.1,0.6,HHD
11.7792,0,0.1,HHD
11.9124,0,0,HHD
12.06,0,0,HHD
12.1536,0,-0.1,HHD
12.2328,0,0,HHD
12.3372,0,-0.6,HHD
12.3588,0,-1.3,HHD
12.258,0,-1.4,HHD
12.1068,0,-1.6,HHD
11.988,0,-0.7,HHD
11.9484,0,-0.8,HHD
11.754,-0.1,-0.6,HHD
11.5992,0,-0.3,HHD
11.2176,-0.1,-0.7,HHD
11.0088,-0.1,-0.2,HHD
10.8216,-0.1,0.1,HHD
10.5156,-0.1,-0.5,HHD
10.2672,-0.1,-0.1,HHD
9.9324,-0.1,-0.5,HHD
9.6876,-0.1,0.5,HHD
9.4788,-0.1,-0.3,HHD
9.2808,-0.1,0,HHD
8.9172,-0.1,0.1,HHD
8.856,0,-0.1,HHD
8.748,0,-0.2,HHD
8.8416,0,-0.1,HHD
8.8956,0,-0.2,HHD
8.9316,0,-0.1,HHD
9.1908,0.1,0.4,HHD
9.4284,0.1,-0.3,HHD
9.576,0,-0.4,HHD
9.8424,0.1,-0.3,HHD
10.188,0.1,0,HHD
10.4868,0.1,-0.2,HHD
10.782,0.1,-1,HHD
10.8936,0,-0.2,HHD
11.1204,0.1,0.1,HHD
11.2392,0,0.4,HHD
11.0952,0,0.4,HHD
10.9908,0,1.2,HHD
10.8036,-0.1,-0.2,HHD
10.512,-0.1,0,HHD
10.314,-0.1,-0.4,HHD
10.3392,0,-0.4,HHD
10.0944,-0.1,-0.6,HHD
10.08,0,-0.4,HHD
9.9504,0,-0.7,HHD
9.828,0,-0.2,HHD
9.972,0,-0.6,HHD
10.1664,0.1,-0.5,HHD
10.4004,0.1,-0.7,HHD
10.638,0.1,-0.5,HHD
10.9656,0.1,-0.4,HHD
11.0376,0,0,HHD
11.412,0.1,0,HHD
11.4156,0,0.3,HHD
11.6172,0.1,0.1,HHD
11.9412,0.1,-0.4,HHD
12.1464,0.1,0.1,HHD
12.2436,0,0.4,HHD
12.4236,0.1,0.1,HHD
12.5568,0,0.1,HHD
12.6864,0,0.4,HHD
12.8196,0,0.1,HHD
12.9528,0,0.4,HHD
13.2264,0.1,-1.5,HHD
13.356,0,0.2,HHD
13.554,0.1,0.2,HHD
13.6872,0,0.8,HHD
13.8168,0,0.6,HHD
14.004,0.1,0.8,HHD
14.2236,0.1,0.6,HHD
14.274,0,0.8,HHD
14.4468,0,1.5,HHD
14.544,0,0.6,HHD
14.5404,0,0,HHD
14.7312,0.1,0.3,HHD
14.7672,0,0,HHD
14.8752,0,0.3,HHD
14.868,0,0.7,HHD
14.6988,0,1.1,HHD
14.6556,0,0.9,HHD
14.6736,0,0.3,HHD
14.7276,0,0.4,HHD
14.6916,0,0.3,HHD
14.8032,0,0,HHD
14.7852,0,-0.2,HHD
14.8932,0,-0.1,HHD
14.904,0,0,HHD
15.0696,0,-0.6,HHD
15.2568,0.1,-0.1,HHD
15.4404,0.1,-0.3,HHD
15.6384,0.1,-0.5,HHD
15.678,0,0.3,HHD
15.7392,0,0.1,HHD
15.7212,0,0.2,HHD
15.7428,0,-0.2,HHD
15.7392,0,-0.4,HHD
15.7968,0,0,HHD
15.7932,0,0.2,HHD
15.75,0,0,HHD
15.5556,-0.1,-0.1,HHD
15.3396,-0.1,0.1,HHD
15.1992,0,0.4,HHD
15.066,0,3.6,HHD
15.1452,0,-0.4,HHD
15.12,0,-0.2,HHD
15.0084,0,-0.3,HHD
15.0048,0,-0.4,HHD
14.8068,-0.1,-0.8,HHD
14.7564,0,-0.9,HHD
14.7456,0,-0.3,HHD
14.7708,0,-0.9,HHD
14.706,0,-0.8,HHD
14.6772,0,0,HHD
14.5764,0,-0.6,HHD
14.3964,-0.1,0.3,HHD
14.3748,0,-0.9,HHD
14.4036,0,-0.1,HHD
14.6088,0.1,-0.1,HHD
14.724,0,-0.1,HHD
14.8824,0,-0.7,HHD
14.9688,0,-0.8,HHD
15.1632,0.1,-1.1,HHD
15.3108,0,-0.3,HHD
15.282,0,-0.6,HHD
15.4332,0,-0.7,HHD
15.408,0,-0.1,HHD
15.2208,-0.1,-0.3,HHD
14.9976,-0.1,0,HHD
14.7708,-0.1,-0.5,HHD
14.508,-0.1,-0.1,HHD
14.2632,-0.1,-0.2,HHD
14.13,0,0.7,HHD
13.986,0,0.2,HHD
13.896,0,0.7,HHD
13.7376,0,-0.3,HHD
13.698,0,0,HHD
13.7232,0,-0.3,HHD
13.6872,0,-0.4,HHD
13.7052,0,-0.4,HHD
13.8024,0,0.5,HHD
13.8312,0,0.7,HHD
13.6296,-0.1,0.4,HHD
13.4424,-0.1,0.6,HHD
13.194,-0.1,0.4,HHD
12.7908,-0.1,0.3,HHD
12.1716,-0.2,-0.3,HHD
11.4768,-0.2,-0.1,HHD
10.9188,-0.2,-0.1,HHD
10.1952,-0.2,0.6,HHD
9.3312,-0.2,0,HHD
8.586,-0.2,-0.1,HHD
7.9812,-0.2,-0.3,HHD
7.5348,-0.1,-0.2,HHD
7.344,-0.1,-0.4,HHD
7.2432,0,-0.6,HHD
7.4232,0,-0.2,HHD
7.65,0.1,-0.2,HHD
7.8156,0,-0.2,HHD
8.2404,0.1,-0.3,HHD
8.73,0.1,-0.2,HHD
9.1692,0.1,0.1,HHD
9.6012,0.1,0.4,HHD
9.918,0.1,0.7,HHD
10.0944,0,1.2,HHD
10.3644,0.1,0.2,HHD
10.5948,0.1,0.1,HHD
10.8072,0.1,0,HHD
11.0268,0.1,0,HHD
11.124,0,-0.1,HHD
11.3076,0.1,-0.4,HHD
11.4156,0,-0.4,HHD
11.358,0,-0.6,HHD
11.2392,0,0.4,HHD
11.106,0,0.4,HHD
10.9332,0,0,HHD
10.5624,-0.1,-0.8,HHD
10.1196,-0.1,0.2,HHD
9.5868,-0.1,0,HHD
8.8524,-0.2,0.5,HHD
8.0028,-0.2,0,HHD
7.2504,-0.2,-0.3,HHD
6.714,-0.1,-0.9,HHD
6.1164,-0.2,-0.7,HHD
5.652,-0.1,-0.1,HHD
5.1912,-0.1,-0.2,HHD
4.7556,-0.1,0,HHD
4.4748,-0.1,-1,HHD
4.338,0,-0.7,HHD
4.3704,0,0.1,HHD
4.4748,0,0.2,HHD
4.518,0,0.4,HHD
4.572,0,-0.2,HHD
4.7088,0,0.2,HHD
4.7808,0,-0.1,HHD
4.9356,0,-0.4,HHD
5.2524,0.1,-0.1,HHD
5.526,0.1,-0.3,HHD
5.8824,0.1,-0.4,HHD
6.2892,0.1,-0.2,HHD
6.7716,0.1,-0.2,HHD
7.3044,0.1,0.3,HHD
7.7652,0.1,0.5,HHD
8.2152,0.1,0.3,HHD
8.5896,0.1,0,HHD
8.9208,0.1,-0.3,HHD
9.2556,0.1,0.2,HHD
9.6408,0.1,0.3,HHD
9.9036,0.1,0.3,HHD
10.1052,0.1,0.2,HHD
10.3068,0.1,-0.1,HHD
10.4868,0,-0.1,HHD
10.4904,0,0.1,HHD
10.4724,0,-0.2,HHD
10.476,0,-0.6,HHD
10.53,0,-0.5,HHD
10.5444,0,-0.2,HHD
10.5192,0,0.2,HHD
10.4796,0,0.3,HHD
10.6524,0,0.1,HHD
10.908,0.1,-0.5,HHD
11.1204,0.1,0.3,HHD
11.5488,0.1,0,HHD
11.9268,0.1,-0.1,HHD
12.2508,0.1,0.1,HHD
12.5712,0.1,0.1,HHD
12.8592,0.1,-0.9,HHD
13.068,0.1,-0.4,HHD
13.248,0.1,-0.5,HHD
13.3164,0,0.3,HHD
13.23,0,-0.6,HHD
13.1652,0,0,HHD
13.05,0,-0.2,HHD
13.0716,0,-0.3,HHD
13.1508,0,0,HHD
13.2084,0,0.3,HHD
13.23,0,0,HHD
13.3164,0,0.3,HHD
13.3632,0,0.1,HHD
13.4352,0,-0.4,HHD
13.5432,0,-0.9,HHD
13.5648,0,-0.6,HHD
13.608,0,-0.6,HHD
13.626,0,0,HHD
13.5828,0,0.2,HHD
13.5324,0,0.3,HHD
13.662,0,0.2,HHD
13.644,0,0,HHD
13.7232,0,0,HHD
13.788,0,0.3,HHD
13.7772,0,-0.5,HHD
13.9212,0,0.2,HHD
14.0148,0,-0.1,HHD
14.1732,0,-1.4,HHD
14.2956,0,-0.5,HHD
14.3892,0,-0.2,HHD
14.382,0,0.2,HHD
14.5872,0.1,0.6,HHD
14.6844,0,0.3,HHD
14.7564,0,0.5,HHD
14.9148,0,0.3,HHD
15.0516,0,0.3,HHD
15.1992,0,0,HHD
15.1992,0,0.2,HHD
15.2532,0,-0.1,HHD
15.3756,0,0,HHD
15.408,0,0.1,HHD
15.4332,0,0.5,HHD
15.552,0,0.6,HHD
15.6024,0,0.6,HHD
15.6312,0,0.7,HHD
15.732,0,0.3,HHD
15.7716,0,0.7,HHD
15.8796,0,0.7,HHD
16.0704,0.1,0.6,HHD
16.254,0.1,0.3,HHD
16.3908,0,0.5,HHD
16.5024,0,0.3,HHD
16.5924,0,0.8,HHD
16.7328,0,0.3,HHD
16.884,0,0,HHD
16.8696,0,0.3,HHD
16.9992,0,0.8,HHD
17.028,0,0.5,HHD
16.9848,0,-0.9,HHD
16.8696,0,-1.5,HHD
16.9092,0,-1.3,HHD
16.92,0,-1.2,HHD
16.9812,0,-0.5,HHD
17.0352,0,-0.9,HHD
16.9956,0,0.3,HHD
17.1108,0,-0.3,HHD
17.0928,0,-0.4,HHD
17.1144,0,-0.4,HHD
17.2548,0,-0.2,HHD
17.3988,0,-0.3,HHD
17.5608,0,0.1,HHD
17.6508,0,0.6,HHD
17.5536,0,0.7,HHD
17.478,0,0.2,HHD
17.4276,0,0.9,HHD
17.2836,0,0.4,HHD
17.118,0,-0.3,HHD
17.0244,0,1,HHD
16.8516,0,0.5,HHD
16.6392,-0.1,0,HHD
16.3836,-0.1,-0.9,HHD
16.2612,0,0.4,HHD
16.2828,0,0.9,HHD
16.2684,0,1.5,HHD
16.2792,0,0.9,HHD
16.3368,0,0.5,HHD
16.5168,0,0.7,HHD
16.6104,0,0.7,HHD
16.7436,0,0.2,HHD
16.8552,0,-0.2,HHD
16.8768,0,0.1,HHD
16.9596,0,-0.5,HHD
16.9668,0,0,HHD
16.8732,0,0.1,HHD
16.902,0,0,HHD
16.7976,0,0.3,HHD
16.7256,0,0.1,HHD
16.704,0,-0.2,HHD
16.542,0,0.2,HHD
16.5204,0,0.2,HHD
16.4484,0,0.5,HHD
16.3116,0,-0.3,HHD
16.2,0,-0.1,HHD
16.2072,0,-0.1,HHD
16.0812,0,-2.2,HHD
16.0776,0,-1.8,HHD
15.9588,0,-1,HHD
15.8832,0,-1.3,HHD
15.912,0,-0.5,HHD
15.8328,0,-0.2,HHD
15.9264,0,-0.3,HHD
15.9444,0,0.6,HHD
16.0164,0,-0.1,HHD
16.002,0,0,HHD
16.1748,0,0.2,HHD
16.2468,0,0.2,HHD
16.1928,0,0.4,HHD
16.0128,0,0.3,HHD
15.8652,0,0.3,HHD
15.7788,0,0.4,HHD
15.5196,-0.1,0.5,HHD
15.3288,-0.1,0.2,HHD
15.0768,-0.1,0.3,HHD
14.9328,0,0.5,HHD
14.5908,-0.1,0.8,HHD
14.2776,-0.1,0.8,HHD
14.148,0,0.2,HHD
14.166,0,0.6,HHD
14.0904,0,-0.4,HHD
14.022,0,0.1,HHD
14.0004,0,0.2,HHD
13.9032,0,0,HHD
13.824,0,-0.2,HHD
13.698,0,0.1,HHD
13.5504,0,-0.2,HHD
13.4532,0,0,HHD
13.2912,0,-0.5,HHD
13.0716,-0.1,-0.4,HHD
12.8232,-0.1,0.5,HHD
12.6432,0,0.8,HHD
12.5172,0,0.2,HHD
12.4884,0,-0.2,HHD
12.4704,0,0.3,HHD
12.4992,0,-0.2,HHD
12.5316,0,0.1,HHD
12.4812,0,-0.1,HHD
12.4416,0,-0.1,HHD
12.4056,0,-0.2,HHD
12.3552,0,0,HHD
12.3408,0,-0.2,HHD
12.258,0,-0.4,HHD
12.132,0,-0.5,HHD
12.0672,0,-0.2,HHD
11.916,0,-0.3,HHD
11.7756,0,-0.4,HHD
11.6712,0,-0.5,HHD
11.592,0,-0.7,HHD
11.5056,0,-0.7,HHD
11.6388,0,-0.6,HHD
11.5128,0,-0.4,HHD
11.4408,0,-0.5,HHD
11.4156,0,-0.6,HHD
11.4408,0,-0.2,HHD
11.5236,0,-0.5,HHD
11.754,0.1,-0.3,HHD
12.006,0.1,0.4,HHD
12.2724,0.1,-0.4,HHD
12.5748,0.1,-0.4,HHD
12.7656,0.1,0.1,HHD
13.0356,0.1,0.3,HHD
13.212,0,-0.5,HHD
13.4496,0.1,0.4,HHD
13.5468,0,0.1,HHD
13.6332,0,0.6,HHD
13.6044,0,0.3,HHD
13.5972,0,0.2,HHD
13.4424,0,0.6,HHD
13.2732,0,0.9,HHD
13.0932,0,0.7,HHD
12.9312,0,0.5,HHD
12.8232,0,0.7,HHD
12.6252,-0.1,0.6,HHD
12.4164,-0.1,0.3,HHD
12.1752,-0.1,0.3,HHD
11.9664,-0.1,0.7,HHD
11.6496,-0.1,0.3,HHD
11.5056,0,0.5,HHD
11.3724,0,-0.5,HHD
11.214,0,-0.1,HHD
11.1564,0,0.6,HHD
11.0952,0,0.1,HHD
11.0448,0,-0.3,HHD
10.9836,0,-0.1,HHD
10.9656,0,-0.2,HHD
10.9188,0,-0.3,HHD
10.9872,0,-0.5,HHD
11.0844,0,0,HHD
11.106,0,-0.3,HHD
11.1816,0,0.3,HHD
11.1024,0,-0.2,HHD
11.124,0,-0.3,HHD
11.1276,0,0,HHD
11.124,0,-0.4,HHD
11.1024,0,0,HHD
11.1672,0,0.1,HHD
11.2068,0,-0.1,HHD
11.142,0,0.2,HHD
11.178,0,0.4,HHD
11.0952,0,0.6,HHD
11.1672,0,0.3,HHD
11.214,0,1.1,HHD
11.1168,0,1.1,HHD
11.0808,0,1,HHD
11.0736,0,0.2,HHD
11.0376,0,0,HHD
10.9692,0,-0.3,HHD
10.9224,0,-0.6,HHD
10.7856,0,-0.5,HHD
10.7388,0,0.1,HHD
10.6164,0,-0.3,HHD
10.5624,0,-0.2,HHD
10.5948,0,-0.2,HHD
10.5444,0,0.6,HHD
10.5084,0,0.2,HHD
10.5336,0,0,HHD
10.5696,0,0.7,HHD
10.5696,0,0.3,HHD
10.6056,0,0.6,HHD
10.7244,0,0.8,HHD
10.782,0,0.2,HHD
10.6416,0,-0.4,HHD
10.4112,-0.1,-0.4,HHD
10.4256,0,-0.7,HHD
10.3392,0,-0.4,HHD
10.2528,0,-0.8,HHD
10.0908,0,-0.8,HHD
9.9648,0,-0.7,HHD
9.7416,-0.1,-0.6,HHD
9.3996,-0.1,-1.1,HHD
9.0828,-0.1,-0.8,HHD
8.9604,0,-0.1,HHD
9.108,0,-1.1,HHD
9.0432,0,-1.4,HHD
9.0684,0,-1.5,HHD
9.0576,0,-0.6,HHD
9.1944,0,-0.5,HHD
9.3096,0,-0.1,HHD
9.6228,0.1,0.8,HHD
9.954,0.1,1.2,HHD
10.4004,0.1,0.9,HHD
10.7496,0.1,1,HHD
10.9152,0,-0.1,HHD
11.2212,0.1,0.7,HHD
11.448,0.1,0.6,HHD
11.5812,0,0.3,HHD
11.4696,0,0,HHD
11.43,0,-0.7,HHD
11.3364,0,0.7,HHD
11.2608,0,0.6,HHD
11.1312,0,0.1,HHD
10.962,0,-0.4,HHD
10.818,0,0.5,HHD
10.6128,-0.1,1.6,HHD
10.3572,-0.1,0.9,HHD
10.1628,-0.1,1.2,HHD
10.1808,0,0.5,HHD
10.08,0,0.2,HHD
9.9324,0,0.1,HHD
9.7488,-0.1,0.1,HHD
9.4896,-0.1,0.2,HHD
9.0756,-0.1,-0.7,HHD
8.5392,-0.1,-0.8,HHD
7.776,-0.2,0.6,HHD
6.9228,-0.2,-0.1,HHD
6.0192,-0.3,-0.4,HHD
5.0724,-0.3,-0.1,HHD
4.1688,-0.3,0,HHD
3.3156,-0.2,-0.2,HHD
2.5092,-0.2,-0.3,HHD
1.7676,-0.2,-0.3,HHD
0,-0.5,0,HHD
0,0,-0.1,HHD
0,0,0,HHD
0,0,0,HHD
0,0,0,HHD
0,0,0,HHD
0,0,0,HHD
0,0,0,HHD
0,0,0,HHD
0,0,0,HHD
0,0,0,HHD
0,0,0,HHD
0,0,0,HHD
0,0,0,HHD
0,0,0,HHD
0,0,0,HHD
0,0,0,HHD
0,0,0,HHD
0,0,0,HHD
0,0,0,HHD
0,0,0,HHD
0,0,0,HHD
0,0,0,HHD
0,0,0,HHD
0,0,0,HHD
0,0,0,HHD
0,0,0,HHD
0,0,0,HHD
0,0,0,HHD
0,0,0,HHD
0,0,0,HHD
0,0,0,HHD
0,0,0,HHD
0,0,0,HHD
0,0,0,HHD
0,0,0,HHD
0,0,0,HHD
0,0,0,HHD
0,0,0,HHD
0,0,0,HHD
0,0,0,HHD
0,0,0,HHD
0,0,0,HHD
0,0,0,HHD
0,0,-0.1,HHD
0,0,0.1,HHD
0,0,-0.2,HHD
3.2436,0.9,-0.6,HHD
2.718,-0.1,-0.6,HHD
2.2392,-0.1,0.1,HHD
1.7712,-0.1,-0.1,HHD
1.6524,0,0.8,HHD
0,-0.5,0.5,HHD
0,0,-0.5,HHD
1.2852,0.4,-0.1,HHD
0,-0.4,0,HHD
0,0,0.4,HHD
0,0,0.2,HHD
0,0,0,HHD
0,0,0,HHD
0,0,0,HHD
0,0,0,HHD
0,0,0,HHD
0,0,0,HHD
0,0,0,HHD
0,0,0,HHD
0,0,0,HHD
0,0,0,HHD
0,0,0,HHD
0,0,0,HHD
0,0,0,HHD
0,0,0,HHD
0,0,0,HHD
0,0,0,HHD
0,0,0,HHD
0,0,0,HHD
0,0,0,HHD
0,0,0,HHD
0,0,0,HHD
0,0,0,HHD
0,0,0,HHD
0,0,0,HHD
0,0,0,HHD
0,0,0,HHD
0,0,0,HHD
0,0,0,HHD
0,0,0,HHD
0,0,0,HHD
0,0,0,HHD
0,0,0,HHD
0,0,0,HHD
0,0,0,HHD
0,0,0,HHD
0,0,0,HHD
0,0,0,HHD
0,0,0,HHD
0,0,0,HHD
0,0,0,HHD
0,0,0,HHD
0,0,0,HHD
0,0,0,HHD
0,0,0,HHD
0,0,0,HHD
0,0,0,HHD
0,0,0,HHD
0,0,0,HHD
0,0,0,HHD
0,0,0,HHD
0,0,0,HHD
0,0,0,HHD
0,0,0,HHD
0,0,0,HHD
0,0,0,HHD
0,0,0,HHD
0,0,0,HHD
0,0,0,HHD
0,0,0,HHD
0,0,0,HHD
0,0,0,HHD
0,0,0,HHD
0,0,0,HHD
0,0,0,HHD
0,0,0,HHD
0,0,0,HHD
0,0,0,HHD
0,0,0,HHD
0,0,0,HHD
0,0,0,HHD
0,0,0,HHD
0,0,0,HHD
0,0,0,HHD
0,0,0,HHD
0,0,0,HHD
0,0,0,HHD
0,0,0,HHD
0,0,0,HHD
0,0,0,HHD
0,0,0,HHD
0,0,0,HHD
0,0,0,HHD
0,0,0,HHD
0,0,0,HHD
0,0,0,HHD
0,0,0,HHD
0,0,0,HHD
0,0,0,HHD
0,0,0,HHD
0,0,0,HHD
0,0,0,HHD
0,0,0,HHD
0,0,0,HHD
0,0,0,HHD
0,0,0,HHD
0,0,0,HHD
0,0,0,HHD
0,0,0,HHD
0,0,0,HHD
0,0,0,HHD
0,0,0,HHD
0,0,0,HHD
0,0,0,HHD
0,0,0,HHD
0,0,0,HHD
0,0,0,HHD
0,0,0,HHD
0,0,0,HHD
0,0,0,HHD
0,0,0,HHD
0,0,0,HHD
0,0,0,HHD
0,0,0,HHD
0,0,0,HHD
0,0,0,HHD
0,0,0,HHD
0,0,0,HHD
0,0,0,HHD
0,0,0,HHD
0,0,0,HHD
0,0,0,HHD
0,0,0,HHD
0,0,0,HHD
0,0,0,HHD
0,0,0,HHD
0,0,0,HHD
0,0,0,HHD
0,0,0,HHD
0,0,0,HHD
0,0,0,HHD
0,0,0,HHD
0,0,0,HHD
0,0,0,HHD
0,0,0,HHD
0,0,0,HHD
0,0,0,HHD
0,0,0,HHD
0,0,0,HHD
0,0,0,HHD
0,0,0,HHD
0,0,0,HHD
0,0,0,HHD
0,0,0,HHD
0,0,0,HHD
0,0,0,HHD
0,0,0,HHD
0,0,0,HHD
0,0,0,HHD
0,0,0,HHD
0,0,0,HHD
0,0,0,HHD
0,0,0,HHD
0,0,0,HHD
0,0,0,HHD
0,0,0,HHD
0,0,0,HHD
0,0,0,HHD
0,0,0,HHD
0,0,0,HHD
0,0,0,HHD
0,0,0,HHD
0,0,0,HHD
0,0,0,HHD
0,0,0,HHD
0,0,0,HHD
0,0,0,HHD
0,0,0,HHD
0,0,0,HHD
0,0,0,HHD
0,0,0,HHD
0,0,0,HHD
0.8784,0.2,-0.5,HHD
1.0008,0,0,HHD
0,-0.3,0.1,HHD
0,0,0.1,HHD
0,0,0,HHD
0,0,0,HHD
0,0,0,HHD
0,0,0,HHD
0,0,0,HHD
0,0,0,HHD
0,0,0,HHD
0.8208,0.2,0.2,HHD
0.8532,0,0,HHD
0.954,0,0.1,HHD
1.1052,0,0.2,HHD
1.3392,0.1,0.3,HHD
1.6488,0.1,0.3,HHD
2.034,0.1,0.3,HHD
2.4228,0.1,0.1,HHD
2.844,0.1,-0.3,HHD
3.2616,0.1,0.3,HHD
3.6288,0.1,-0.1,HHD
3.942,0.1,0.3,HHD
4.302,0.1,-0.3,HHD
4.6908,0.1,0.5,HHD
5.0508,0.1,0.2,HHD
5.364,0.1,0.3,HHD
5.634,0.1,0.6,HHD
5.8248,0.1,-0.1,HHD
6.0372,0.1,0.1,HHD
6.1092,0,-0.4,HHD
6.1812,0,0,HHD
6.318,0,-0.1,HHD
6.3468,0,-0.2,HHD
6.2964,0,-1.6,HHD
6.2352,0,-0.8,HHD
6.192,0,-0.5,HHD
6.1452,0,-0.6,HHD
6.174,0,-0.5,HHD
6.1272,0,-0.5,HHD
6.0984,0,-0.9,HHD
6.1128,0,-0.5,HHD
6.192,0,-1.2,HHD
6.2352,0,-0.4,HHD
6.3936,0,-0.4,HHD
6.5232,0,-0.4,HHD
6.5952,0,-0.4,HHD
6.6492,0,-0.2,HHD
6.5664,0,-0.3,HHD
6.5916,0,-0.8,HHD
6.5808,0,-0.3,HHD
6.588,0,-0.3,HHD
6.4728,0,-0.5,HHD
6.3432,0,-0.4,HHD
6.12,-0.1,-0.6,HHD
5.796,-0.1,-0.3,HHD
5.5008,-0.1,-0.8,HHD
5.0796,-0.1,-0.6,HHD
4.8528,-0.1,-0.6,HHD
4.4532,-0.1,-0.7,HHD
4.1652,-0.1,-0.6,HHD
3.8772,-0.1,-0.7,HHD
3.6396,-0.1,-0.5,HHD
3.4236,-0.1,-0.4,HHD
3.2076,-0.1,-0.2,HHD
3.0924,0,-0.4,HHD
2.7864,-0.1,0.2,HHD
2.6892,0,-0.1,HHD
2.4876,-0.1,-0.1,HHD
2.2536,-0.1,-0.1,HHD
1.962,-0.1,-0.1,HHD
1.674,-0.1,-0.2,HHD
0,-0.5,-0.1,HHD
0,0,-0.2,HHD
0,0,-0.1,HHD
0,0,0,HHD
0,0,0,HHD
0,0,0,HHD
0,0,0,HHD
0,0,0,HHD
0,0,0,HHD
0,0,0,HHD
0,0,0,HHD
0,0,0,HHD
0,0,0,HHD
0,0,0,HHD
0,0,0,HHD
0,0,0,HHD
0,0,0,HHD
0,0,0,HHD
0,0,0,HHD
0,0,0,HHD
0,0,0,HHD
0,0,0,HHD
0,0,0,HHD
0,0,0,HHD
0,0,0,HHD
0,0,0,HHD
0,0,0,HHD
0,0,0,HHD
0,0,0,HHD
0,0,0,HHD
0,0,0,HHD
0,0,0,HHD
0,0,0,HHD
0,0,0,HHD
0,0,0,HHD
0,0,0,HHD
0,0,0,HHD
0,0,0,HHD
0,0,0,HHD
0,0,0,HHD
0,0,0,HHD
0,0,0,HHD
0,0,0,HHD
0,0,0,HHD
0,0,0,HHD
0,0,0,HHD
0,0,0,HHD
0,0,0,HHD
0,0,0,HHD
0,0,0,HHD
0,0,0,HHD
0,0,0,HHD
0,0,0,HHD
0,0,0,HHD
0,0,0,HHD
0,0,0,HHD
0,0,0,HHD
0,0,0,HHD
0,0,0,HHD
0,0,0,HHD
0,0,0,HHD
0,0,0,HHD
0,0,0,HHD
1.0008,0.3,1.9,HHD
1.2276,0.1,0.3,HHD
1.512,0.1,0.1,HHD
1.8396,0.1,0.2,HHD
2.178,0.1,0.2,HHD
2.3148,0,0.2,HHD
2.4768,0,0.3,HHD
2.6352,0,0.6,HHD
2.8224,0.1,0.9,HHD
2.9628,0,0.7,HHD
3.1104,0,0.9,HHD
3.2148,0,0.4,HHD
3.132,0,0.3,HHD
2.9412,-0.1,0.1,HHD
2.7972,0,0.3,HHD
2.9016,0,0.1,HHD
3.0456,0,0,HHD
3.3048,0.1,0,HHD
3.474,0,-0.1,HHD
3.6072,0,0.1,HHD
3.7044,0,0.2,HHD
3.8268,0,0.1,HHD
4.1544,0.1,0.1,HHD
4.4496,0.1,0,HHD
4.8348,0.1,0,HHD
5.1876,0.1,0,HHD
5.4,0.1,0.1,HHD
5.5152,0,0,HHD
5.6232,0,0,HHD
5.7636,0,-0.2,HHD
6.0804,0.1,-0.3,HHD
6.3504,0.1,-0.3,HHD
6.588,0.1,-0.3,HHD
6.8472,0.1,1.1,HHD
6.8868,0,0.6,HHD
6.912,0,-0.1,HHD
6.9624,0,0,HHD
6.948,0,0,HHD
7.1244,0,0,HHD
7.3728,0.1,-0.3,HHD
7.596,0.1,-0.2,HHD
7.6572,0,-2.1,HHD
7.8336,0,-0.5,HHD
7.9992,0,-0.6,HHD
8.2692,0.1,-0.6,HHD
8.496,0.1,-0.4,HHD
8.8164,0.1,-1.6,HHD
9.1188,0.1,-0.6,HHD
9.3024,0.1,-0.5,HHD
9.396,0,-0.4,HHD
9.4248,0,-0.8,HHD
9.6048,0.1,-0.8,HHD
9.6012,0,-1.1,HHD
9.6444,0,-0.8,HHD
9.702,0,-0.8,HHD
9.792,0,-0.8,HHD
9.8748,0,-0.6,HHD
9.8496,0,-0.3,HHD
9.7488,0,-0.8,HHD
9.8064,0,-0.6,HHD
9.7884,0,-0.6,HHD
9.6948,0,-1.4,HHD
9.5112,-0.1,-1.2,HHD
9.2232,-0.1,-0.5,HHD
8.928,-0.1,-1.1,HHD
8.6868,-0.1,-1.3,HHD
8.334,-0.1,-1.3,HHD
8.136,-0.1,-0.7,HHD
7.9704,0,-0.1,HHD
7.5528,-0.1,0.1,HHD
7.1136,-0.1,0.3,HHD
6.8724,-0.1,0.6,HHD
6.732,0,0,HHD
6.7284,0,0.5,HHD
6.8256,0,0.3,HHD
6.8688,0,0.8,HHD
6.9696,0,0.8,HHD
7.0596,0,0.3,HHD
7.2864,0.1,0.7,HHD
7.6608,0.1,0.2,HHD
8.0604,0.1,0.4,HHD
8.3556,0.1,0.5,HHD
8.658,0.1,0.5,HHD
8.892,0.1,0.9,HHD
8.9928,0,2.9,HHD
9.0864,0,2.4,HHD
9.1944,0,3.6,HHD
9.1404,0,2,HHD
9.0792,0,1.1,HHD
9.0324,0,1.2,HHD
9.0288,0,0.2,HHD
9,0,-0.6,HHD
8.9604,0,-1.2,HHD
9.0828,0,0.5,HHD
9.036,0,0.3,HHD
9.0288,0,0.6,HHD
9.0792,0,1.3,HHD
9.126,0,1.2,HHD
9.2016,0,1.2,HHD
9.2448,0,0.5,HHD
9.2196,0,0,HHD
9.1728,0,-0.1,HHD
9.1332,0,-0.8,HHD
8.9244,-0.1,-0.2,HHD
8.8416,0,0.3,HHD
8.7264,0,-0.1,HHD
8.5824,0,-1.2,HHD
8.5392,0,-1.3,HHD
8.3484,-0.1,0,HHD
8.1936,0,-0.3,HHD
8.136,0,-0.7,HHD
8.1576,0,-0.3,HHD
8.154,0,0.1,HHD
8.2476,0,-0.2,HHD
8.1972,0,-0.5,HHD
8.1864,0,-1.1,HHD
8.1108,0,-0.2,HHD
7.9992,0,1.7,HHD
7.8732,0,-0.1,HHD
7.7616,0,0.6,HHD
7.4304,-0.1,0.3,HHD
7.1496,-0.1,0.4,HHD
6.966,-0.1,0.1,HHD
6.8688,0,-0.4,HHD
6.9012,0,-1.4,HHD
6.9012,0,0.1,HHD
6.8508,0,-0.1,HHD
6.858,0,-0.6,HHD
7.0344,0,0.9,HHD
7.164,0,-0.4,HHD
7.4916,0.1,-0.5,HHD
7.6644,0,-0.1,HHD
7.8588,0.1,0.1,HHD
8.0064,0,0.2,HHD
8.1396,0,0.5,HHD
8.172,0,0.7,HHD
8.2296,0,0.2,HHD
8.3628,0,0.3,HHD
8.3952,0,1,HHD
8.4492,0,-0.2,HHD
8.478,0,1.9,HHD
8.5428,0,0.8,HHD
8.5248,0,1.1,HHD
8.3556,0,0.6,HHD
8.19,0,0.7,HHD
8.19,0,0.6,HHD
8.2908,0,0.9,HHD
8.3124,0,-0.2,HHD
8.4132,0,-0.5,HHD
8.5896,0,-0.8,HHD
8.7984,0.1,-0.5,HHD
9.0936,0.1,0.1,HHD
9.3492,0.1,0.1,HHD
9.7308,0.1,-0.3,HHD
10.0476,0.1,0,HHD
10.188,0,0,HHD
10.2312,0,0.4,HHD
10.2384,0,2.7,HHD
10.314,0,0.6,HHD
10.1772,0,-0.1,HHD
10.008,0,1,HHD
9.9648,0,0.6,HHD
9.9468,0,0.4,HHD
9.9432,0,0,HHD
9.9828,0,0,HHD
10.1088,0,-0.2,HHD
10.3284,0.1,-0.4,HHD
10.5156,0.1,-0.4,HHD
10.548,0,-0.8,HHD
10.6632,0,0.2,HHD
10.9116,0.1,-1.8,HHD
10.944,0,-0.2,HHD
11.0304,0,0.2,HHD
11.1276,0,-1.5,HHD
11.1888,0,-0.7,HHD
11.2644,0,-0.3,HHD
11.3544,0,-0.6,HHD
11.3832,0,-1,HHD
11.3652,0,-0.8,HHD
11.466,0,-0.1,HHD
11.34,0,0.8,HHD
11.1744,0,-0.5,HHD
10.9512,-0.1,-0.6,HHD
10.6776,-0.1,-1.5,HHD
10.4796,-0.1,0.4,HHD
10.368,0,1.9,HHD
10.1088,-0.1,1.4,HHD
9.99,0,1.9,HHD
9.9324,0,-0.6,HHD
9.81,0,-0.8,HHD
9.6624,0,0,HHD
9.5292,0,-0.2,HHD
9.4032,0,-0.3,HHD
9.2484,0,0.1,HHD
9.1008,0,-0.8,HHD
8.8596,-0.1,-0.4,HHD
8.748,0,1.4,HHD
8.5176,-0.1,-0.7,HHD
8.2728,-0.1,0.9,HHD
8.0028,-0.1,0.4,HHD
7.884,0,0.5,HHD
7.7688,0,-0.5,HHD
7.7184,0,0.6,HHD
7.5276,-0.1,-0.5,HHD
7.4412,0,0.2,HHD
7.4268,0,-0.2,HHD
7.4304,0,3.7,HHD
7.5636,0,2.6,HHD
7.65,0,1.3,HHD
7.8696,0.1,-0.1,HHD
7.9236,0,-0.1,HHD
7.6536,-0.1,0,HHD
7.3548,-0.1,0.9,HHD
7.1136,-0.1,0.7,HHD
6.696,-0.1,-0.1,HHD
6.1272,-0.2,0.1,HHD
5.3748,-0.2,0.3,HHD
4.5288,-0.2,-0.3,HHD
3.7188,-0.2,0.2,HHD
2.8512,-0.2,-0.2,HHD
2.0412,-0.2,0.1,HHD
1.6524,-0.1,-0.1,HHD
0,-0.5,0.1,HHD
0,0,0,HHD
0,0,0.1,HHD
0,0,0,HHD
0,0,0,HHD
0,0,0,HHD
0,0,0,HHD
0,0,0,HHD
0,0,0,HHD
0,0,0,HHD
0,0,0,HHD
0,0,0,HHD
0,0,0,HHD
0,0,0,HHD
0,0,0,HHD
0,0,0,HHD
0,0,0,HHD
0,0,0,HHD
0,0,0,HHD
0,0,0,HHD
0,0,0,HHD
0,0,0,HHD
0,0,0,HHD
0,0,0,HHD
0,0,0,HHD
0,0,0,HHD
0,0,0,HHD
0,0,0,HHD
0,0,0,HHD
0,0,0,HHD
0,0,0,HHD
0,0,0,HHD
0,0,0,HHD
0,0,0,HHD
0,0,0,HHD
0,0,0,HHD
0,0,0,HHD
0,0,0,HHD
0,0,0,HHD
0,0,0,HHD
0,0,0,HHD
0,0,0,HHD
0,0,0,HHD
0,0,0,HHD
0,0,0,HHD
0,0,0,HHD
0,0,0,HHD
0,0,0,HHD
0,0,0,HHD
0,0,0,HHD
0,0,0,HHD
0,0,0,HHD
0,0,0,HHD
0,0,0,HHD
0,0,0,HHD
0,0,0,HHD
0,0,0,HHD
0,0,0,HHD
0,0,0,HHD
0,0,0,HHD
0,0,0,HHD
0,0,0,HHD
0,0,0,HHD
0,0,0,HHD
0,0,0,HHD
0,0,0,HHD
0,0,0,HHD
1.008,0.3,-0.6,HHD
0,-0.3,0.3,HHD
0,0,0.1,HHD
0,0,-0.5,HHD
0,0,-0.5,HHD
0,0,0.2,HHD
0,0,-0.3,HHD
0,0,-0.1,HHD
0.72,0.2,0.2,HHD
0,-0.2,-0.1,HHD
0,0,-0.2,HHD
0,0,0,HHD
0,0,-0.2,HHD
0.648,0.2,-0.4,HHD
0,-0.2,0.6,HHD
0,0,0.4,HHD
0.54,0.2,0,HHD
0,-0.2,-0.7,HHD
0,0,-0.1,HHD
0,0,-0.8,HHD
0,0,-0.3,HHD
0,0,-0.3,HHD
0,0,0.3,HHD
0,0,0.1,HHD
0,0,-0.1,HHD
0,0,-0.2,HHD
0,0,-0.1,HHD
0,0,0,HHD
0,0,0,HHD
0,0,0,HHD
0,0,0,HHD
0,0,0,HHD
0,0,0,HHD
0,0,0,HHD
0,0,0,HHD
0,0,0,HHD
0,0,0,HHD
0,0,0,HHD
0,0,0,HHD
0,0,0,HHD
0,0,0,HHD
0,0,0,HHD
1.26,0.4,-1.3,HHD
0.684,-0.2,0.4,HHD
0.576,0,-0.6,HHD
1.908,0.4,-0.4,HHD
2.772,0.2,0.2,HHD
3.204,0.1,-0.1,HHD
3.132,0,-0.2,HHD
3.204,0,-0.1,HHD
3.564,0.1,0,HHD
3.312,-0.1,0.1,HHD
3.312,0,0.2,HHD
3.6,0.1,0.1,HHD
3.672,0,0.1,HHD
2.916,-0.2,0.2,HHD
3.06,0,0.3,HHD
3.24,0.1,0.4,HHD
2.772,-0.1,-0.2,HHD
3.348,0.2,-1,HHD
3.06,-0.1,-0.3,HHD
2.376,-0.2,0.1,HHD
2.736,0.1,0.1,HHD
3.924,0.3,0.2,HHD
3.384,-0.2,-0.1,HHD
4.356,0.3,0.7,HHD
4.788,0.1,-0.3,HHD
5.112,0.1,-0.1,HHD
3.492,-0.5,-0.3,HHD
4.788,0.4,-0.7,HHD
1.764,-0.8,-0.5,HHD
3.744,0.6,-0.1,HHD
2.7,-0.3,-0.6,HHD
2.196,-0.1,-0.4,HHD
3.528,0.4,-0.6,HHD
5.112,0.4,0.5,HHD
5.076,0,-0.1,HHD
5.004,0,0.3,HHD
5.796,0.2,0.9,HHD
5.256,-0.2,0.3,HHD
0,-1.5,-0.2,HHD
4.788,1.3,0.1,HHD
0,-1.3,0.3,HHD
0,0,0,HHD
0,0,0,HHD
0,0,0,HHD
0,0,0,HHD
0,0,0,HHD
0,0,0,HHD
2.916,0.8,-1,HHD
2.808,0,-0.7,HHD
3.492,0.2,-0.6,HHD
2.772,-0.2,-0.6,HHD
0,-0.8,0.1,HHD
5.832,1.6,0.5,HHD
7.02,0.3,1,HHD
4.608,-0.7,1.1,HHD
4.896,0.1,0.8,HHD
5.076,0,0.1,HHD
5.292,0.1,0.6,HHD
5.364,0,0.5,HHD
5.544,0.1,0.8,HHD
6.336,0.2,0,HHD
7.524,0.3,-0.4,HHD
7.704,0.1,-0.5,HHD
6.12,-0.4,-1.2,HHD
6.372,0.1,0.1,HHD
7.488,0.3,0,HHD
6.192,-0.4,-0.6,HHD
6.66,0.1,0,HHD
6.192,-0.1,0.1,HHD
6.66,0.1,-0.3,HHD
6.48,-0.1,-0.1,HHD
6.48,0,-0.3,HHD
5.796,-0.2,0.4,HHD
5.688,0,0.4,HHD
5.76,0,0.7,HHD
6.48,0.2,0.2,HHD
5.76,-0.2,-0.3,HHD
6.228,0.1,0.1,HHD
5.832,-0.1,0,HHD
5.796,0,0,HHD
6.588,0.2,0.1,HHD
7.164,0.2,0.2,HHD
7.38,0.1,0.1,HHD
7.776,0.1,-0.1,HHD
8.676,0.3,-0.1,HHD
9.54,0.2,-0.1,HHD
9.18,-0.1,-0.1,HHD
9.864,0.2,-0.1,HHD
8.64,-0.3,-3.9,HHD
8.892,0.1,-0.5,HHD
10.008,0.3,1.3,HHD
10.404,0.1,0.4,HHD
10.116,-0.1,1,HHD
10.296,0,0.3,HHD
9.756,-0.2,0.2,HHD
10.584,0.2,0,HHD
10.728,0,0,HHD
11.232,0.1,0.1,HHD
10.296,-0.3,-0.2,HHD
11.34,0.3,0.1,HHD
11.376,0,-0.4,HHD
9.972,-0.4,-0.4,HHD
11.196,0.3,-0.3,HHD
11.376,0.1,0.1,HHD
11.412,0,-0.9,HHD
12.168,0.2,-0.5,HHD
11.448,-0.2,-0.4,HHD
11.916,0.1,0.3,HHD
10.476,-0.4,0.1,HHD
11.232,0.2,-0.5,HHD
10.692,-0.2,0.5,HHD
12.96,0.6,-0.1,HHD
6.156,-1.9,-1,HHD
8.928,0.8,0.1,HHD
16.056,2,0.7,HHD
12.312,-1,0.2,HHD
13.968,0.5,-0.2,HHD
12.42,-0.4,-0.2,HHD
9.504,-0.8,-0.9,HHD
11.052,0.4,0,HHD
8.496,-0.7,-0.4,HHD
9.108,0.2,1.4,HHD
10.332,0.3,0.4,HHD
10.044,-0.1,0.2,HHD
8.46,-0.4,0.4,HHD
11.232,0.8,0.6,HHD
12.168,0.3,-0.5,HHD
9.072,-0.9,-1.8,HHD
9.072,0,1.2,HHD
9.324,0.1,-0.8,HHD
9.792,0.1,0.9,HHD
11.952,0.6,0.7,HHD
13.716,0.5,0.5,HHD
7.848,-1.6,-0.6,HHD
7.488,-0.1,-0.7,HHD
12.456,1.4,0.6,HHD
13.104,0.2,0.2,HHD
12.744,-0.1,0.3,HHD
12.672,0,1,HHD
12.384,-0.1,0.9,HHD
12.168,-0.1,0,HHD
12.492,0.1,0.4,HHD
12.312,-0.1,-0.8,HHD
12.42,0,-0.1,HHD
12.708,0.1,0.6,HHD
14.112,0.4,0.6,HHD
13.428,-0.2,0.2,HHD
13.716,0.1,0.3,HHD
13.788,0,0.1,HHD
13.608,-0.1,0.1,HHD
14.004,0.1,-0.1,HHD
13.248,-0.2,-0.2,HHD
14.364,0.3,0.3,HHD
14.724,0.1,0.2,HHD
13.5,-0.3,0,HHD
13.752,0.1,0.2,HHD
14.616,0.2,0.2,HHD
14.076,-0.1,0,HHD
13.968,0,0,HHD
12.024,-0.5,-0.3,HHD
12.384,0.1,0.1,HHD
10.116,-0.6,-0.1,HHD
9.072,-0.3,-0.1,HHD
7.02,-0.6,0.2,HHD
3.492,-1,0,HHD
3.672,0.1,0.4,HHD
6.732,0.9,0.2,HHD
4.86,-0.5,-0.1,HHD
7.812,0.8,0.4,HHD
7.632,0,-0.2,HHD
8.244,0.2,0,HHD
10.116,0.5,-0.1,HHD
10.08,0,-0.2,HHD
10.044,0,0.1,HHD
11.376,0.4,0.2,HHD
11.412,0,0.2,HHD
12.096,0.2,-0.2,HHD
11.988,0,0,HHD
13.356,0.4,0.5,HHD
12.312,-0.3,-0.1,HHD
12.204,0,0,HHD
13.68,0.4,0.4,HHD
12.672,-0.3,0.2,HHD
15.336,0.7,-0.1,HHD
13.824,-0.4,0.2,HHD
12.996,-0.2,-0.5,HHD
16.668,1,0.2,HHD
17.748,0.3,0.3,HHD
16.92,-0.2,-0.2,HHD
16.272,-0.2,-0.2,HHD
17.316,0.3,-0.4,HHD
16.452,-0.2,-0.4,HHD
18.756,0.6,1.3,HHD
12.816,-1.7,-1.3,HHD
18.288,1.5,-1.3,HHD
18.468,0,1.2,HHD
17.712,-0.2,-0.3,HHD
17.604,0,0.7,HHD
17.352,-0.1,0.6,HHD
15.876,-0.4,-0.2,HHD
15.408,-0.1,0,HHD
12.456,-0.8,-0.3,HHD
9.468,-0.8,-0.3,HHD
2.808,-1.9,-0.6,HHD
6.336,1,0.3,HHD
5.22,-0.3,0.6,HHD
5.832,0.2,0.7,HHD
8.676,0.8,0.2,HHD
10.404,0.5,-0.2,HHD
11.7,0.4,-0.5,HHD
10.8,-0.3,0.7,HHD
10.296,-0.1,-0.8,HHD
15.624,1.5,0.7,HHD
15.264,-0.1,-0.2,HHD
14.76,-0.1,0.2,HHD
13.68,-0.3,-0.3,HHD
13.716,0,-0.2,HHD
14.724,0.3,0.2,HHD
15.948,0.3,0.3,HHD
16.92,0.3,0.3,HHD
16.632,-0.1,0,HHD
17.676,0.3,0.1,HHD
17.712,0,0.4,HHD
18.072,0.1,0.3,HHD
17.136,-0.3,-0.2,HHD
18.18,0.3,-0.1,HHD
18.288,0,0.1,HHD
18.504,0.1,-0.1,HHD
19.116,0.2,0.2,HHD
18.612,-0.1,-0.3,HHD
18.468,0,0.4,HHD
18.396,0,0.3,HHD
18.756,0.1,0.1,HHD
18.936,0,0.1,HHD
18.9,0,0.1,HHD
18.864,0,0.1,HHD
18.72,0,-0.4,HHD
19.62,0.3,-0.4,HHD
19.584,0,0,HHD
19.404,-0.1,0.1,HHD
19.224,0,0.3,HHD
19.116,0,0.5,HHD
18.828,-0.1,0.4,HHD
18.468,-0.1,0,HHD
18.864,0.1,0.2,HHD
18.072,-0.2,0.2,HHD
17.676,-0.1,0.2,HHD
17.568,0,-0.2,HHD
18.432,0.2,0.3,HHD
18.108,-0.1,-1.3,HHD
18,0,-0.6,HHD
18.036,0,0,HHD
17.46,-0.2,-0.2,HHD
15.3,-0.6,-1,HHD
12.708,-0.7,0.8,HHD
13.248,0.2,-0.6,HHD
14.472,0.3,0.1,HHD
16.668,0.6,-0.5,HHD
17.28,0.2,0.2,HHD
16.632,-0.2,-0.7,HHD
16.596,0,-0.3,HHD
16.956,0.1,0.4,HHD
16.488,-0.1,0.1,HHD
16.632,0,0.1,HHD
16.452,0,0.3,HHD
16.344,0,-0.2,HHD
16.416,0,0.5,HHD
16.956,0.2,0,HHD
17.676,0.2,0,HHD
18.756,0.3,0.3,HHD
18.828,0,-0.1,HHD
18.18,-0.2,0,HHD
17.208,-0.3,-0.5,HHD
17.748,0.1,-0.4,HHD
17.604,0,0,HHD
18.216,0.2,0,HHD
18.972,0.2,0.1,HHD
19.476,0.1,-0.1,HHD
21.06,0.4,0.2,HHD
19.224,-0.5,-0.3,HHD
16.344,-0.8,0.2,HHD
17.856,0.1,-0.4,HHD
18.432,0.2,0.1,HHD
18.612,0,1.8,HHD
18.828,0.1,0.4,HHD
17.856,-0.3,0.6,HHD
18.54,0.2,-0.2,HHD
18.648,0,-0.3,HHD
18.828,0.1,-0.2,HHD
18.288,-0.2,-0.1,HHD
16.704,-0.4,0.3,HHD
14.976,-0.5,-0.6,HHD
14.112,-0.2,-0.1,HHD
13.032,-0.3,0.5,HHD
12.312,-0.2,0.6,HHD
11.628,-0.2,0.2,HHD
10.224,-0.4,-0.8,HHD
9.684,-0.2,-0.5,HHD
9.72,0,-1.1,HHD
10.296,0.2,0.4,HHD
8.892,-0.4,-0.2,HHD
11.052,0.6,-0.4,HHD
9.432,-0.5,-0.6,HHD
10.512,0.3,-0.1,HHD
12.996,0.7,-0.8,HHD
13.14,0,-0.3,HHD
13.968,0.2,0.6,HHD
14.436,0.1,-0.4,HHD
17.208,0.8,1.5,HHD
18.468,0.4,-0.4,HHD
18.504,0,-0.3,HHD
18.648,0,0.8,HHD
18.432,-0.1,-0.4,HHD
19.008,0.2,-0.6,HHD
19.116,0,0.7,HHD
19.332,0.1,0.1,HHD
18.396,-0.3,-1.2,HHD
18.864,0.1,-0.3,HHD
19.224,0.1,-0.2,HHD
18.936,-0.1,0,HHD
19.26,0.1,-0.6,HHD
18.936,-0.1,0.2,HHD
18.864,0,-0.7,HHD
19.368,0.1,-0.5,HHD
19.152,-0.1,-0.7,HHD
18.396,-0.2,-0.5,HHD
19.728,0.4,0.3,HHD
19.008,-0.2,0,HHD
19.08,0,-0.2,HHD
17.496,-0.4,0.2,HHD
15.696,-0.5,0.4,HHD
16.884,0.3,1.4,HHD
17.028,0,0.5,HHD
14.976,-0.6,0.9,HHD
13.572,-0.4,-0.2,HHD
10.692,-0.8,-0.1,HHD
8.244,-0.7,-0.1,HHD
11.016,0.8,-0.7,HHD
14.148,0.9,0.5,HHD
15.3,0.3,0.5,HHD
16.704,0.4,-0.2,HHD
16.956,0.1,-0.6,HHD
16.668,-0.1,-0.4,HHD
14.292,-0.7,-0.1,HHD
14.04,-0.1,-0.2,HHD
15.876,0.5,-0.2,HHD
15.804,0,0.5,HHD
16.488,0.2,1,HHD
17.172,0.2,1.2,HHD
17.604,0.1,-0.3,HHD
15.192,-0.7,-0.1,HHD
15.696,0.1,0.7,HHD
17.712,0.6,0.4,HHD
20.34,0.7,-0.2,HHD
18.936,-0.4,0.3,HHD
15.408,-1,2,HHD
10.008,-1.5,-0.4,HHD
14.544,1.3,-0.5,HHD
17.892,0.9,0.1,HHD
17.46,-0.1,0.7,HHD
18.252,0.2,-0.4,HHD
13.788,-1.2,-0.2,HHD
18.612,1.3,0.5,HHD
17.424,-0.3,-0.4,HHD
18.108,0.2,0.8,HHD
18.612,0.1,0.2,HHD
18.216,-0.1,0.1,HHD
17.496,-0.2,-0.3,HHD
18.18,0.2,0.4,HHD
18.504,0.1,-1.4,HHD
18.54,0,-0.2,HHD
20.016,0.4,0.6,HHD
19.908,0,0.1,HHD
20.34,0.1,0.1,HHD
19.512,-0.2,0.2,HHD
18.144,-0.4,-0.1,HHD
18.18,0,-0.1,HHD
19.548,0.4,0,HHD
19.368,0,0.2,HHD
20.088,0.2,0.8,HHD
20.088,0,-0.3,HHD
21.42,0.4,-0.4,HHD
17.856,-1,-0.3,HHD
17.856,0,0.2,HHD
17.82,0,0.2,HHD
21.06,0.9,0.2,HHD
15.552,-1.5,-1.2,HHD
10.188,-1.5,-0.6,HHD
17.316,2,0.8,HHD
17.856,0.2,0.4,HHD
12.816,-1.4,-0.4,HHD
16.668,1.1,0.2,HHD
19.152,0.7,0,HHD
17.244,-0.5,1.8,HHD
17.316,0,0.5,HHD
17.964,0.2,-0.6,HHD
16.668,-0.4,-0.2,HHD
16.596,0,-0.2,HHD
15.264,-0.4,0.2,HHD
15.696,0.1,-0.6,HHD
16.128,0.1,-0.1,HHD
15.048,-0.3,-0.7,HHD
16.2,0.3,-0.4,HHD
15.588,-0.2,-1.5,HHD
16.956,0.4,-0.2,HHD
16.632,-0.1,-0.2,HHD
16.236,-0.1,1.7,HHD
16.992,0.2,0.7,HHD
15.12,-0.5,-0.6,HHD
16.056,0.3,-0.3,HHD
18.504,0.7,0.8,HHD
19.548,0.3,0.3,HHD
17.964,-0.4,-0.1,HHD
17.46,-0.1,0.6,HHD
16.704,-0.2,1.3,HHD
13.284,-1,0.4,HHD
14.688,0.4,-0.2,HHD
15.66,0.3,0.6,HHD
15.984,0.1,0.2,HHD
14.4,-0.4,-1.5,HHD
11.484,-0.8,-1,HHD
14.544,0.9,-0.2,HHD
13.86,-0.2,-0.2,HHD
14.76,0.3,-0.2,HHD
16.488,0.5,-0.4,HHD
17.028,0.2,-0.2,HHD
16.308,-0.2,-0.2,HHD
16.776,0.1,0.4,HHD
16.668,0,0.1,HHD
16.992,0.1,0.3,HHD
16.704,-0.1,0.7,HHD
16.308,-0.1,0,HHD
13.608,-0.8,-0.3,HHD
9.576,-1.1,0,HHD
8.028,-0.4,-0.3,HHD
5.328,-0.8,-0.5,HHD
3.636,-0.5,-0.6,HHD
5.58,0.5,0.3,HHD
6.912,0.4,0.6,HHD
6.516,-0.1,0.1,HHD
10.368,1.1,0.5,HHD
11.34,0.3,-0.8,HHD
13.104,0.5,-0.1,HHD
13.896,0.2,0.3,HHD
14.436,0.2,1.3,HHD
14.76,0.1,-0.1,HHD
14.616,0,-0.2,HHD
14.58,0,-0.1,HHD
15.48,0.3,0.4,HHD
16.416,0.3,0.6,HHD
14.616,-0.5,-0.1,HHD
15.336,0.2,-0.2,HHD
14.436,-0.3,-0.4,HHD
16.02,0.4,0,HHD
14.904,-0.3,0.6,HHD
14.04,-0.2,-0.4,HHD
15.408,0.4,0.1,HHD
15.372,0,0.6,HHD
16.236,0.2,0.8,HHD
13.428,-0.8,0.1,HHD
8.352,-1.4,-0.2,HHD
7.884,-0.1,0.2,HHD
7.776,0,0.2,HHD
6.768,-0.3,-0.5,HHD
6.912,0,-0.3,HHD
7.776,0.2,0,HHD
10.62,0.8,0.1,HHD
11.988,0.4,-0.2,HHD
13.14,0.3,0,HHD
14.436,0.4,0,HHD
14.868,0.1,-0.2,HHD
14.112,-0.2,0.1,HHD
14.184,0,0.1,HHD
16.128,0.5,0.3,HHD
17.604,0.4,1.2,HHD
17.496,0,-0.2,HHD
14.148,-0.9,-1.1,HHD
18.18,1.1,-0.4,HHD
18.612,0.1,-0.4,HHD
18.144,-0.1,-0.2,HHD
16.92,-0.3,-0.6,HHD
15.444,-0.4,0,HHD
16.272,0.2,0.2,HHD
14.436,-0.5,-0.8,HHD
16.632,0.6,-0.6,HHD
16.272,-0.1,-0.3,HHD
16.272,0,-0.9,HHD
16.236,0,-0.1,HHD
18.648,0.7,-0.1,HHD
18.288,-0.1,-0.3,HHD
19.188,0.3,-0.2,HHD
18.792,-0.1,0.7,HHD
17.748,-0.3,0.2,HHD
17.676,0,-0.1,HHD
18.36,0.2,0.1,HHD
18.864,0.1,0.5,HHD
19.044,0,0.1,HHD
16.92,-0.6,0.5,HHD
19.368,0.7,0.5,HHD
19.332,0,0.6,HHD
13.644,-1.6,-0.2,HHD
16.992,0.9,0,HHD
18.36,0.4,0.9,HHD
16.056,-0.6,-1.4,HHD
13.14,-0.8,0.3,HHD
9.432,-1,0.5,HHD
7.992,-0.4,0,HHD
7.632,-0.1,0.3,HHD
6.624,-0.3,0.1,HHD
8.028,0.4,0.1,HHD
10.08,0.6,0.1,HHD
11.7,0.5,-0.5,HHD
12.384,0.2,0,HHD
13.212,0.2,0,HHD
13.356,0,0.6,HHD
13.932,0.2,-0.1,HHD
14.724,0.2,0.2,HHD
13.86,-0.2,0.6,HHD
14.364,0.1,-0.6,HHD
14.904,0.1,-0.6,HHD
15.588,0.2,-0.5,HHD
17.28,0.5,0.4,HHD
17.352,0,-0.1,HHD
18.972,0.4,0.6,HHD
18.684,-0.1,0.6,HHD
18.252,-0.1,-0.9,HHD
16.992,-0.4,1.1,HHD
16.992,0,0.7,HHD
16.992,0,-0.2,HHD
17.784,0.2,0.4,HHD
16.92,-0.2,-0.7,HHD
15.732,-0.3,0.4,HHD
14.904,-0.2,-0.1,HHD
14.436,-0.1,-0.3,HHD
15.408,0.3,0.2,HHD
14.94,-0.1,0.4,HHD
16.884,0.5,-0.4,HHD
18,0.3,-0.1,HHD
18.864,0.2,0.2,HHD
19.152,0.1,-0.2,HHD
19.044,0,-0.2,HHD
18.54,-0.1,-0.9,HHD
18,-0.2,0.1,HHD
17.784,-0.1,0,HHD
17.46,-0.1,-0.1,HHD
16.452,-0.3,0.4,HHD
15.3,-0.3,-0.1,HHD
12.6,-0.8,-0.3,HHD
10.692,-0.5,0.2,HHD
10.08,-0.2,0.1,HHD
11.16,0.3,-0.3,HHD
12.132,0.3,-0.2,HHD
13.824,0.5,0.4,HHD
13.968,0,-0.1,HHD
15.264,0.4,0.1,HHD
15.48,0.1,0,HHD
16.668,0.3,-0.3,HHD
16.344,-0.1,-0.1,HHD
16.524,0,0.2,HHD
16.38,0,-0.2,HHD
15.624,-0.2,-0.2,HHD
11.88,-1,-0.3,HHD
9.864,-0.6,0,HHD
8.244,-0.5,0.2,HHD
7.308,-0.3,0,HHD
7.272,0,-0.4,HHD
6.084,-0.3,-0.3,HHD
5.112,-0.3,-0.1,HHD
3.312,-0.5,-0.1,HHD
1.44,-0.5,-0.1,HHD
0,-0.4,0.3,HHD
0,0,0.4,HHD
0,0,0.1,HHD
0,0,0,HHD
0,0,0.1,HHD
0,0,0,HHD
0,0,0,HHD
0,0,0,HHD
0,0,0.1,HHD
0,0,0,HHD
0,0,0,HHD
0,0,0,HHD
0,0,0,HHD
1.152,0.3,0,HHD
1.656,0.1,-0.4,HHD
1.908,0.1,-0.4,HHD
2.088,0,-0.6,HHD
1.548,-0.2,-0.2,HHD
0,-0.4,0.2,HHD
0,0,0.1,HHD
0,0,0.2,HHD
0,0,0.1,HHD
0,0,0.2,HHD
0,0,0.1,HHD
0,0,0.1,HHD
0,0,0.1,HHD
0,0,0.1,HHD
0,0,0,HHD
0,0,0,HHD
0,0,0,HHD
0,0,0,HHD
0,0,0,HHD
0,0,0,HHD
0,0,0,HHD
0,0,0,HHD
0,0,0,HHD
0,0,0,HHD
0,0,0,HHD
0,0,0,HHD
0,0,0,HHD
0,0,0,HHD
0,0,0,HHD
0,0,0,HHD
0,0,0,HHD
0,0,0,HHD
0,0,0,HHD
0,0,0,HHD
0,0,0,HHD
0,0,0,HHD
0,0,0,HHD
0,0,0,HHD
0,0,0,HHD
0,0,0,HHD
0,0,0,HHD
0,0,0,HHD
0,0,0,HHD
0,0,0,HHD
0,0,0,HHD
0,0,0,HHD
0,0,0,HHD
0,0,0,HHD
1.476,0.4,-0.2,HHD
3.78,0.6,0.1,HHD
4.86,0.3,0.3,HHD
5.76,0.3,-0.2,HHD
6.696,0.3,-0.2,HHD
6.516,-0.1,0.5,HHD
7.092,0.2,-0.2,HHD
6.012,-0.3,-0.1,HHD
7.02,0.3,-0.3,HHD
6.876,0,0.2,HHD
7.236,0.1,0.4,HHD
7.272,0,-0.3,HHD
7.272,0,-0.2,HHD
5.904,-0.4,-0.5,HHD
7.884,0.6,0.1,HHD
8.352,0.1,-0.1,HHD
9.036,0.2,0,HHD
8.568,-0.1,-0.1,HHD
8.928,0.1,0.3,HHD
9.684,0.2,-0.2,HHD
10.872,0.3,0.2,HHD
11.628,0.2,0.1,HHD
12.132,0.1,0.6,HHD
12.528,0.1,-0.1,HHD
13.14,0.2,0.3,HHD
14.112,0.3,0,HHD
13.536,-0.2,-0.7,HHD
14.04,0.1,-0.4,HHD
14.616,0.2,0.5,HHD
15.372,0.2,0.7,HHD
15.264,0,0.1,HHD
16.632,0.4,-0.1,HHD
13.932,-0.8,-0.7,HHD
13.752,-0.1,-0.4,HHD
10.116,-1,1,HHD
9.756,-0.1,0,HHD
9.612,0,0.1,HHD
11.664,0.6,0.1,HHD
12.96,0.4,-0.3,HHD
14.364,0.4,0.2,HHD
15.948,0.4,0.1,HHD
14.652,-0.4,-0.6,HHD
15.372,0.2,-0.4,HHD
17.82,0.7,0.9,HHD
17.172,-0.2,-0.1,HHD
17.964,0.2,0.4,HHD
16.848,-0.3,-1.3,HHD
17.352,0.1,-0.1,HHD
17.604,0.1,-0.5,HHD
17.352,-0.1,-0.3,HHD
16.596,-0.2,-0.1,HHD
16.704,0,-0.4,HHD
15.588,-0.3,-1.1,HHD
14.472,-0.3,0.6,HHD
12.672,-0.5,0.1,HHD
14.832,0.6,-0.1,HHD
16.452,0.5,0.2,HHD
17.136,0.2,0.3,HHD
17.532,0.1,1.1,HHD
17.784,0.1,-0.1,HHD
15.156,-0.7,-0.7,HHD
15.66,0.1,-0.2,HHD
18.684,0.8,0,HHD
19.008,0.1,0.1,HHD
19.224,0.1,0.3,HHD
19.332,0,0.1,HHD
19.26,0,0,HHD
18.108,-0.3,-0.2,HHD
17.676,-0.1,0.3,HHD
17.892,0.1,0.1,HHD
16.92,-0.3,-0.4,HHD
15.3,-0.5,-0.5,HHD
15.804,0.1,-0.4,HHD
13.716,-0.6,-0.5,HHD
10.152,-1,0.2,HHD
6.552,-1,0.2,HHD
5.328,-0.3,-0.1,HHD
5.184,0,0.1,HHD
5.22,0,-0.5,HHD
6.372,0.3,0.3,HHD
8.676,0.6,0.2,HHD
11.772,0.9,0,HHD
12.888,0.3,-0.4,HHD
10.836,-0.6,-0.7,HHD
9.936,-0.3,-1.6,HHD
11.124,0.3,-1,HHD
13.392,0.6,0.7,HHD
15.588,0.6,0.8,HHD
16.344,0.2,0.4,HHD
16.776,0.1,0.5,HHD
16.092,-0.2,0.1,HHD
16.38,0.1,0.5,HHD
16.38,0,0.6,HHD
17.136,0.2,0,HHD
15.336,-0.5,-0.2,HHD
15.876,0.2,-0.7,HHD
16.812,0.3,-0.1,HHD
15.804,-0.3,0.2,HHD
13.536,-0.6,-0.1,HHD
11.772,-0.5,-0.3,HHD
13.32,0.4,-0.2,HHD
12.132,-0.3,0.6,HHD
15.084,0.8,0,HHD
16.992,0.5,-0.5,HHD
17.388,0.1,0.1,HHD
17.136,-0.1,0,HHD
17.496,0.1,0.3,HHD
16.992,-0.1,0.5,HHD
16.236,-0.2,-0.7,HHD
17.424,0.3,0.7,HHD
17.316,0,-0.1,HHD
16.488,-0.2,-0.5,HHD
16.092,-0.1,-0.4,HHD
16.848,0.2,-0.2,HHD
16.776,0,0,HHD
17.46,0.2,0.1,HHD
16.956,-0.1,-0.3,HHD
17.82,0.2,0,HHD
18.396,0.2,0.4,HHD
17.64,-0.2,0.5,HHD
16.272,-0.4,1.2,HHD
13.356,-0.8,0.4,HHD
8.352,-1.4,-0.4,HHD
4.104,-1.2,-0.5,HHD
2.844,-0.4,0.1,HHD
1.512,-0.4,0.3,HHD
4.032,0.7,0.2,HHD
5.256,0.3,0,HHD
5.652,0.1,0.1,HHD
6.768,0.3,0.5,HHD
8.028,0.4,-0.9,HHD
9.468,0.4,-0.7,HHD
8.244,-0.3,0.5,HHD
8.712,0.1,0,HHD
7.56,-0.3,0,HHD
7.848,0.1,0.1,HHD
8.496,0.2,0.2,HHD
7.812,-0.2,-0.1,HHD
11.016,0.9,-0.7,HHD
11.952,0.3,-1.6,HHD
11.232,-0.2,-0.8,HHD
15.48,1.2,-0.2,HHD
16.488,0.3,0.4,HHD
16.884,0.1,0.9,HHD
12.708,-1.2,-1.9,HHD
14.22,0.4,-1.1,HHD
17.928,1,1.4,HHD
18.468,0.1,0.9,HHD
18.36,0,0.2,HHD
18.036,-0.1,0.2,HHD
17.208,-0.2,0.3,HHD
17.244,0,-0.1,HHD
17.82,0.2,0.1,HHD
17.748,0,-0.2,HHD
17.856,0,0.3,HHD
17.424,-0.1,0.1,HHD
17.532,0,0.3,HHD
17.064,-0.1,-0.2,HHD
18.648,0.4,0.7,HHD
17.964,-0.2,-0.1,HHD
17.1,-0.2,-0.2,HHD
18.288,0.3,0.5,HHD
17.784,-0.1,-0.4,HHD
17.28,-0.1,-0.3,HHD
14.112,-0.9,0.1,HHD
14.832,0.2,-0.2,HHD
16.452,0.5,0.9,HHD
15.588,-0.2,-1,HHD
18.36,0.8,0.2,HHD
18.324,0,0.4,HHD
18.252,0,0.7,HHD
18.252,0,0.6,HHD
18.288,0,0,HHD
19.116,0.2,0.5,HHD
18.18,-0.3,0,HHD
17.784,-0.1,-0.4,HHD
18.792,0.3,-0.4,HHD
18.504,-0.1,0.1,HHD
17.64,-0.2,0.6,HHD
16.848,-0.2,0,HHD
15.732,-0.3,0.4,HHD
15.48,-0.1,-0.6,HHD
15.912,0.1,0.5,HHD
14.4,-0.4,-0.6,HHD
17.892,1,-0.3,HHD
18.828,0.3,-0.1,HHD
18.864,0,-0.2,HHD
19.224,0.1,-0.2,HHD
19.836,0.2,0,HHD
19.872,0,0.3,HHD
20.196,0.1,-0.3,HHD
20.016,-0.1,-0.2,HHD
20.196,0.1,-0.3,HHD
20.34,0,-0.3,HHD
20.304,0,0,HHD
20.664,0.1,-0.2,HHD
20.7,0,-0.2,HHD
19.908,-0.2,-0.5,HHD
19.296,-0.2,0.3,HHD
19.26,0,-0.4,HHD
19.764,0.1,0.5,HHD
19.332,-0.1,-0.2,HHD
18.756,-0.2,-0.4,HHD
18.684,0,0.2,HHD
18.792,0,0.2,HHD
19.224,0.1,0,HHD
19.62,0.1,-0.1,HHD
18.9,-0.2,0.3,HHD
17.244,-0.5,-0.1,HHD
16.38,-0.2,0.3,HHD
15.3,-0.3,-0.5,HHD
15.876,0.2,-0.3,HHD
14.976,-0.3,-0.1,HHD
15.3,0.1,-0.1,HHD
14.184,-0.3,0.2,HHD
17.208,0.8,-0.4,HHD
17.712,0.1,-0.3,HHD
18.252,0.2,0.4,HHD
18.504,0.1,0.4,HHD
18.72,0.1,0.4,HHD
18.288,-0.1,0.1,HHD
18.324,0,-0.6,HHD
18.108,-0.1,-0.2,HHD
17.82,-0.1,-0.2,HHD
16.992,-0.2,-0.1,HHD
16.56,-0.1,0.4,HHD
15.84,-0.2,0.2,HHD
13.68,-0.6,-0.1,HHD
14.04,0.1,-0.3,HHD
14.22,0.1,-1,HHD
16.344,0.6,-0.4,HHD
18.108,0.5,0.9,HHD
18.936,0.2,0.7,HHD
18.9,0,0.2,HHD
16.74,-0.6,-0.3,HHD
18.18,0.4,-0.1,HHD
13.968,-1.2,-1.3,HHD
15.804,0.5,0.7,HHD
12.78,-0.8,0.7,HHD
14.22,0.4,-0.1,HHD
13.068,-0.3,-0.4,HHD
13.464,0.1,-1.6,HHD
14.148,0.2,-1.1,HHD
17.316,0.9,-0.2,HHD
15.048,-0.6,-0.5,HHD
15.768,0.2,0.3,HHD
14.004,-0.5,0.4,HHD
8.568,-1.5,1.9,HHD
4.5,-1.1,0.9,HHD
4.572,0,0.3,HHD
4.896,0.1,-0.1,HHD
4.536,-0.1,0.2,HHD
4.752,0.1,0.4,HHD
5.328,0.2,0.2,HHD
5.184,0,0.3,HHD
5.112,0,0.8,HHD
7.416,0.6,-0.3,HHD
8.388,0.3,-0.3,HHD
8.532,0,-0.5,HHD
8.244,-0.1,-0.2,HHD
8.748,0.1,-0.8,HHD
10.44,0.5,-0.3,HHD
11.628,0.3,-0.6,HHD
9.108,-0.7,0.7,HHD
8.82,-0.1,0.1,HHD
10.44,0.5,0.2,HHD
5.04,-1.5,-0.2,HHD
5.688,0.2,-0.2,HHD
12.528,1.9,-0.9,HHD
14.616,0.6,-0.1,HHD
14.076,-0.1,-0.5,HHD
15.84,0.5,-0.2,HHD
16.02,0,-0.2,HHD
16.092,0,0.2,HHD
16.524,0.1,1.2,HHD
17.1,0.2,0,HHD
17.568,0.1,0.3,HHD
17.712,0,-0.4,HHD
18.036,0.1,-0.4,HHD
17.712,-0.1,0.3,HHD
17.28,-0.1,0.3,HHD
17.028,-0.1,-0.1,HHD
16.344,-0.2,0,HHD
16.2,0,0.1,HHD
16.236,0,0.2,HHD
14.724,-0.4,0.4,HHD
12.348,-0.7,0.2,HHD
10.836,-0.4,0.1,HHD
7.416,-1,-1.3,HHD
9.828,0.7,-0.6,HHD
10.728,0.3,-0.1,HHD
12.312,0.4,-0.1,HHD
13.068,0.2,-0.4,HHD
13.716,0.2,0.2,HHD
14.184,0.1,0.4,HHD
13.212,-0.3,0.1,HHD
13.788,0.2,0.3,HHD
13.284,-0.1,-0.4,HHD
13.824,0.2,0.5,HHD
13.284,-0.2,0.1,HHD
13.032,-0.1,-0.2,HHD
12.78,-0.1,0.6,HHD
12.276,-0.1,-1,HHD
12.6,0.1,1.4,HHD
12.564,0,-0.6,HHD
12.564,0,0,HHD
12.06,-0.1,-0.1,HHD
11.196,-0.2,-0.3,HHD
11.376,0.1,-0.1,HHD
11.664,0.1,0.3,HHD
12.384,0.2,0.3,HHD
11.916,-0.1,-0.2,HHD
12.312,0.1,-0.1,HHD
13.176,0.2,0.3,HHD
13.536,0.1,0.3,HHD
13.608,0,0,HHD
14.436,0.2,0.2,HHD
14.112,-0.1,0.1,HHD
14.616,0.1,0.5,HHD
15.084,0.1,0.1,HHD
16.02,0.3,0.4,HHD
12.348,-1,0.6,HHD
12.492,0,-0.1,HHD
12.924,0.1,0.4,HHD
12.564,-0.1,-0.7,HHD
14.904,0.6,-0.4,HHD
15.732,0.2,0.7,HHD
15.66,0,-0.1,HHD
16.452,0.2,-0.7,HHD
15.804,-0.2,-0.3,HHD
15.984,0.1,0.1,HHD
18.36,0.7,0.2,HHD
19.296,0.3,0.2,HHD
19.332,0,-0.2,HHD
19.188,0,-0.3,HHD
19.152,0,-0.4,HHD
19.584,0.1,-0.6,HHD
18.936,-0.2,0.7,HHD
18.684,-0.1,0.1,HHD
18.396,-0.1,-1,HHD
19.008,0.2,0.5,HHD
19.476,0.1,-0.1,HHD
19.368,0,0,HHD
18.432,-0.3,0.7,HHD
17.784,-0.2,0.7,HHD
16.2,-0.4,-0.1,HHD
17.172,0.3,-1.5,HHD
17.82,0.2,-0.2,HHD
18.828,0.3,0.3,HHD
18.432,-0.1,0.2,HHD
19.764,0.4,0.5,HHD
19.656,0,0.5,HHD
19.584,0,1.4,HHD
16.92,-0.7,-0.2,HHD
16.488,-0.1,0.6,HHD
18.792,0.6,0.2,HHD
18.396,-0.1,0.3,HHD
17.892,-0.1,-0.1,HHD
16.992,-0.3,0.1,HHD
16.488,-0.1,0.3,HHD
16.38,0,0.1,HHD
16.812,0.1,-0.4,HHD
17.46,0.2,0.4,HHD
18.036,0.2,-0.2,HHD
18.576,0.2,0,HHD
18.9,0.1,-0.5,HHD
18.576,-0.1,-0.3,HHD
18.432,0,-0.9,HHD
17.604,-0.2,-0.5,HHD
18.036,0.1,0.1,HHD
19.152,0.3,0.3,HHD
17.244,-0.5,-0.1,HHD
18.756,0.4,0.4,HHD
18.864,0,0,HHD
18.36,-0.1,0,HHD
18.504,0,0.4,HHD
18.468,0,0.1,HHD
18,-0.1,-0.4,HHD
18.828,0.2,0,HHD
18.9,0,-0.1,HHD
19.008,0,0.1,HHD
18.792,-0.1,0.4,HHD
19.08,0.1,-0.1,HHD
18.972,0,0.1,HHD
19.692,0.2,-0.1,HHD
19.26,-0.1,0.2,HHD
19.296,0,0.1,HHD
16.848,-0.7,-0.4,HHD
17.604,0.2,0.2,HHD
17.532,0,-0.6,HHD
18.612,0.3,-0.5,HHD
19.044,0.1,0,HHD
19.332,0.1,0.2,HHD
15.264,-1.1,-0.7,HHD
17.496,0.6,-0.7,HHD
18.324,0.2,0.4,HHD
18.36,0,0.8,HHD
17.424,-0.3,0.9,HHD
16.992,-0.1,-0.1,HHD
17.604,0.2,0.2,HHD
18.18,0.2,-0.4,HHD
18.648,0.1,0.3,HHD
15.804,-0.8,-0.1,HHD
18.828,0.8,-0.1,HHD
18.108,-0.2,-0.2,HHD
17.316,-0.2,-1,HHD
19.548,0.6,0.3,HHD
19.296,-0.1,0,HHD
17.856,-0.4,0.1,HHD
17.64,-0.1,-0.1,HHD
17.964,0.1,0.2,HHD
17.784,0,0.4,HHD
18.216,0.1,-0.2,HHD
18.612,0.1,0,HHD
18.792,0,0.8,HHD
18.216,-0.2,0.1,HHD
19.152,0.3,-0.6,HHD
19.404,0.1,0.7,HHD
19.548,0,1.1,HHD
18.54,-0.3,0.8,HHD
17.496,-0.3,0.7,HHD
16.632,-0.2,0.1,HHD
16.812,0,0.5,HHD
16.452,-0.1,-0.4,HHD
17.892,0.4,0.1,HHD
18.396,0.1,0.5,HHD
18.756,0.1,0.5,HHD
18.756,0,0.3,HHD
18.54,-0.1,0,HHD
18.324,-0.1,0.4,HHD
18.144,0,0.3,HHD
17.388,-0.2,0.1,HHD
17.316,0,0.3,HHD
16.488,-0.2,-0.3,HHD
16.704,0.1,0.3,HHD
16.56,0,0.1,HHD
17.136,0.2,0,HHD
17.064,0,-0.6,HHD
16.956,0,-0.6,HHD
17.424,0.1,-0.5,HHD
18.072,0.2,-0.1,HHD
19.008,0.3,-0.2,HHD
17.064,-0.5,-0.2,HHD
18.468,0.4,-0.1,HHD
17.496,-0.3,-0.1,HHD
17.676,0,-0.4,HHD
13.932,-1,-0.6,HHD
15.408,0.4,-0.7,HHD
16.452,0.3,-0.3,HHD
16.884,0.1,-0.7,HHD
18.036,0.3,0.1,HHD
18.396,0.1,-0.9,HHD
18.576,0,-0.2,HHD
18.684,0,0,HHD
18.576,0,0.2,HHD
18.864,0.1,0.4,HHD
18.576,-0.1,-0.3,HHD
18.864,0.1,-0.3,HHD
19.116,0.1,0.1,HHD
19.26,0,0.1,HHD
19.656,0.1,0.2,HHD
20.088,0.1,-0.1,HHD
19.152,-0.3,0.2,HHD
20.016,0.2,-0.1,HHD
19.476,-0.1,-0.4,HHD
20.268,0.2,-0.1,HHD
21.24,0.3,0.1,HHD
21.024,-0.1,-0.1,HHD
20.412,-0.2,-0.2,HHD
20.988,0.2,0,HHD
19.692,-0.4,-0.1,HHD
20.952,0.4,0.1,HHD
20.016,-0.3,0.2,HHD
19.656,-0.1,0.4,HHD
18.864,-0.2,0.4,HHD
17.604,-0.4,-0.2,HHD
18.18,0.2,0.2,HHD
17.964,-0.1,0.4,HHD
17.136,-0.2,0,HHD
16.632,-0.1,0,HHD
16.956,0.1,0,HHD
17.388,0.1,0,HHD
17.748,0.1,0.2,HHD
19.62,0.5,-0.3,HHD
17.928,-0.5,-0.3,HHD
16.56,-0.4,0.1,HHD
14.148,-0.7,0,HHD
13.752,-0.1,-0.9,HHD
12.6,-0.3,-0.6,HHD
16.344,1,-0.2,HHD
9.792,-1.8,0.1,HHD
5.544,-1.2,0,HHD
6.12,0.2,-0.2,HHD
5.436,-0.2,0.1,HHD
7.344,0.5,-0.1,HHD
8.028,0.2,-0.6,HHD
8.784,0.2,0.1,HHD
13.968,1.4,-0.4,HHD
13.932,0,-0.1,HHD
16.452,0.7,0.5,HHD
14.256,-0.6,-0.4,HHD
17.172,0.8,0.2,HHD
15.912,-0.4,-0.9,HHD
17.676,0.5,-0.7,HHD
18.072,0.1,0.3,HHD
17.712,-0.1,-0.1,HHD
18.252,0.2,0.5,HHD
18.324,0,0,HHD
17.64,-0.2,-0.3,HHD
17.82,0,-0.1,HHD
18.036,0.1,-0.6,HHD
19.152,0.3,0.1,HHD
19.152,0,0.3,HHD
19.26,0,0.5,HHD
18.468,-0.2,0.6,HHD
18,-0.1,0.2,HHD
16.74,-0.4,-0.3,HHD
16.344,-0.1,0.5,HHD
16.92,0.2,-0.1,HHD
17.964,0.3,0.2,HHD
18.432,0.1,0.1,HHD
18.576,0,0,HHD
18.9,0.1,-0.4,HHD
19.728,0.2,-0.1,HHD
18.828,-0.3,-0.4,HHD
18.9,0,-0.3,HHD
19.26,0.1,0.1,HHD
19.512,0.1,0.1,HHD
19.404,0,0,HHD
19.44,0,0,HHD
19.296,0,-0.1,HHD
18.936,-0.1,0.4,HHD
18.36,-0.2,0.2,HHD
17.892,-0.1,-0.3,HHD
19.044,0.3,0.3,HHD
18.864,0,-0.4,HHD
19.62,0.2,-0.3,HHD
19.44,0,-0.1,HHD
18.936,-0.1,0.1,HHD
19.008,0,0.1,HHD
18.612,-0.1,-0.2,HHD
18.648,0,-0.1,HHD
18.9,0.1,-0.1,HHD
19.152,0.1,-0.1,HHD
19.152,0,0,HHD
19.26,0,0.2,HHD
18.72,-0.1,0.7,HHD
18.648,0,0.2,HHD
18.756,0,-0.2,HHD
18.792,0,-0.2,HHD
18.756,0,-0.2,HHD
17.82,-0.3,0.2,HHD
17.172,-0.2,0.1,HHD
16.452,-0.2,0.2,HHD
16.308,0,-0.5,HHD
16.92,0.2,-0.2,HHD
17.208,0.1,0.3,HHD
17.208,0,-0.5,HHD
15.984,-0.3,-0.2,HHD
17.784,0.5,-0.4,HHD
18.324,0.1,-0.6,HHD
18.828,0.1,-0.2,HHD
18.828,0,-0.2,HHD
18.36,-0.1,0,HHD
17.64,-0.2,0.2,HHD
16.164,-0.4,-0.3,HHD
16.632,0.1,0.3,HHD
16.596,0,0.3,HHD
16.308,-0.1,0.3,HHD
16.416,0,0.1,HHD
17.136,0.2,0.3,HHD
17.46,0.1,0.4,HHD
17.568,0,0.3,HHD
17.64,0,0.5,HHD
17.46,-0.1,0.3,HHD
16.776,-0.2,0.2,HHD
15.732,-0.3,0.4,HHD
13.284,-0.7,0.2,HHD
12.852,-0.1,0.1,HHD
12.024,-0.2,0.3,HHD
11.196,-0.2,0.4,HHD
11.304,0,0.6,HHD
10.08,-0.3,-0.2,HHD
9.972,0,0.2,HHD
9.432,-0.2,0.3,HHD
8.784,-0.2,0.2,HHD
7.668,-0.3,0.1,HHD
8.28,0.2,0.3,HHD
7.56,-0.2,0.2,HHD
6.588,-0.3,0.4,HHD
5.184,-0.4,0,HHD
6.192,0.3,0.1,HHD
6.66,0.1,0,HHD
6.408,-0.1,0,HHD
6.624,0.1,0.1,HHD
6.444,-0.1,0,HHD
6.624,0.1,-0.4,HHD
6.516,0,-0.3,HHD
6.768,0.1,-0.3,HHD
6.372,-0.1,-0.3,HHD
6.768,0.1,-0.3,HHD
6.588,0,-0.2,HHD
6.192,-0.1,0,HHD
6.048,0,-0.2,HHD
6.264,0.1,-0.2,HHD
6.372,0,-0.2,HHD
6.552,0.1,-0.3,HHD
5.976,-0.2,-0.2,HHD
5.724,-0.1,-0.2,HHD
5.58,0,0,HHD
5.76,0.1,0.1,HHD
6.156,0.1,-0.4,HHD
5.616,-0.2,-0.2,HHD
5.508,0,0,HHD
5.616,0,0.4,HHD
5.04,-0.2,0.2,HHD
4.68,-0.1,0.3,HHD
4.536,0,0.6,HHD
4.968,0.1,0.1,HHD
4.608,-0.1,0.5,HHD
4.752,0,0.1,HHD
5.508,0.2,0.2,HHD
4.68,-0.2,0.2,HHD
4.716,0,0.3,HHD
3.96,-0.2,0.2,HHD
3.456,-0.1,0.2,HHD
3.78,0.1,0.3,HHD
2.16,-0.5,0.2,HHD
0,-0.6,-0.1,HHD
0.612,0.2,0.1,HHD
0,-0.2,-0.2,HHD
0,0,-0.1,HHD
0,0,0.1,HHD
0,0,0.1,HHD
0.792,0.2,-0.1,HHD
3.024,0.6,0.5,HHD
3.348,0.1,-0.2,HHD
4.14,0.2,0.2,HHD
3.888,-0.1,-0.3,HHD
3.492,-0.1,-0.4,HHD
3.096,-0.1,0.1,HHD
3.636,0.2,-0.1,HHD
2.808,-0.2,-0.1,HHD
0,-0.8,-0.1,HHD
0,0,-0.1,HHD
3.096,0.9,-0.1,HHD
4.392,0.4,0,HHD
6.948,0.7,-1.2,HHD
7.236,0.1,-0.7,HHD
2.844,-1.2,0.2,HHD
3.996,0.3,-0.4,HHD
2.916,-0.3,0.2,HHD
3.168,0.1,-0.4,HHD
2.7,-0.1,-0.1,HHD
3.42,0.2,0,HHD
2.7,-0.2,-0.4,HHD
3.024,0.1,-0.3,HHD
2.952,0,0.1,HHD
3.492,0.2,0,HHD
3.096,-0.1,0,HHD
3.96,0.2,0.3,HHD
3.24,-0.2,-0.3,HHD
3.024,-0.1,-0.3,HHD
2.412,-0.2,0.7,HHD
1.332,-0.3,0,HHD
0,-0.4,0.3,HHD
0,0,0,HHD
0,0,0.2,HHD
0,0,0.4,HHD
0,0,0.2,HHD
0,0,0.1,HHD
0,0,0.1,HHD
0,0,0.1,HHD
0,0,0,HHD
0,0,0,HHD
0,0,0,HHD
0,0,0,HHD
0,0,0,HHD
0,0,0.1,HHD
0,0,0,HHD
0,0,0,HHD
0,0,0,HHD
0,0,0,HHD
0,0,0,HHD
0,0,0,HHD
0,0,0,HHD
0,0,0,HHD
0,0,0,HHD
0,0,0,HHD
0,0,0,HHD
0.864,0.2,-0.4,HHD
3.024,0.6,0,HHD
5.472,0.7,0,HHD
1.764,-1,-0.6,HHD
3.492,0.5,0,HHD
3.384,0,0.2,HHD
5.184,0.5,0.3,HHD
3.132,-0.6,-0.6,HHD
3.78,0.2,0.5,HHD
3.42,-0.1,0.4,HHD
4.608,0.3,0.4,HHD
3.384,-0.3,-0.5,HHD
4.428,0.3,0.2,HHD
6.408,0.6,0.3,HHD
3.816,-0.7,0.3,HHD
3.564,-0.1,-0.2,HHD
4.536,0.3,0.2,HHD
4.14,-0.1,-0.2,HHD
3.816,-0.1,0.1,HHD
4.068,0.1,-0.3,HHD
4.608,0.2,0.4,HHD
4.788,0.1,-0.2,HHD
4.104,-0.2,-0.1,HHD
5.544,0.4,-0.1,HHD
6.624,0.3,-0.4,HHD
4.644,-0.6,-0.1,HHD
6.516,0.5,0,HHD
5.184,-0.4,-0.3,HHD
5.112,0,-0.2,HHD
5.328,0.1,-0.4,HHD
6.48,0.3,-0.2,HHD
6.012,-0.1,0.2,HHD
7.92,0.5,0,HHD
6.156,-0.5,0,HHD
5.976,-0.1,-0.6,HHD
6.048,0,-0.6,HHD
4.212,-0.5,-0.3,HHD
5.58,0.4,-0.5,HHD
4.176,-0.4,-0.5,HHD
6.048,0.5,0.3,HHD
5.04,-0.3,-0.9,HHD
5.22,0.1,-0.6,HHD
4.716,-0.1,0,HHD
5.832,0.3,0.1,HHD
5.796,0,-0.3,HHD
6.876,0.3,0.1,HHD
2.736,-1.2,-0.8,HHD
5.508,0.8,-0.7,HHD
4.644,-0.2,-0.3,HHD
6.588,0.5,1.3,HHD
4.428,-0.6,-1,HHD
4.896,0.1,0.7,HHD
6.444,0.4,0.6,HHD
5.76,-0.2,0.1,HHD
6.048,0.1,-0.4,HHD
7.74,0.5,1,HHD
7.344,-0.1,0.3,HHD
7.524,0,0.3,HHD
7.524,0,0,HHD
7.452,0,0.8,HHD
7.452,0,1.1,HHD
6.588,-0.2,-1.2,HHD
6.372,-0.1,0.2,HHD
6.696,0.1,0.2,HHD
9.9,0.9,0.8,HHD
9.576,-0.1,0.5,HHD
9.324,-0.1,0.3,HHD
10.476,0.3,0.2,HHD
9.612,-0.2,0,HHD
9.792,0.1,0.3,HHD
10.296,0.1,-0.4,HHD
8.712,-0.4,-0.2,HHD
11.124,0.7,0.2,HHD
9.18,-0.5,-0.7,HHD
10.152,0.3,0.1,HHD
10.368,0.1,-0.6,HHD
10.188,0,0.5,HHD
10.98,0.2,0,HHD
9.648,-0.4,0.1,HHD
11.412,0.5,0.2,HHD
13.428,0.6,1.2,HHD
10.944,-0.7,-0.2,HHD
12.744,0.5,0.5,HHD
12.132,-0.2,-0.2,HHD
12.06,0,-0.4,HHD
12.276,0.1,-0.8,HHD
9.72,-0.7,-1,HHD
11.016,0.4,-0.4,HHD
11.448,0.1,-0.6,HHD
9.972,-0.4,-0.5,HHD
8.064,-0.5,-0.1,HHD
9.36,0.4,-0.6,HHD
11.988,0.7,0,HHD
8.46,-1,0,HHD
10.08,0.5,-0.5,HHD
9.756,-0.1,-0.3,HHD
10.044,0.1,0.2,HHD
8.28,-0.5,0,HHD
8.568,0.1,0.1,HHD
8.028,-0.2,0.3,HHD
8.64,0.2,-0.3,HHD
8.496,0,0.7,HHD
8.172,-0.1,0.4,HHD
7.38,-0.2,-0.4,HHD
8.784,0.4,0.3,HHD
9.072,0.1,0.2,HHD
9.036,0,0.2,HHD
10.116,0.3,0.3,HHD
9.972,0,0.1,HHD
9.18,-0.2,-0.3,HHD
9.936,0.2,0.4,HHD
11.34,0.4,0.3,HHD
9.36,-0.6,0.2,HHD
10.944,0.4,0.5,HHD
10.08,-0.2,-0.2,HHD
9.9,0,-0.5,HHD
11.196,0.4,0.1,HHD
10.764,-0.1,0.2,HHD
11.124,0.1,-0.2,HHD
10.224,-0.3,-0.1,HHD
10.404,0.1,0.2,HHD
9.252,-0.3,-0.7,HHD
11.268,0.6,0.6,HHD
11.484,0.1,-0.4,HHD
11.7,0.1,0.1,HHD
12.852,0.3,0.3,HHD
13.392,0.2,-0.2,HHD
14.04,0.2,-0.4,HHD
11.34,-0.8,-0.5,HHD
12.744,0.4,-0.4,HHD
11.232,-0.4,-0.5,HHD
10.98,-0.1,-0.5,HHD
11.376,0.1,-0.4,HHD
12.06,0.2,-0.9,HHD
12.24,0,-0.4,HHD
12.672,0.1,-0.1,HHD
12.6,0,-0.6,HHD
13.032,0.1,-0.2,HHD
13.32,0.1,0.1,HHD
13.824,0.1,1.3,HHD
13.428,-0.1,0.7,HHD
13.176,-0.1,0.6,HHD
13.068,0,0.5,HHD
13.14,0,0.3,HHD
12.888,-0.1,0,HHD
13.572,0.2,0.3,HHD
15.264,0.5,0.5,HHD
14.112,-0.3,1.1,HHD
14.868,0.2,0.8,HHD
14.04,-0.2,0.7,HHD
12.456,-0.4,-0.7,HHD
14.184,0.5,0.3,HHD
13.824,-0.1,0.2,HHD
13.608,-0.1,0,HHD
14.004,0.1,0.5,HHD
14.364,0.1,0.3,HHD
12.42,-0.5,1,HHD
12.672,0.1,-0.8,HHD
11.88,-0.2,-0.6,HHD
11.736,0,-0.1,HHD
13.248,0.4,0.1,HHD
13.212,0,-0.1,HHD
12.816,-0.1,-0.2,HHD
10.404,-0.7,-0.9,HHD
12.456,0.6,0.3,HHD
12.816,0.1,-0.5,HHD
13.824,0.3,0.2,HHD
13.788,0,0,HHD
12.06,-0.5,0.5,HHD
9.108,-0.8,-0.1,HHD
10.224,0.3,0.2,HHD
11.556,0.4,0.7,HHD
13.176,0.5,-0.7,HHD
4.392,-2.4,0.3,HHD
12.564,2.3,1.1,HHD
12.852,0.1,0.2,HHD
11.52,-0.4,-0.4,HHD
13.356,0.5,-0.5,HHD
13.428,0,0.5,HHD
12.78,-0.2,-0.7,HHD
13.644,0.2,-0.2,HHD
15.12,0.4,0.2,HHD
13.86,-0.4,-0.3,HHD
11.592,-0.6,-0.5,HHD
12.744,0.3,0.4,HHD
12.708,0,0.3,HHD
12.384,-0.1,0.2,HHD
11.844,-0.2,0.2,HHD
12.204,0.1,0.2,HHD
11.412,-0.2,-0.2,HHD
9.288,-0.6,0,HHD
13.212,1.1,-0.1,HHD
13.752,0.2,-0.3,HHD
8.604,-1.4,0.3,HHD
11.232,0.7,-0.6,HHD
18.252,2,2.1,HHD
16.632,-0.5,-0.7,HHD
16.2,-0.1,0.1,HHD
16.38,0,0.2,HHD
18.468,0.6,-0.1,HHD
17.892,-0.2,-0.7,HHD
16.452,-0.4,-0.7,HHD
16.704,0.1,-1,HHD
16.704,0,-0.2,HHD
18.252,0.4,0.5,HHD
17.424,-0.2,-0.9,HHD
19.548,0.6,0.1,HHD
17.892,-0.5,-0.4,HHD
18.144,0.1,-0.3,HHD
16.524,-0.5,-0.2,HHD
16.236,-0.1,-1.4,HHD
19.656,1,0.4,HHD
19.08,-0.2,0,HHD
18.792,-0.1,-1,HHD
18.72,0,-0.1,HHD
18.072,-0.2,0.4,HHD
17.388,-0.2,-0.6,HHD
18.036,0.2,0.5,HHD
19.44,0.4,0.3,HHD
19.404,0,-0.1,HHD
18.756,-0.2,-0.2,HHD
20.412,0.5,0,HHD
19.656,-0.2,-0.4,HHD
19.584,0,-0.2,HHD
17.748,-0.5,0.3,HHD
18,0.1,-0.2,HHD
16.2,-0.5,-0.2,HHD
17.316,0.3,-0.3,HHD
16.416,-0.3,0.1,HHD
17.64,0.3,0,HHD
16.2,-0.4,-1,HHD
15.084,-0.3,1.1,HHD
16.38,0.4,-0.2,HHD
16.92,0.2,0.2,HHD
18,0.3,0.8,HHD
16.596,-0.4,1.6,HHD
16.632,0,1.2,HHD
14.976,-0.5,0.7,HHD
14.832,0,0.3,HHD
15.84,0.3,0.2,HHD
15.948,0,0.3,HHD
15.948,0,0.3,HHD
15.876,0,0.7,HHD
15.696,0,0.1,HHD
15.912,0.1,1.1,HHD
15.768,0,0.6,HHD
15.84,0,0.4,HHD
16.272,0.1,0.3,HHD
16.884,0.2,0.5,HHD
17.964,0.3,0.2,HHD
18.108,0,-0.4,HHD
16.884,-0.3,-0.2,HHD
17.928,0.3,-0.6,HHD
19.224,0.4,-0.2,HHD
19.656,0.1,-0.9,HHD
20.304,0.2,-0.2,HHD
20.016,-0.1,0.1,HHD
20.196,0.1,-0.5,HHD
19.908,-0.1,0.2,HHD
17.496,-0.7,0.6,HHD
17.712,0.1,1,HHD
13.284,-1.2,0,HHD
14.724,0.4,-0.2,HHD
15.732,0.3,-1,HHD
17.028,0.4,0,HHD
18.828,0.5,0.1,HHD
19.656,0.2,0.2,HHD
18.864,-0.2,-0.3,HHD
19.44,0.2,-0.2,HHD
20.016,0.2,0.6,HHD
19.836,0,0.6,HHD
17.892,-0.5,0.6,HHD
14.76,-0.9,-0.8,HHD
14.292,-0.1,-1,HHD
13.068,-0.3,-0.7,HHD
11.952,-0.3,-0.7,HHD
13.284,0.4,1.4,HHD
10.944,-0.7,-0.4,HHD
10.332,-0.2,0.3,HHD
12.852,0.7,-0.5,HHD
11.34,-0.4,0.4,HHD
11.088,-0.1,0.4,HHD
9.936,-0.3,-0.4,HHD
9.072,-0.2,-0.6,HHD
10.08,0.3,0.6,HHD
11.304,0.3,0.6,HHD
8.568,-0.8,-0.4,HHD
11.484,0.8,0.5,HHD
13.572,0.6,1,HHD
13.428,0,0,HHD
14.688,0.4,-0.1,HHD
16.416,0.5,-1,HHD
16.992,0.2,-0.4,HHD
17.244,0.1,-0.9,HHD
17.316,0,0,HHD
19.152,0.5,0.1,HHD
18.756,-0.1,0.5,HHD
18.792,0,0.2,HHD
18.648,0,-0.2,HHD
13.14,-1.5,-0.3,HHD
14.292,0.3,-0.6,HHD
14.796,0.1,-0.2,HHD
19.62,1.3,-0.4,HHD
19.98,0.1,-0.5,HHD
20.232,0.1,-0.1,HHD
19.728,-0.1,-0.4,HHD
19.908,0,0.3,HHD
20.484,0.2,0.2,HHD
19.44,-0.3,-0.4,HHD
20.808,0.4,-0.1,HHD
20.34,-0.1,-0.6,HHD
18.504,-0.5,0.6,HHD
20.412,0.5,0.5,HHD
17.46,-0.8,0.2,HHD
18.468,0.3,-0.3,HHD
18,-0.1,0.1,HHD
17.28,-0.2,-0.6,HHD
17.172,0,0.8,HHD
15.12,-0.6,1.5,HHD
14.22,-0.3,0.6,HHD
16.488,0.6,-0.1,HHD
19.224,0.8,0,HHD
20.088,0.2,0.2,HHD
17.136,-0.8,-0.2,HHD
15.552,-0.4,0.1,HHD
14.148,-0.4,0.6,HHD
11.772,-0.7,0.4,HHD
11.952,0,0.3,HHD
11.7,-0.1,-0.3,HHD
12.24,0.2,-0.5,HHD
7.884,-1.2,0.4,HHD
7.848,0,0.1,HHD
10.8,0.8,0.9,HHD
11.124,0.1,0.5,HHD
12.06,0.3,0.1,HHD
14.22,0.6,1.4,HHD
15.732,0.4,0.7,HHD
17.532,0.5,0.6,HHD
16.488,-0.3,0.4,HHD
18.504,0.6,0.4,HHD
17.46,-0.3,0.5,HHD
15.228,-0.6,-0.9,HHD
16.704,0.4,0.1,HHD
17.1,0.1,-0.8,HHD
17.676,0.2,-0.4,HHD
14.22,-1,-0.4,HHD
15.336,0.3,0.5,HHD
17.388,0.6,0.2,HHD
17.856,0.1,-1.2,HHD
18.252,0.1,0.4,HHD
16.164,-0.6,-2.3,HHD
16.524,0.1,1.3,HHD
16.236,-0.1,-0.1,HHD
13.824,-0.7,0.6,HHD
13.896,0,0.4,HHD
14.04,0,0.4,HHD
19.188,1.4,-0.1,HHD
18.612,-0.2,-1.9,HHD
18.792,0,0.9,HHD
16.704,-0.6,1.4,HHD
17.352,0.2,0.2,HHD
16.596,-0.2,0.9,HHD
18,0.4,-0.3,HHD
20.592,0.7,-0.7,HHD
20.088,-0.1,-1.7,HHD
19.332,-0.2,-1.2,HHD
19.512,0,-0.7,HHD
18.936,-0.2,0.7,HHD
18.36,-0.2,0.2,HHD
16.092,-0.6,-0.3,HHD
19.512,1,-0.6,HHD
20.844,0.4,0,HHD
20.232,-0.2,0,HHD
18.288,-0.5,0.5,HHD
14.94,-0.9,0.8,HHD
16.308,0.4,0.5,HHD
16.344,0,1.2,HHD
14.976,-0.4,1.2,HHD
19.332,0.5,-0.6,HHD
18.54,-0.2,0.2,HHD
16.344,-0.6,0,HHD
19.08,0.8,-0.7,HHD
19.764,0.2,-0.6,HHD
19.764,0,-0.2,HHD
19.512,-0.1,0.3,HHD
18.612,-0.3,1.3,HHD
17.028,-0.4,1,HHD
14.076,-0.8,0.1,HHD
14.616,0.1,0.2,HHD
17.064,0.7,-0.3,HHD
18.432,0.4,0.9,HHD
19.98,0.4,0.4,HHD
20.376,0.1,-0.5,HHD
19.044,-0.4,-0.9,HHD
16.776,-0.6,-0.4,HHD
17.784,0.3,-0.2,HHD
16.38,-0.4,-0.2,HHD
13.176,-0.9,0.1,HHD
12.744,-0.1,-0.5,HHD
14.22,0.4,0.5,HHD
14.544,0.1,-0.2,HHD
13.428,-0.3,1.2,HHD
11.664,-0.5,-0.6,HHD
12.24,0.2,0.5,HHD
13.896,0.5,-0.8,HHD
13.32,-0.2,0.5,HHD
14.508,0.3,-0.4,HHD
13.176,-0.4,0.3,HHD
10.764,-0.7,-1.1,HHD
11.628,0.2,0.7,HHD
12.708,0.3,1.5,HHD
13.104,0.1,0.4,HHD
14.076,0.3,-0.8,HHD
13.32,-0.2,0.2,HHD
13.464,0,0.2,HHD
13.5,0,-1.7,HHD
13.356,0,0.8,HHD
9.612,-1,-0.3,HHD
8.208,-0.4,0.6,HHD
8.352,0,0.5,HHD
8.784,0.1,-0.3,HHD
10.224,0.4,-0.7,HHD
12.492,0.6,0.5,HHD
13.5,0.3,-0.2,HHD
14.724,0.3,0.3,HHD
15.012,0.1,-0.7,HHD
15.12,0,-0.1,HHD
16.272,0.3,-0.3,HHD
16.884,0.2,-0.5,HHD
16.308,-0.2,-0.6,HHD
17.532,0.3,-0.2,HHD
15.984,-0.4,-0.8,HHD
16.38,0.1,0,HHD
16.272,0,-0.5,HHD
15.624,-0.2,-0.2,HHD
18.468,0.8,-0.3,HHD
16.272,-0.6,0.2,HHD
16.56,0.1,-2.9,HHD
15.516,-0.3,-0.7,HHD
15.012,-0.1,-1.2,HHD
15.264,0.1,-0.1,HHD
12.996,-0.6,0.4,HHD
10.08,-0.8,0.6,HHD
10.188,0,1,HHD
10.008,-0.1,0.6,HHD
9.684,-0.1,-0.3,HHD
10.044,0.1,-0.2,HHD
11.592,0.4,1.1,HHD
11.16,-0.1,1.8,HHD
13.536,0.7,-0.1,HHD
13.824,0.1,0.6,HHD
12.996,-0.2,1.2,HHD
13.212,0.1,0.2,HHD
13.212,0,-0.3,HHD
11.844,-0.4,0.8,HHD
12.096,0.1,-0.1,HHD
12.996,0.3,-2.5,HHD
15.48,0.7,0.2,HHD
15.876,0.1,-1.4,HHD
16.344,0.1,-1.3,HHD
14.58,-0.5,0.1,HHD
14.94,0.1,-0.1,HHD
13.644,-0.4,-0.5,HHD
13.752,0,0.4,HHD
14.58,0.2,-0.5,HHD
15.696,0.3,-0.4,HHD
14.976,-0.2,-1.3,HHD
16.74,0.5,0.1,HHD
18.072,0.4,0,HHD
19.764,0.5,-1.7,HHD
19.224,-0.2,-1,HHD
18.792,-0.1,-1.1,HHD
18.684,0,-1.3,HHD
18.468,-0.1,-0.3,HHD
18.828,0.1,-0.9,HHD
19.26,0.1,-0.5,HHD
18.216,-0.3,-0.2,HHD
18.612,0.1,0.1,HHD
18.072,-0.2,0.2,HHD
16.74,-0.4,-1.5,HHD
17.532,0.2,-0.6,HHD
18.144,0.2,0,HHD
17.82,-0.1,0.1,HHD
18.828,0.3,-0.3,HHD
17.28,-0.4,-1.1,HHD
15.84,-0.4,-0.5,HHD
17.064,0.3,-0.3,HHD
16.992,0,0.1,HHD
15.984,-0.3,-0.2,HHD
15.624,-0.1,0.3,HHD
15.336,-0.1,0.4,HHD
15.768,0.1,-0.1,HHD
17.496,0.5,1.1,HHD
17.388,0,1.4,HHD
18.612,0.3,0.4,HHD
18.432,0,-0.4,HHD
17.784,-0.2,-0.1,HHD
17.28,-0.1,-0.5,HHD
17.28,0,1.3,HHD
18,0.2,1.1,HHD
14.832,-0.9,0.7,HHD
15.156,0.1,0.8,HHD
14.364,-0.2,0.7,HHD
15.264,0.3,0.3,HHD
13.86,-0.4,1.3,HHD
9.324,-1.3,0.9,HHD
9.972,0.2,0.4,HHD
12.06,0.6,-0.2,HHD
14.796,0.8,-1.4,HHD
17.316,0.7,-0.7,HHD
18.072,0.2,-0.5,HHD
17.964,0,-0.5,HHD
17.964,0,-0.8,HHD
18.216,0.1,-0.9,HHD
18.792,0.2,1,HHD
19.224,0.1,0.3,HHD
18.972,-0.1,-1.6,HHD
18.864,0,-0.6,HHD
18.972,0,0.6,HHD
16.272,-0.8,0.7,HHD
12.924,-0.9,0.9,HHD
12.456,-0.1,0,HHD
10.188,-0.6,1,HHD
9,-0.3,-1,HHD
11.124,0.6,0.1,HHD
11.412,0.1,0.8,HHD
13.14,0.5,1,HHD
13.716,0.2,-0.2,HHD
13.896,0,0.2,HHD
13.716,0,0.7,HHD
13.788,0,0.2,HHD
12.852,-0.3,0.9,HHD
12.24,-0.2,-0.4,HHD
10.62,-0.5,-1.2,HHD
9.648,-0.3,-1.2,HHD
9.288,-0.1,0.1,HHD
9.396,0,-0.1,HHD
7.38,-0.6,0,HHD
5.508,-0.5,-0.4,HHD
4.32,-0.3,0.5,HHD
3.132,-0.3,-0.6,HHD
2.016,-0.3,-0.2,HHD
0,-0.6,-0.1,HHD
0,0,-0.3,HHD
0,0,-0.3,HHD
0,0,-0.5,HHD
0,0,-0.4,HHD
1.764,0.5,0.6,HHD
3.024,0.4,2.1,HHD
4.212,0.3,0,HHD
3.204,-0.3,0.2,HHD
2.844,-0.1,-0.4,HHD
2.304,-0.2,0.7,HHD
0.54,-0.5,0,HHD
0,-0.2,0.2,HHD
0,0,0.4,HHD
0,0,0.2,HHD
0,0,0,HHD
0,0,-0.1,HHD
0,0,0,HHD
0,0,-0.1,HHD
0,0,0,HHD
0,0,0,HHD
0,0,-0.1,HHD
0,0,-0.1,HHD
0,0,-0.1,HHD
0,0,-0.4,HHD
0,0,-0.3,HHD
0,0,-0.2,HHD
0,0,0,HHD
0,0,0,HHD
0,0,0.1,HHD
0,0,0,HHD
0,0,0,HHD
0,0,0,HHD
0,0,-0.1,HHD
0,0,0,HHD
0,0,0,HHD
0,0,0,HHD
0,0,0,HHD
0,0,0,HHD
6.624,1.8,-2.8,HHD
5.436,-0.3,-1.4,HHD
6.84,0.4,-1.7,HHD
7.056,0.1,0.2,HHD
7.452,0.1,-1.5,HHD
7.596,0,-0.4,HHD
9,0.4,-0.9,HHD
9.36,0.1,0,HHD
8.676,-0.2,1.4,HHD
10.044,0.4,0.7,HHD
11.088,0.3,-0.5,HHD
13.32,0.6,1.3,HHD
11.448,-0.5,0.5,HHD
12.996,0.4,0.8,HHD
13.032,0,0.9,HHD
13.356,0.1,1,HHD
12.996,-0.1,0.8,HHD
13.932,0.3,0.8,HHD
12.708,-0.3,0.2,HHD
12.744,0,0.7,HHD
10.08,-0.7,0.3,HHD
10.44,0.1,0.8,HHD
11.772,0.4,0.6,HHD
12.564,0.2,-0.2,HHD
13.5,0.3,-0.3,HHD
13.608,0,0,HHD
14.58,0.3,-0.2,HHD
14.832,0.1,0,HHD
14.868,0,0.2,HHD
15.012,0,0,HHD
14.436,-0.2,-0.3,HHD
14.832,0.1,0,HHD
14.688,0,-0.7,HHD
14.94,0.1,0.2,HHD
13.176,-0.5,-1.1,HHD
13.5,0.1,0.3,HHD
14.4,0.3,-1.1,HHD
13.86,-0.2,-0.1,HHD
13.788,0,0.3,HHD
12.204,-0.4,0.4,HHD
12.636,0.1,0.3,HHD
10.008,-0.7,-0.5,HHD
12.312,0.6,0.5,HHD
13.68,0.4,-0.7,HHD
13.32,-0.1,-0.2,HHD
13.896,0.2,0.6,HHD
17.676,1.1,0.3,HHD
15.012,-0.7,0.9,HHD
14.436,-0.2,-0.1,HHD
13.86,-0.2,0,HHD
7.704,-1.7,-0.9,HHD
10.368,0.7,-1.2,HHD
13.392,0.8,0.2,HHD
15.876,0.7,-1.8,HHD
17.424,0.4,-1.2,HHD
16.992,-0.1,0.1,HHD
17.784,0.2,1,HHD
17.244,-0.2,0.5,HHD
16.884,-0.1,-0.7,HHD
17.46,0.2,-0.3,HHD
18.396,0.3,-0.6,HHD
15.696,-0.8,-0.1,HHD
16.092,0.1,-0.1,HHD
15.624,-0.1,0.2,HHD
16.2,0.2,0.3,HHD
14.004,-0.6,1.1,HHD
16.38,0.7,0.4,HHD
17.064,0.2,-0.1,HHD
17.136,0,0.1,HHD
18.684,0.4,0,HHD
16.488,-0.6,0.6,HHD
17.316,0.2,-0.1,HHD
16.74,-0.2,-0.5,HHD
17.244,0.1,0.2,HHD
17.532,0.1,-0.7,HHD
14.688,-0.8,0,HHD
15.336,0.2,0.3,HHD
16.668,0.4,-0.2,HHD
18.36,0.5,-0.5,HHD
19.98,0.5,0.2,HHD
19.368,-0.2,-0.1,HHD
17.856,-0.4,-0.3,HHD
17.928,0,0.2,HHD
18.18,0.1,-0.7,HHD
16.2,-0.6,-0.5,HHD
17.784,0.4,-0.1,HHD
19.152,0.4,1.5,HHD
16.92,-0.6,-0.1,HHD
18.396,0.4,0.2,HHD
18.864,0.1,0.6,HHD
18.396,-0.1,0.3,HHD
18.072,-0.1,-0.2,HHD
17.1,-0.3,-0.8,HHD
15.048,-0.6,-0.4,HHD
12.456,-0.7,0.2,HHD
15.192,0.8,0.5,HHD
16.236,0.3,0.9,HHD
16.344,0,0.2,HHD
18.108,0.5,0.5,HHD
17.712,-0.1,1.1,HHD
16.956,-0.2,0,HHD
16.308,-0.2,-0.1,HHD
16.668,0.1,-0.4,HHD
15.696,-0.3,0,HHD
13.716,-0.6,0.6,HHD
13.932,0.1,0.5,HHD
15.696,0.5,-0.2,HHD
16.776,0.3,-0.1,HHD
17.136,0.1,-0.4,HHD
19.584,0.7,-0.9,HHD
19.656,0,-2.4,HHD
17.1,-0.7,-0.8,HHD
17.424,0.1,-1.2,HHD
20.916,1,-1.1,HHD
18.576,-0.6,-0.6,HHD
19.944,0.4,2,HHD
19.584,-0.1,-0.7,HHD
18.936,-0.2,0.8,HHD
19.116,0,-1.7,HHD
17.496,-0.4,0.7,HHD
18,0.1,0.1,HHD
19.044,0.3,0.5,HHD
18.684,-0.1,1.1,HHD
20.412,0.5,-0.1,HHD
20.232,0,0,HHD
18.792,-0.4,-0.4,HHD
18.684,0,-0.3,HHD
17.208,-0.4,-0.3,HHD
18.108,0.3,0.1,HHD
19.548,0.4,1.1,HHD
19.116,-0.1,0.1,HHD
18.72,-0.1,1.1,HHD
16.272,-0.7,-0.3,HHD
14.472,-0.5,0.2,HHD
16.596,0.6,0.4,HHD
17.46,0.2,0.2,HHD
18,0.2,0.2,HHD
17.496,-0.1,-0.2,HHD
17.568,0,-0.5,HHD
18.504,0.3,-0.2,HHD
18.36,0,-0.8,HHD
19.584,0.3,-1.4,HHD
19.944,0.1,0.1,HHD
20.268,0.1,-0.8,HHD
19.08,-0.3,-0.5,HHD
19.44,0.1,-0.3,HHD
18.432,-0.3,0.9,HHD
18.576,0,0.6,HHD
16.596,-0.6,0,HHD
18.288,0.5,-0.1,HHD
17.964,-0.1,-0.1,HHD
19.224,0.4,-0.3,HHD
19.764,0.2,-0.1,HHD
20.016,0.1,0,HHD
21.024,0.3,0.5,HHD
20.736,-0.1,0,HHD
20.844,0,-0.1,HHD
21.096,0.1,0.2,HHD
20.916,-0.1,0,HHD
20.376,-0.1,0.2,HHD
20.088,-0.1,-0.2,HHD
19.332,-0.2,-0.3,HHD
19.224,0,0.1,HHD
19.188,0,-0.6,HHD
17.64,-0.4,-0.3,HHD
15.912,-0.5,-0.8,HHD
16.812,0.3,-0.4,HHD
17.172,0.1,0.8,HHD
18.36,0.3,-0.5,HHD
18.036,-0.1,-0.2,HHD
19.62,0.4,0.3,HHD
19.476,0,-0.3,HHD
19.8,0.1,0.5,HHD
19.62,0,0.2,HHD
19.332,-0.1,-0.3,HHD
20.16,0.2,0.2,HHD
20.016,0,-0.2,HHD
20.088,0,-0.3,HHD
19.656,-0.1,0.2,HHD
19.908,0.1,-0.1,HHD
20.052,0,-0.5,HHD
19.764,-0.1,-0.5,HHD
19.764,0,-0.1,HHD
21.168,0.4,-0.3,HHD
21.384,0.1,0.3,HHD
21.096,-0.1,0,HHD
21.672,0.2,0.1,HHD
21.348,-0.1,-0.4,HHD
21.132,-0.1,-0.8,HHD
19.584,-0.4,-0.1,HHD
18,-0.4,-0.7,HHD
18.396,0.1,-0.2,HHD
19.44,0.3,-0.2,HHD
20.124,0.2,0.7,HHD
19.62,-0.1,-0.7,HHD
19.404,-0.1,1.1,HHD
17.388,-0.6,0,HHD
16.812,-0.2,-0.1,HHD
18.756,0.5,0.1,HHD
18.648,0,0.2,HHD
21.456,0.8,-0.6,HHD
20.916,-0.2,-0.2,HHD
19.512,-0.4,-0.3,HHD
18.936,-0.2,0,HHD
18.108,-0.2,-0.7,HHD
21.168,0.9,0.7,HHD
21.42,0.1,0.2,HHD
20.556,-0.2,0.2,HHD
21.348,0.2,-0.1,HHD
21.492,0,0.3,HHD
19.944,-0.4,2.5,HHD
21.204,0.4,1.4,HHD
19.8,-0.4,0.4,HHD
18.864,-0.3,0.5,HHD
21.204,0.6,0.2,HHD
19.584,-0.4,-0.3,HHD
19.476,0,-1,HHD
19.728,0.1,-0.1,HHD
19.548,-0.1,-1.1,HHD
20.16,0.2,-0.9,HHD
21.528,0.4,-0.9,HHD
22.176,0.2,0.1,HHD
20.844,-0.4,-0.7,HHD
21.744,0.3,0.1,HHD
21.924,0,0,HHD
22.356,0.1,0.7,HHD
22.212,0,0.1,HHD
21.312,-0.3,-0.3,HHD
20.844,-0.1,-0.1,HHD
17.892,-0.8,-0.4,HHD
16.848,-0.3,0,HHD
17.028,0.1,-0.2,HHD
15.264,-0.5,-0.6,HHD
16.92,0.5,-0.4,HHD
18.432,0.4,0.1,HHD
17.928,-0.1,1.1,HHD
17.028,-0.3,0.6,HHD
17.424,0.1,0,HHD
17.352,0,0,HHD
15.984,-0.4,-0.2,HHD
14.328,-0.5,0.7,HHD
12.888,-0.4,0.7,HHD
11.448,-0.4,0.1,HHD
11.412,0,-0.1,HHD
10.764,-0.2,0.8,HHD
10.512,-0.1,0.5,HHD
11.772,0.4,-0.9,HHD
10.728,-0.3,-0.4,HHD
11.628,0.3,-0.5,HHD
11.052,-0.2,-0.3,HHD
12.24,0.3,1.2,HHD
11.592,-0.2,-0.4,HHD
11.268,-0.1,-0.1,HHD
13.248,0.6,0.5,HHD
12.96,-0.1,0.1,HHD
14.148,0.3,0.6,HHD
13.896,-0.1,0.3,HHD
15.192,0.4,0.8,HHD
15.048,0,0.1,HHD
15.084,0,-0.1,HHD
16.272,0.3,-0.1,HHD
12.924,-0.9,0.6,HHD
12.348,-0.2,0.3,HHD
15.768,1,-0.7,HHD
14.76,-0.3,-0.7,HHD
16.128,0.4,0,HHD
17.1,0.3,1,HHD
16.704,-0.1,0.3,HHD
16.992,0.1,0.6,HHD
15.732,-0.4,0,HHD
17.676,0.5,0.2,HHD
18,0.1,0,HHD
15.588,-0.7,-0.4,HHD
16.668,0.3,-0.9,HHD
17.748,0.3,-0.3,HHD
17.964,0.1,-0.2,HHD
19.26,0.4,-0.7,HHD
17.964,-0.4,-1,HHD
17.928,0,0.3,HHD
20.196,0.6,-0.5,HHD
21.672,0.4,-0.9,HHD
21.024,-0.2,0.1,HHD
22.032,0.3,0.4,HHD
21.888,0,1.1,HHD
22.176,0.1,1.3,HHD
19.62,-0.7,0.7,HHD
20.808,0.3,0.7,HHD
20.988,0,0.4,HHD
21.6,0.2,2,HHD
14.76,-1.9,-0.4,HHD
15.84,0.3,0.5,HHD
14.4,-0.4,-0.2,HHD
15.444,0.3,0.9,HHD
17.28,0.5,-0.6,HHD
18.144,0.2,-0.2,HHD
16.308,-0.5,-0.3,HHD
15.84,-0.1,0.5,HHD
16.056,0.1,0.1,HHD
17.64,0.4,-1.1,HHD
18.936,0.4,1.1,HHD
19.116,0,-0.2,HHD
19.188,0,0.2,HHD
20.268,0.3,-1,HHD
20.16,0,0.3,HHD
19.944,-0.1,0.4,HHD
19.368,-0.2,-0.3,HHD
20.484,0.3,0,HHD
20.376,0,0.5,HHD
19.332,-0.3,-1.2,HHD
20.088,0.2,-0.4,HHD
20.304,0.1,-0.3,HHD
20.556,0.1,0.2,HHD
20.448,0,0,HHD
20.268,0,-1.2,HHD
20.376,0,-0.7,HHD
19.944,-0.1,0.1,HHD
16.812,-0.9,-0.9,HHD
17.064,0.1,-0.3,HHD
17.64,0.2,0,HHD
16.704,-0.3,-1.4,HHD
18.792,0.6,0.8,HHD
19.332,0.2,1.2,HHD
18.072,-0.4,-1.2,HHD
17.856,-0.1,0.1,HHD
19.008,0.3,0,HHD
19.872,0.2,0.1,HHD
18.828,-0.3,0.3,HHD
18.756,0,-0.6,HHD
16.236,-0.7,-0.7,HHD
14.4,-0.5,-1.4,HHD
18.072,1,0.8,HHD
16.956,-0.3,1.2,HHD
17.604,0.2,1.5,HHD
17.568,0,0.9,HHD
17.532,0,1,HHD
18.036,0.1,0.8,HHD
16.308,-0.5,-0.5,HHD
15.588,-0.2,-0.4,HHD
16.128,0.2,-1.1,HHD
20.016,1.1,-0.2,HHD
19.26,-0.2,-0.4,HHD
19.764,0.1,0.2,HHD
19.584,0,0,HHD
19.512,0,-0.1,HHD
18.864,-0.2,-0.3,HHD
18.396,-0.1,0,HHD
17.676,-0.2,-0.4,HHD
17.46,-0.1,-0.5,HHD
16.848,-0.2,-1.1,HHD
15.444,-0.4,-0.9,HHD
15.66,0.1,0.4,HHD
15.624,0,-0.3,HHD
13.32,-0.6,0.1,HHD
13.284,0,1.1,HHD
12.528,-0.2,-0.9,HHD
12.6,0,2,HHD
12.024,-0.2,0.6,HHD
13.104,0.3,0,HHD
15.336,0.6,-1.1,HHD
13.86,-0.4,-1.9,HHD
17.964,1.1,-0.2,HHD
18.936,0.3,1.6,HHD
19.224,0.1,1.2,HHD
18.396,-0.2,1.2,HHD
18.648,0.1,0.3,HHD
18.396,-0.1,0.5,HHD
16.128,-0.6,0.2,HHD
18.18,0.6,-0.4,HHD
17.532,-0.2,-0.5,HHD
17.568,0,-0.1,HHD
17.028,-0.1,-0.4,HHD
17.604,0.2,0.4,HHD
13.932,-1,1.1,HHD
14.58,0.2,0,HHD
15.696,0.3,0,HHD
16.632,0.3,-0.6,HHD
13.932,-0.8,-0.9,HHD
15.84,0.5,-0.1,HHD
17.496,0.5,-1.1,HHD
19.116,0.4,0,HHD
17.532,-0.4,-0.6,HHD
17.208,-0.1,0.1,HHD
17.496,0.1,-0.5,HHD
17.424,0,0.1,HHD
18.324,0.3,-0.5,HHD
19.26,0.3,-0.1,HHD
20.52,0.4,0.3,HHD
22.32,0.5,0.7,HHD
22.356,0,0.3,HHD
21.456,-0.3,-0.5,HHD
21.672,0.1,1.1,HHD
21.636,0,0,HHD
21.816,0,-0.7,HHD
22.14,0.1,-0.5,HHD
22.104,0,-0.5,HHD
22.176,0,-0.1,HHD
19.944,-0.6,-0.6,HHD
21.78,0.5,0.1,HHD
22.212,0.1,0,HHD
22.14,0,-0.6,HHD
22.608,0.1,-0.3,HHD
21.78,-0.2,0,HHD
21.636,0,-0.5,HHD
21.816,0,0,HHD
17.316,-1.3,-0.8,HHD
18.108,0.2,-1.3,HHD
21.384,0.9,0.3,HHD
22.032,0.2,0.3,HHD
21.528,-0.1,0.2,HHD
20.88,-0.2,-0.9,HHD
21.78,0.3,0.1,HHD
20.304,-0.4,0.1,HHD
21.96,0.5,0.2,HHD
22.032,0,0.2,HHD
22.608,0.2,0.4,HHD
21.708,-0.3,0.5,HHD
0,0,0,HHD
0,0,0,HHD
0,0,0,HHD
0,0,0,HHD
0,0,0,HHD
0,0,0,HHD
0,0,0,HHD
0,0,0,HHD
0,0,0,HHD
0,0,0,HHD
0,0,0,HHD
0,0,0,HHD
0,0,0,HHD
0,0,0,HHD
0,0,0,HHD
3.06,0.9,0.3,HHD
3.564,0.1,0.4,HHD
4.464,0.3,-0.1,HHD
4.428,0,-0.3,HHD
3.204,-0.3,0.1,HHD
3.384,0,-0.4,HHD
3.78,0.1,-0.3,HHD
4.068,0.1,0.4,HHD
3.564,-0.1,-0.1,HHD
3.528,0,-0.3,HHD
3.168,-0.1,-0.2,HHD
3.204,0,0.1,HHD
6.084,0.8,-0.3,HHD
3.492,-0.7,0.3,HHD
5.976,0.7,0.1,HHD
4.392,-0.4,0,HHD
3.816,-0.2,0.8,HHD
3.06,-0.2,0,HHD
2.556,-0.1,-0.4,HHD
3.24,0.2,0.1,HHD
3.924,0.2,-0.3,HHD
2.448,-0.4,0.3,HHD
3.312,0.2,0,HHD
3.42,0,0.1,HHD
2.484,-0.3,-0.4,HHD
2.556,0,0.3,HHD
2.88,0.1,-0.9,HHD
3.744,0.2,-0.1,HHD
4.5,0.2,-0.3,HHD
2.916,-0.4,0.2,HHD
2.808,0,-0.2,HHD
4.716,0.5,-0.5,HHD
4.824,0,0.4,HHD
6.336,0.4,0.9,HHD
8.748,0.7,0.2,HHD
7.452,-0.4,0.1,HHD
8.46,0.3,0.6,HHD
7.812,-0.2,0.2,HHD
7.992,0.1,0.4,HHD
7.74,-0.1,0.2,HHD
7.056,-0.2,0,HHD
6.84,-0.1,0.3,HHD
5.436,-0.4,0.2,HHD
2.988,-0.7,0.1,HHD
2.52,-0.1,-0.5,HHD
2.376,0,0.5,HHD
4.464,0.6,0.2,HHD
3.528,-0.3,-0.1,HHD
3.312,-0.1,0.3,HHD
5.364,0.6,-0.3,HHD
4.896,-0.1,-0.2,HHD
8.172,0.9,0,HHD
6.732,-0.4,-0.1,HHD
8.352,0.5,0.5,HHD
9.108,0.2,-0.3,HHD
10.332,0.3,0,HHD
12.312,0.6,0,HHD
12.672,0.1,0,HHD
12.78,0,0.3,HHD
12.42,-0.1,0.1,HHD
12.708,0.1,-0.1,HHD
12.636,0,0.2,HHD
12.672,0,-0.3,HHD
12.42,-0.1,-0.2,HHD
13.068,0.2,0.8,HHD
13.032,0,0.2,HHD
12.24,-0.2,-0.3,HHD
12.168,0,-0.2,HHD
12.312,0,-0.3,HHD
12.636,0.1,-0.1,HHD
13.284,0.2,-0.6,HHD
13.608,0.1,-0.3,HHD
13.5,0,-0.2,HHD
13.392,0,0.1,HHD
13.248,0,-0.8,HHD
13.5,0.1,-0.2,HHD
13.788,0.1,-0.2,HHD
13.824,0,-0.3,HHD
14.04,0.1,-0.7,HHD
14.22,0.1,0.1,HHD
14.004,-0.1,0.3,HHD
14.184,0,-0.2,HHD
14.76,0.2,-0.5,HHD
15.228,0.1,-0.4,HHD
15.804,0.2,-0.6,HHD
15.912,0,-0.1,HHD
15.228,-0.2,0,HHD
14.76,-0.1,0.2,HHD
13.896,-0.2,-0.3,HHD
14.904,0.3,0.3,HHD
15.516,0.2,-0.1,HHD
16.308,0.2,0,HHD
17.244,0.3,0.1,HHD
15.984,-0.4,0,HHD
16.56,0.2,0.5,HHD
16.38,0,0.4,HHD
16.2,0,0.1,HHD
16.164,0,0,HHD
16.488,0.1,0.1,HHD
17.28,0.2,0,HHD
18.144,0.2,-0.2,HHD
17.1,-0.3,-3.8,HHD
18.036,0.3,0.2,HHD
18.036,0,0.9,HHD
16.812,-0.3,0.6,HHD
17.172,0.1,1.2,HHD
18.54,0.4,0.3,HHD
18.432,0,1.1,HHD
17.172,-0.4,0.4,HHD
16.56,-0.2,-0.1,HHD
16.488,0,0.1,HHD
17.1,0.2,0.1,HHD
18.288,0.3,0.5,HHD
18.396,0,-0.3,HHD
17.568,-0.2,-0.4,HHD
17.496,0,-0.1,HHD
14.436,-0.9,-0.9,HHD
18.18,1,0,HHD
18.612,0.1,-0.2,HHD
17.82,-0.2,0,HHD
17.64,0,0.2,HHD
17.604,0,1.3,HHD
15.264,-0.6,-0.3,HHD
14.76,-0.1,-1,HHD
17.388,0.7,0.2,HHD
18.036,0.2,-0.1,HHD
17.352,-0.2,0,HHD
17.568,0.1,-0.5,HHD
18.252,0.2,-0.3,HHD
17.424,-0.2,-1.1,HHD
18.216,0.2,0.5,HHD
17.856,-0.1,-0.2,HHD
15.552,-0.6,-0.1,HHD
17.46,0.5,0.7,HHD
17.496,0,1,HHD
18.396,0.3,0.3,HHD
16.56,-0.5,1.3,HHD
17.172,0.2,0.1,HHD
18.504,0.4,-0.1,HHD
18.54,0,0.3,HHD
18.504,0,-0.6,HHD
18.072,-0.1,-0.1,HHD
15.084,-0.8,0.4,HHD
15.336,0.1,-0.5,HHD
14.184,-0.3,-0.4,HHD
15.372,0.3,-0.1,HHD
16.74,0.4,0.3,HHD
15.66,-0.3,-0.6,HHD
15.336,-0.1,-0.8,HHD
18.144,0.8,-0.2,HHD
18,0,0.1,HHD
18.216,0.1,-0.3,HHD
17.568,-0.2,0.7,HHD
17.532,0,0.3,HHD
17.46,0,-0.1,HHD
17.532,0,-0.4,HHD
17.496,0,-0.3,HHD
17.46,0,0,HHD
18.576,0.3,-0.1,HHD
19.584,0.3,0,HHD
18.972,-0.2,0.2,HHD
18.612,-0.1,0.7,HHD
18.72,0,0.7,HHD
17.1,-0.5,-0.1,HHD
17.856,0.2,0.3,HHD
19.44,0.4,0.3,HHD
19.152,-0.1,0.3,HHD
18.864,-0.1,-0.3,HHD
18.432,-0.1,0.3,HHD
17.424,-0.3,0,HHD
16.848,-0.2,0.8,HHD
17.244,0.1,-0.6,HHD
17.136,0,0.5,HHD
15.264,-0.5,0.1,HHD
15.3,0,-0.3,HHD
14.436,-0.2,-0.2,HHD
14.184,-0.1,-0.2,HHD
14.508,0.1,0,HHD
14.328,-0.1,0.1,HHD
12.852,-0.4,-0.5,HHD
14.652,0.5,-4,HHD
14.436,-0.1,-0.3,HHD
15.228,0.2,-0.2,HHD
15.516,0.1,1.1,HHD
15.984,0.1,0.5,HHD
17.244,0.4,0.5,HHD
17.46,0.1,0.4,HHD
17.964,0.1,0.8,HHD
15.12,-0.8,0.2,HHD
14.256,-0.2,0,HHD
18.252,1.1,-0.1,HHD
13.392,-1.4,-0.1,HHD
14.652,0.4,-0.1,HHD
12.24,-0.7,-0.1,HHD
12.852,0.2,-0.3,HHD
12.708,0,-0.7,HHD
14.796,0.6,0.7,HHD
14.616,-0.1,0.1,HHD
14.544,0,1.3,HHD
10.224,-1.2,0.6,HHD
15.552,1.5,0,HHD
15.552,0,0.3,HHD
15.192,-0.1,0.5,HHD
14.328,-0.2,0.6,HHD
13.788,-0.2,0.2,HHD
12.276,-0.4,0.2,HHD
13.068,0.2,0.5,HHD
12.888,0,0.6,HHD
13.644,0.2,0.4,HHD
13.752,0,-0.1,HHD
11.412,-0.7,-0.6,HHD
14.004,0.7,-0.3,HHD
12.42,-0.4,0.8,HHD
13.284,0.2,0.3,HHD
14.508,0.3,-0.5,HHD
14.508,0,0.3,HHD
14.544,0,0.4,HHD
10.656,-1.1,0.4,HHD
12.384,0.5,0.2,HHD
16.992,1.3,0.2,HHD
9.144,-2.2,-3,HHD
11.52,0.7,0.1,HHD
17.784,1.7,0.6,HHD
13.212,-1.3,1.1,HHD
13.032,0,0.3,HHD
16.2,0.9,0,HHD
8.712,-2.1,0.2,HHD
11.412,0.8,0.1,HHD
12.924,0.4,-1.1,HHD
8.928,-1.1,-0.3,HHD
11.196,0.6,-0.9,HHD
12.384,0.3,0.5,HHD
16.272,1.1,-0.3,HHD
15.588,-0.2,0.4,HHD
15.264,-0.1,-0.8,HHD
16.848,0.4,0.6,HHD
19.836,0.8,0.2,HHD
19.26,-0.2,0.3,HHD
17.136,-0.6,0.7,HHD
16.272,-0.2,-0.4,HHD
15.444,-0.2,-0.3,HHD
10.548,-1.4,0.2,HHD
9.468,-0.3,-0.2,HHD
8.46,-0.3,-1.3,HHD
4.896,-1,1,HHD
5.652,0.2,0.6,HHD
7.056,0.4,-1.6,HHD
5.94,-0.3,-0.8,HHD
0,-1.7,0.1,HHD
0,0,-0.1,HHD
0,0,0,HHD
10.008,2.8,-0.8,HHD
0,-2.8,-1.1,HHD
10.188,2.8,-0.2,HHD
11.916,0.5,-0.7,HHD
12.96,0.3,-0.1,HHD
11.412,-0.4,0.3,HHD
6.696,1.9,-0.1,HHD
6.48,-0.1,-3.3,HHD
6.012,-0.1,-2.9,HHD
0,-2.2,2.9,HHD
7.704,2.1,-0.3,HHD
13.464,1.6,-1,HHD
17.532,1.1,-0.5,HHD
19.044,0,1.4,HHD
19.044,0,1.7,HHD
18.612,-0.1,0.3,HHD
19.692,0.3,0.6,HHD
16.56,-0.9,0.2,HHD
18.396,0.5,0.4,HHD
17.1,-0.4,0.7,HHD
15.192,-0.5,-1,HHD
19.836,1.3,1,HHD
17.532,-0.6,0.4,HHD
9.216,-2.3,-0.1,HHD
11.196,0.6,-0.1,HHD
14.4,0.9,1.6,HHD
12.816,-0.4,-0.1,HHD
8.856,-1.1,-0.2,HHD
8.712,0,1.1,HHD
7.272,-0.4,-0.2,HHD
8.604,0.4,-0.1,HHD
10.944,0.7,-0.3,HHD
4.608,-1.8,-0.5,HHD
1.512,-0.9,-1.4,HHD
6.444,1.4,-0.8,HHD
6.264,-0.1,0.8,HHD
16.092,-0.8,0.6,HHD
8.208,-2.2,0.5,HHD
6.516,-0.5,-0.7,HHD
5.472,-0.3,-0.8,HHD
6.552,0.3,-1,HHD
6.876,0.1,-0.7,HHD
12.78,1.6,0.6,HHD
7.884,-1.4,-0.4,HHD
11.628,1,-0.5,HHD
10.512,-0.3,-0.8,HHD
11.16,0.2,-1,HHD
9.936,-0.3,0.8,HHD
9.684,-0.1,-1.2,HHD
7.956,-0.5,-0.6,HHD
12.276,1.2,0.6,HHD
12.924,0.2,2.1,HHD
15.696,0.8,0.1,HHD
16.128,0.1,-0.1,HHD
14.796,-0.4,0.2,HHD
14.004,-0.2,0.7,HHD
12.528,-0.4,1.3,HHD
12.564,0,-0.1,HHD
15.768,0.9,0.2,HHD
17.244,0.4,1.4,HHD
17.532,0.1,0.1,HHD
17.928,0.1,1,HHD
16.92,-0.3,-0.5,HHD
18.576,0.5,0.5,HHD
19.62,0.3,0.5,HHD
18.612,-0.3,0,HHD
18.396,-0.1,0.5,HHD
8.892,-2.6,-0.3,HHD
15.156,1.7,-0.8,HHD
15.768,0.2,0.4,HHD
15.732,0,0.5,HHD
14.508,-0.3,0.1,HHD
16.596,0.6,0.3,HHD
17.316,0.2,-0.3,HHD
18.324,0.3,0.9,HHD
18.936,0.2,-0.5,HHD
19.656,0.2,-0.5,HHD
19.116,-0.2,-0.1,HHD
18.252,-0.2,-1,HHD
18.504,0.1,-0.2,HHD
18.864,0.1,-0.5,HHD
20.34,0.4,-0.7,HHD
12.096,-2.3,-0.6,HHD
12.816,0.2,1.1,HHD
13.392,0.2,0.6,HHD
14.976,0.4,0.2,HHD
16.236,0.4,-0.1,HHD
9.9,-1.8,-0.6,HHD
11.448,0.4,-1.6,HHD
9.576,-0.5,0.2,HHD
11.7,0.6,-0.3,HHD
12.312,0.2,-0.6,HHD
12.708,0.1,1.6,HHD
13.212,0.1,1.6,HHD
14.688,0.4,0.3,HHD
15.012,0.1,-0.4,HHD
18.324,0.9,-0.3,HHD
15.768,-0.7,0.2,HHD
15.156,-0.2,0.3,HHD
11.916,-0.9,0.4,HHD
16.488,1.3,0,HHD
16.632,0,-0.3,HHD
18.288,0.5,-0.1,HHD
16.488,-0.5,-0.2,HHD
15.768,-0.2,0.1,HHD
2.88,0.8,-0.1,HHD
9.72,1.9,-0.3,HHD
0,-2.7,-0.8,HHD
14.22,0.5,1,HHD
14.616,0.1,-0.6,HHD
18.612,1.1,0.9,HHD
18.072,-0.2,0.6,HHD
18.792,0.2,1.1,HHD
4.536,1.3,-0.2,HHD
0,-1.3,-0.1,HHD
0,0,0,HHD
4.392,1.2,-0.3,HHD
7.704,0.9,-1,HHD
10.152,0.7,-1.5,HHD
9.504,-0.2,-0.4,HHD
10.62,0.3,-0.6,HHD
12.348,0.5,-1,HHD
13.104,0.2,-1.2,HHD
13.14,0,-1,HHD
10.728,-0.7,-1.3,HHD
12.708,0.6,0,HHD
12.24,-0.1,-1,HHD
12.312,0,0.3,HHD
11.484,-0.2,1.8,HHD
11.88,0.1,1.9,HHD
12.492,0.2,1.6,HHD
12.528,0,1.5,HHD
12.672,0,1,HHD
11.916,-0.2,1.1,HHD
12.78,0.2,0.8,HHD
6.516,1.8,-0.2,HHD
9.18,0.7,-0.3,HHD
9.36,0.1,-0.5,HHD
10.584,0.3,0,HHD
11.772,0.3,-0.1,HHD
12.744,0.3,0,HHD
12.708,0,1.9,HHD
10.692,-0.6,1.4,HHD
9.864,-0.2,2.5,HHD
9.288,-0.2,-0.4,HHD
10.116,0.2,1.6,HHD
15.48,1.5,0.8,HHD
16.308,0.2,-0.9,HHD
14.976,-0.4,-0.2,HHD
16.092,0.3,0,HHD
12.096,-1.1,1.5,HHD
13.284,0.3,-0.3,HHD
16.416,0.9,0.6,HHD
13.176,-0.9,-1.7,HHD
8.892,-1.2,0.7,HHD
10.8,0.5,-0.1,HHD
11.448,0.2,0.8,HHD
8.64,-0.8,-0.9,HHD
10.728,0.6,0,HHD
8.856,-0.5,-0.6,HHD
16.056,2,-0.5,HHD
17.28,0.3,0.4,HHD
16.884,-0.1,0.6,HHD
14.364,-0.7,-0.5,HHD
16.272,0.5,0.5,HHD
16.272,0,0.6,HHD
12.78,-1,1.3,HHD
16.56,1.1,-0.6,HHD
16.524,0,0.5,HHD
16.02,-0.1,0.4,HHD
12.348,-1,-1,HHD
18.324,1.7,0.1,HHD
15.552,-0.8,-0.7,HHD
16.596,0.3,0.3,HHD
8.172,-2.3,0.8,HHD
10.476,0.6,-0.5,HHD
10.476,0,-0.5,HHD
10.044,-0.1,-0.9,HHD
15.624,1.6,-0.3,HHD
17.496,0.5,0.7,HHD
16.308,-0.3,-1,HHD
18.864,0.7,0.4,HHD
19.548,0.2,-0.1,HHD
15.732,-1.1,-1.4,HHD
18.756,0.8,-1.1,HHD
18.828,0,0.7,HHD
17.676,-0.3,0.6,HHD
15.948,-0.5,-1,HHD
16.632,0.2,-0.1,HHD
18.108,0.4,0.1,HHD
17.748,-0.1,-0.5,HHD
17.568,0,0.2,HHD
15.264,-0.6,-0.6,HHD
16.02,0.2,-0.2,HHD
12.132,-1.1,-2.4,HHD
14.436,0.6,-0.5,HHD
16.164,0.5,0.2,HHD
13.32,-0.8,0,HHD
14.256,0.3,0.6,HHD
15.804,0.4,1.3,HHD
17.46,0.5,0.9,HHD
17.028,-0.1,0.3,HHD
14.256,-0.8,0.4,HHD
16.128,0.5,1.1,HHD
15.696,-0.1,0.7,HHD
15.156,-0.2,1.2,HHD
16.92,0.5,-0.1,HHD
17.64,0.2,0.1,HHD
16.056,-0.4,-1.2,HHD
14.508,-0.4,0.6,HHD
17.064,0.7,-0.5,HHD
16.164,-0.3,-1,HHD
16.74,0.2,-1.2,HHD
12.636,-1.1,1.5,HHD
13.464,0.2,-0.1,HHD
11.052,-0.7,-0.5,HHD
9.36,-0.5,-0.2,HHD
10.8,0.4,0.2,HHD
12.06,0.4,0.8,HHD
11.052,-0.3,-0.5,HHD
10.944,0,0.1,HHD
10.8,0,0.2,HHD
8.208,-0.7,-0.3,HHD
5.868,-0.7,1.3,HHD
6.912,0.3,1.2,HHD
9.252,0.7,-0.1,HHD
8.532,-0.2,-1.1,HHD
10.692,0.6,-0.2,HHD
11.592,0.3,-0.5,HHD
10.944,-0.2,0.5,HHD
12.852,0.5,-0.6,HHD
12.852,0,-0.4,HHD
14.616,0.5,0.6,HHD
15.3,0.2,-1,HHD
18.828,1,0.7,HHD
19.512,0.2,-0.3,HHD
20.268,0.2,0.2,HHD
20.916,0.2,0.5,HHD
17.856,-0.9,-1.5,HHD
16.488,-0.4,0.5,HHD
13.824,-0.7,-1.1,HHD
10.728,-0.9,0.3,HHD
10.368,-0.1,0,HHD
8.676,-0.5,-0.1,HHD
10.512,0.5,-0.2,HHD
11.304,0.2,-0.1,HHD
13.032,0.5,0.3,HHD
13.608,0.2,-0.3,HHD
14.256,0.2,0.1,HHD
11.16,-0.9,-0.6,HHD
14.184,0.8,0.1,HHD
12.312,-0.5,-0.2,HHD
12.564,0.1,-0.1,HHD
11.268,-0.4,0,HHD
11.088,0,0,HHD
10.728,-0.1,0.4,HHD
10.476,-0.1,0.3,HHD
10.368,0,0.5,HHD
7.776,-0.7,0.5,HHD
7.02,-0.2,0.4,HHD
6.948,0,0.5,HHD
6.084,-0.2,0.6,HHD
5.94,0,0.4,HHD
5.868,0,0.5,HHD
6.048,0.1,0.3,HHD
7.128,0.3,0.3,HHD
7.416,0.1,0,HHD
7.488,0,-0.1,HHD
8.1,0.2,0.5,HHD
6.84,-0.4,0,HHD
8.568,0.5,-0.2,HHD
8.568,0,-1.6,HHD
8.388,0,0.1,HHD
8.1,-0.1,0.3,HHD
8.496,0.1,0.1,HHD
9.288,0.2,0.4,HHD
10.332,0.3,0.9,HHD
10.584,0.1,-0.1,HHD
11.124,0.2,0,HHD
11.34,0.1,-0.3,HHD
10.692,-0.2,-0.5,HHD
10.908,0.1,-0.1,HHD
11.484,0.2,0.1,HHD
12.384,0.3,-0.1,HHD
12.636,0.1,0.4,HHD
12.168,-0.1,0.7,HHD
12.78,0.2,-0.2,HHD
13.464,0.2,0.4,HHD
14.112,0.2,0,HHD
12.276,-0.5,-0.3,HHD
14.58,0.6,0.2,HHD
13.284,-0.4,0.5,HHD
13.716,0.1,0.6,HHD
11.124,-0.7,0.1,HHD
9.432,-0.5,0,HHD
10.908,0.4,0.9,HHD
11.376,0.1,1,HHD
12.456,0.3,1.3,HHD
13.032,0.2,0.9,HHD
11.592,-0.4,0.5,HHD
11.376,-0.1,-0.9,HHD
15.12,1,0.9,HHD
15.408,0.1,0.3,HHD
15.732,0.1,-0.1,HHD
16.236,0.1,0.5,HHD
16.488,0.1,-0.6,HHD
15.948,-0.2,-0.6,HHD
15.228,-0.2,-0.1,HHD
14.904,-0.1,0.6,HHD
12.564,-0.6,-0.1,HHD
11.7,-0.2,0.7,HHD
14.58,0.8,0.3,HHD
13.788,-0.2,-0.5,HHD
14.148,0.1,0.2,HHD
14.364,0.1,0.6,HHD
14.292,0,-0.3,HHD
13.896,-0.1,-0.6,HHD
16.38,0.7,-0.6,HHD
15.876,-0.1,0.7,HHD
17.064,0.3,1.2,HHD
14.328,-0.8,0.2,HHD
17.208,0.8,0.6,HHD
18.072,0.2,-0.2,HHD
19.332,0.4,0.2,HHD
19.224,0,1.1,HHD
16.992,-0.6,0,HHD
17.82,0.2,0.8,HHD
16.272,-0.4,0.7,HHD
16.524,0.1,0,HHD
15.372,-0.3,-0.3,HHD
14.832,-0.1,-0.2,HHD
15.192,0.1,-0.4,HHD
12.42,-0.8,0.3,HHD
13.032,0.2,0.4,HHD
14.112,0.3,0.4,HHD
12.708,-0.4,0.1,HHD
11.988,-0.2,-0.2,HHD
11.952,0,0.3,HHD
12.096,0,1.2,HHD
11.772,-0.1,-0.3,HHD
11.052,-0.2,-0.2,HHD
11.772,0.2,0.9,HHD
12.348,0.2,0.8,HHD
6.516,-1.6,-0.7,HHD
12.132,1.6,-1,HHD
13.608,0.4,0.4,HHD
13.284,-0.1,-0.3,HHD
14.904,0.5,0.4,HHD
15.624,0.2,-0.3,HHD
15.732,0,-0.2,HHD
15.372,-0.1,0,HHD
15.3,0,-1.9,HHD
16.596,0.4,-0.3,HHD
15.336,-0.4,-0.3,HHD
18.396,0.9,0.2,HHD
17.604,-0.2,-0.3,HHD
17.496,0,-0.2,HHD
14.256,-0.9,-1.6,HHD
13.932,-0.1,-0.6,HHD
14.544,0.2,0.8,HHD
14.472,0,0.3,HHD
14.724,0.1,-0.1,HHD
14.076,-0.2,-0.5,HHD
14.796,0.2,0.4,HHD
16.308,0.4,0.8,HHD
14.832,-0.4,0,HHD
13.032,-0.5,0,HHD
14.796,0.5,1,HHD
15.48,0.2,-0.7,HHD
15.588,0,0.3,HHD
16.38,0.2,-0.1,HHD
16.128,-0.1,-0.6,HHD
15.408,-0.2,-1.2,HHD
16.956,0.4,0,HHD
17.316,0.1,-0.9,HHD
17.316,0,-0.5,HHD
17.064,-0.1,-0.4,HHD
17.82,0.2,0.3,HHD
18.36,0.1,0.5,HHD
17.964,-0.1,0.2,HHD
18.144,0,0.7,HHD
18.036,0,0.7,HHD
10.368,-2.1,0,HHD
8.964,-0.4,-0.2,HHD
10.116,0.3,0,HHD
11.088,0.3,0.2,HHD
11.52,0.1,0.7,HHD
11.736,0.1,0.2,HHD
10.152,-0.4,-0.8,HHD
10.836,0.2,-0.2,HHD
12.24,0.4,0.2,HHD
13.104,0.2,-0.4,HHD
15.012,0.5,0.5,HHD
16.056,0.3,0.1,HHD
14.58,-0.4,0.8,HHD
16.704,0.6,0.1,HHD
17.064,0.1,0.8,HHD
16.092,-0.3,0,HHD
14.508,-0.4,-0.5,HHD
14.832,0.1,0,HHD
13.788,-0.3,0.3,HHD
12.888,-0.3,0.2,HHD
10.548,-0.7,-1.5,HHD
10.764,0.1,-0.2,HHD
6.804,-1.1,0.6,HHD
6.696,0,0.5,HHD
9.972,0.9,0.2,HHD
11.736,0.5,1.2,HHD
12.096,0.1,0.4,HHD
12.816,0.2,-0.4,HHD
13.572,0.2,0.2,HHD
14.22,0.2,-0.2,HHD
15.084,0.2,-0.3,HHD
15.012,0,-0.4,HHD
15.372,0.1,0,HHD
16.488,0.3,-0.1,HHD
17.1,0.2,0.2,HHD
17.1,0,0.3,HHD
17.028,0,-0.2,HHD
17.172,0,-0.3,HHD
17.208,0,0.3,HHD
16.992,-0.1,0.3,HHD
17.64,0.2,-0.1,HHD
16.128,-0.4,-0.4,HHD
17.784,0.5,0.7,HHD
18.432,0.2,0.5,HHD
18.54,0,0.7,HHD
18.828,0.1,-0.4,HHD
18.792,0,0.3,HHD
19.044,0.1,-0.2,HHD
18.54,-0.1,0.5,HHD
18.792,0.1,0.6,HHD
18.792,0,0.5,HHD
18.468,-0.1,0,HHD
18.18,-0.1,0.8,HHD
17.496,-0.2,0.4,HHD
16.812,-0.2,0.4,HHD
14.724,-0.6,-2.3,HHD
12.96,-0.5,-0.9,HHD
16.092,0.9,0.5,HHD
17.172,0.3,0.1,HHD
17.568,0.1,-1.1,HHD
18.504,0.3,0,HHD
19.404,0.3,0.2,HHD
19.764,0.1,0.3,HHD
19.44,-0.1,0.2,HHD
19.62,0,0.2,HHD
19.584,0,0.1,HHD
19.404,-0.1,0.2,HHD
19.728,0.1,0,HHD
19.044,-0.2,0,HHD
18.288,-0.2,-0.1,HHD
19.26,0.3,-0.1,HHD
20.088,0.2,0.1,HHD
19.584,-0.1,-0.3,HHD
19.08,-0.1,0,HHD
18.396,-0.2,-0.4,HHD
19.836,0.4,-0.3,HHD
20.304,0.1,0.2,HHD
20.592,0.1,-1.2,HHD
20.448,0,-0.4,HHD
20.592,0,-0.8,HHD
20.772,0,-0.3,HHD
19.26,-0.4,0.4,HHD
20.916,0.5,0.2,HHD
20.952,0,-0.8,HHD
21.132,0,0.4,HHD
20.772,-0.1,0,HHD
20.88,0,1.4,HHD
20.988,0,-0.5,HHD
21.204,0.1,0.7,HHD
20.844,-0.1,-1.1,HHD
20.34,-0.1,-0.5,HHD
20.448,0,0,HHD
20.412,0,-0.1,HHD
17.928,-0.7,-0.1,HHD
19.692,0.5,-1,HHD
19.8,0,-0.7,HHD
19.944,0,-0.4,HHD
18.792,-0.3,-1,HHD
17.784,-0.3,0.3,HHD
10.584,-2,-0.1,HHD
10.296,-0.1,-0.4,HHD
12.78,0.7,0.5,HHD
14.256,0.4,0.5,HHD
14.76,0.1,-0.2,HHD
14.4,-0.1,-0.3,HHD
14.868,0.1,-1.7,HHD
15.588,0.2,0.3,HHD
17.1,0.4,0.9,HHD
17.352,0.1,-0.7,HHD
17.604,0.1,-0.1,HHD
17.604,0,-0.1,HHD
17.64,0,-0.1,HHD
17.208,-0.1,0,HHD
19.152,0.5,0.3,HHD
18.792,-0.1,0.8,HHD
14.22,-1.3,0,HHD
18.36,1.2,0.6,HHD
18.396,0,0.7,HHD
18.324,0,0.2,HHD
18,-0.1,-0.4,HHD
18.36,0.1,-0.6,HHD
18.216,0,-0.8,HHD
16.812,-0.4,0.1,HHD
16.452,-0.1,-1.3,HHD
16.308,0,1.5,HHD
12.924,-0.9,0.4,HHD
14.544,0.5,0.2,HHD
9.468,-1.4,-1.2,HHD
8.424,-0.3,-1.7,HHD
8.748,0.1,-0.2,HHD
12.24,1,-1,HHD
13.356,0.3,-0.8,HHD
13.752,0.1,-1.3,HHD
16.596,0.8,0.5,HHD
18.144,0.4,0.6,HHD
17.532,-0.2,0.9,HHD
17.748,0.1,-0.2,HHD
11.736,-1.7,-1.2,HHD
15.156,1,-0.5,HHD
18.396,0.9,0.6,HHD
19.08,0.2,0.8,HHD
18.72,-0.1,0.3,HHD
19.116,0.1,0.2,HHD
19.008,0,1,HHD
17.424,-0.4,0.5,HHD
17.46,0,0.4,HHD
15.192,-0.6,0.5,HHD
13.14,-0.6,0.2,HHD
13.464,0.1,0.4,HHD
13.68,0.1,0.2,HHD
13.896,0.1,0,HHD
13.356,-0.2,0,HHD
11.736,-0.5,-0.3,HHD
12.456,0.2,0.5,HHD
14.364,0.5,0.1,HHD
15.372,0.3,-0.2,HHD
16.776,0.4,-0.2,HHD
16.884,0,-0.6,HHD
16.02,-0.2,-0.4,HHD
16.164,0,0,HHD
15.588,-0.2,-0.4,HHD
14.796,-0.2,0.7,HHD
13.536,-0.4,0.1,HHD
12.132,-0.4,0,HHD
9.18,-0.8,0,HHD
7.308,-0.5,0,HHD
6.588,-0.2,0.2,HHD
5.148,-0.4,0.1,HHD
2.952,-0.6,0.7,HHD
2.952,0,0.2,HHD
3.06,0,0.1,HHD
3.168,0,-0.4,HHD
3.132,0,-0.1,HHD
5.364,0.6,-0.8,HHD
6.3,0.3,-0.8,HHD
6.66,0.1,-1.8,HHD
8.064,0.4,-1.4,HHD
8.316,0.1,-0.5,HHD
8.712,0.1,-0.4,HHD
9.612,0.3,-0.3,HHD
8.892,-0.2,-0.9,HHD
9.54,0.2,-0.7,HHD
9.072,-0.1,-0.1,HHD
10.944,0.5,0,HHD
9.54,-0.4,-0.6,HHD
4.86,-1.3,-1.5,HHD
5.184,0.1,-0.3,HHD
7.74,0.7,-0.5,HHD
5.148,-0.7,-0.2,HHD
8.604,1,0.3,HHD
8.748,0,0,HHD
11.736,0.8,-1,HHD
11.736,0,-0.8,HHD
12.384,0.2,-0.5,HHD
7.344,-1.4,-1.2,HHD
9.756,0.7,1,HHD
14.22,1.2,0.2,HHD
15.156,0.3,-0.4,HHD
15.696,0.2,0.4,HHD
15.012,-0.2,0,HHD
13.068,-0.5,-0.5,HHD
13.104,0,0,HHD
11.124,-0.6,0.5,HHD
13.356,0.6,-0.2,HHD
13.896,0.2,0,HHD
13.752,0,0,HHD
15.588,0.5,-0.4,HHD
16.452,0.2,-0.1,HHD
16.884,0.1,-0.2,HHD
16.56,-0.1,0.3,HHD
15.948,-0.2,0.2,HHD
16.02,0,0.1,HHD
14.94,-0.3,-0.2,HHD
14.328,-0.2,-0.1,HHD
15.156,0.2,0.1,HHD
12.888,-0.6,-1.5,HHD
11.628,-0.4,-0.4,HHD
11.232,-0.1,-0.7,HHD
13.68,0.7,-0.9,HHD
16.524,0.8,1,HHD
16.524,0,-0.5,HHD
15.696,-0.2,0.8,HHD
14.688,-0.3,0.3,HHD
14.76,0,0.3,HHD
12.96,-0.5,-0.3,HHD
12.96,0,-0.4,HHD
13.608,0.2,0.6,HHD
14.832,0.3,1,HHD
16.38,0.4,0.9,HHD
14.832,-0.4,0,HHD
12.564,-0.6,0.7,HHD
12.096,-0.1,-0.7,HHD
12.42,0.1,-0.3,HHD
13.608,0.3,-0.8,HHD
12.06,-0.4,-0.3,HHD
13.752,0.5,0.5,HHD
16.02,0.6,-0.3,HHD
15.228,-0.2,-0.3,HHD
15.768,0.1,-0.2,HHD
14.184,-0.4,-0.9,HHD
14.22,0,0.5,HHD
13.032,-0.3,-0.3,HHD
0,0,-0.1,HHD
0,0,0,HHD
0,0,0,HHD
0,0,0,HHD
10.836,3,-1.4,HHD
10.944,0,-1.5,HHD
11.268,0.1,0.5,HHD
13.212,0.5,1.6,HHD
14.148,0.3,2.1,HHD
16.272,0.6,1.3,HHD
11.88,-1.2,0.4,HHD
12.024,0,0.2,HHD
17.064,1.4,-0.2,HHD
16.632,-0.1,0.6,HHD
0,0,0,HHD
0,0,0,HHD
8.208,-2.5,-3.4,HHD
5.688,-0.7,0.9,HHD
0,-1.6,-0.9,HHD
0,0,-0.3,HHD
0,0,-0.3,HHD
19.044,-0.6,2.3,HHD
17.964,-0.3,1.5,HHD
15.732,-0.6,0.9,HHD
15.732,0,0.8,HHD
14.58,-0.3,0.6,HHD
12.528,-0.6,0.6,HHD
0,0,-0.1,HHD
0,0,0,HHD
0,0,0,HHD
13.104,0.5,-0.5,HHD
15.192,0.6,1.7,HHD
17.388,0.6,3.3,HHD
15.48,-0.5,0.5,HHD
12.204,-0.9,-0.1,HHD
16.596,1.2,0,HHD
16.488,0,0.5,HHD
16.56,0,1.9,HHD
16.812,0.1,1.9,HHD
16.2,-0.2,1,HHD
10.368,-1.6,-0.8,HHD
10.26,0,0,HHD
10.944,0.2,-0.4,HHD
12.276,0.4,-0.4,HHD
16.056,1.1,0.2,HHD
15.156,-0.3,-0.4,HHD
17.856,0.8,-0.2,HHD
13.968,-1.1,1.9,HHD
6.768,-2,-0.6,HHD
5.364,-0.4,0.1,HHD
8.064,0.8,-0.6,HHD
7.56,-0.1,0.1,HHD
5.472,-0.6,0.6,HHD
15.588,2.8,0.9,HHD
14.508,-0.3,0.1,HHD
9.468,-1.4,0.2,HHD
15.12,1.6,0.2,HHD
14.112,-0.3,0.5,HHD
15.948,0.5,0.8,HHD
15.588,-0.1,0.3,HHD
16.452,0.2,0.4,HHD
16.416,0,0.5,HHD
14.4,-0.6,-0.6,HHD
14.724,0.1,-0.3,HHD
12.42,-0.6,-1,HHD
14.796,0.7,0.8,HHD
12.888,-0.5,0.6,HHD
13.68,0.2,1.4,HHD
13.644,0,0.7,HHD
15.048,0.4,0.4,HHD
15.624,0.2,0.5,HHD
16.416,0.2,0.2,HHD
17.676,0.4,0.6,HHD
18.684,0.3,0.2,HHD
17.604,-0.3,0.2,HHD
16.812,-0.2,0.2,HHD
14.832,-0.6,-0.2,HHD
13.032,-0.5,1.5,HHD
12.42,-0.2,0.4,HHD
16.524,1.1,0,HHD
17.352,0.2,1,HHD
15.624,-0.5,0.8,HHD
18.936,0.9,0.8,HHD
18.576,-0.1,0.2,HHD
21.456,0.8,1.1,HHD
19.404,-0.6,0.7,HHD
20.736,0.4,0.1,HHD
20.52,-0.1,-0.6,HHD
20.772,0.1,-0.3,HHD
20.952,0.1,-0.2,HHD
22.176,0.3,0.3,HHD
22.068,0,0.3,HHD
21.312,-0.2,-0.3,HHD
19.8,-0.4,-0.2,HHD
20.88,0.3,0.5,HHD
20.628,-0.1,-0.1,HHD
20.916,0.1,-0.1,HHD
21.06,0,-0.1,HHD
20.952,0,0,HHD
20.916,0,0.1,HHD
20.952,0,0.2,HHD
20.7,-0.1,0.1,HHD
20.556,0,0.1,HHD
20.016,-0.2,0.3,HHD
19.26,-0.2,-0.4,HHD
19.764,0.1,0.3,HHD
19.08,-0.2,0.3,HHD
18.792,-0.1,-0.5,HHD
19.26,0.1,-0.3,HHD
18.504,-0.2,-0.1,HHD
18.972,0.1,0.6,HHD
18.972,0,-0.8,HHD
19.044,0,-0.1,HHD
19.08,0,-0.9,HHD
18.504,-0.2,-0.6,HHD
18.144,-0.1,-0.2,HHD
0,0,0,HHD
0,0,0,HHD
0,0,0,HHD
17.1,1.2,0,HHD
18,0.3,0,HHD
17.496,-0.1,-0.2,HHD
17.784,0.1,-0.1,HHD
10.62,3,-0.5,HHD
0,-3,-0.1,HHD
10.548,2.9,-0.2,HHD
0,-2.9,-0.1,HHD
3.42,1,0,HHD
12.276,2.5,-0.5,HHD
8.496,2.4,-0.9,HHD
0,-2.4,-0.2,HHD
10.224,2.8,-0.7,HHD
11.088,0.2,-0.9,HHD
14.652,0.8,-0.4,HHD
13.968,-0.2,-0.3,HHD
7.992,0.8,-0.8,HHD
12.852,1.4,3.3,HHD
12.564,-0.1,2.1,HHD
10.764,-0.5,3.4,HHD
9.54,-0.3,1.3,HHD
10.332,0.2,0.4,HHD
8.1,-0.6,1.5,HHD
9.828,0.5,1.5,HHD
9.792,0,0.6,HHD
9.144,-0.2,0.1,HHD
8.784,-0.1,-0.4,HHD
8.856,0,0.2,HHD
8.82,0,0.5,HHD
8.46,-0.1,0.2,HHD
0,-2.4,-2.2,HHD
0,0,0,HHD
4.248,1.2,0.3,HHD
0,-1.2,0,HHD
5.796,1.6,0.3,HHD
5.976,0,0.2,HHD
4.068,-0.5,-0.2,HHD
5.328,0.4,-0.3,HHD
7.812,0.7,-0.1,HHD
10.728,0.8,0.1,HHD
12.204,0.4,0.2,HHD
10.404,2.9,-0.5,HHD
11.952,0.4,-1.3,HHD
13.68,0.5,0.1,HHD
14.22,0.2,0.4,HHD
14.148,0,0.2,HHD
9.036,2.5,0,HHD
7.92,-0.3,-0.1,HHD
0,-2.2,-0.3,HHD
10.764,3,-0.2,HHD
0,-3,0,HHD
5.256,1.5,-0.6,HHD
0,-1.5,0,HHD
10.8,3,-1,HHD
0,-3,-0.1,HHD
10.044,2.8,-3.6,HHD
13.032,0.8,0.2,HHD
13.5,0.1,1.7,HHD
10.764,-0.8,0,HHD
10.62,0,0.6,HHD
7.884,-0.8,-0.5,HHD
5.436,-0.7,1.2,HHD
3.744,-0.5,1.8,HHD
9.072,1.5,-0.5,HHD
2.16,-1.9,-1.3,HHD
1.008,-0.3,-1.1,HHD
0.936,0,-0.3,HHD
1.368,0.1,0,HHD
1.224,0,-0.2,HHD
0,-0.3,-0.3,HHD
0,0,0.2,HHD
0,0,0.4,HHD
0,0,0.6,HHD
0,0,-0.1,HHD
0,0,-0.2,HHD
0,0,-0.1,HHD
0,0,-0.3,HHD
0,0,0,HHD
0,0,0.1,HHD
15.228,0.6,-0.3,HHD
14.508,-0.2,-2,HHD
16.308,0.5,1.7,HHD
12.96,-0.9,1.8,HHD
13.104,0,0,HHD
10.764,-0.7,-0.7,HHD
13.14,0.7,-0.3,HHD
11.232,-0.5,-0.2,HHD
11.484,0.1,-0.3,HHD
12.852,0.4,-0.7,HHD
12.96,0,0.6,HHD
13.644,0.2,-0.5,HHD
14.04,0.1,-0.1,HHD
14.544,0.1,0.2,HHD
12.996,-0.4,2,HHD
9.864,-0.9,0.1,HHD
15.804,1.7,0.2,HHD
15.696,0,0.6,HHD
15.156,-0.2,0.1,HHD
14.364,-0.2,0,HHD
14.832,0.1,-0.4,HHD
15.012,0,0.4,HHD
13.86,-0.3,-0.5,HHD
14.76,0.3,-0.4,HHD
14.364,-0.1,1.4,HHD
14.328,0,-0.1,HHD
14.112,-0.1,0.1,HHD
14.328,0.1,-0.1,HHD
14.22,0,-0.2,HHD
13.248,-0.3,-0.1,HHD
12.564,-0.2,-0.2,HHD
12.384,-0.1,-0.1,HHD
11.052,-0.4,0,HHD
8.784,-0.6,-0.6,HHD
7.164,-0.5,-0.1,HHD
5.112,-0.6,-0.3,HHD
7.164,0.6,0.7,HHD
4.608,-0.7,-0.1,HHD
2.088,-0.7,0.5,HHD
1.332,-0.2,0,HHD
2.88,0.4,-0.2,HHD
4.14,0.4,-0.1,HHD
5.256,0.3,0.5,HHD
2.7,-0.7,-0.1,HHD
7.92,1.5,0.4,HHD
8.136,0.1,-0.1,HHD
7.092,-0.3,0,HHD
5.472,-0.5,0.8,HHD
4.896,-0.2,0.3,HHD
4.356,-0.2,-0.2,HHD
7.2,0.8,0.3,HHD
6.516,-0.2,-0.2,HHD
5.148,-0.4,0,HHD
5.976,0.2,0.3,HHD
5.94,0,0.1,HHD
6.516,0.2,0.3,HHD
6.048,-0.1,0.3,HHD
6.192,0,-0.2,HHD
6.372,0.1,0.9,HHD
6.876,0.1,0.3,HHD
3.816,-0.9,-0.5,HHD
6.984,0.9,0.3,HHD
4.356,-0.7,-0.6,HHD
5.04,0.2,0,HHD
3.636,-0.4,-0.4,HHD
6.876,0.9,-0.3,HHD
5.364,-0.4,-0.9,HHD
5.76,0.1,-0.3,HHD
7.74,0.6,-0.1,HHD
5.508,-0.6,-0.7,HHD
6.012,0.1,0.2,HHD
5.616,-0.1,0,HHD
6.768,0.3,0.6,HHD
5.364,-0.4,0.7,HHD
5.328,0,0,HHD
6.336,0.3,0.2,HHD
5.832,-0.1,0,HHD
5.868,0,-0.3,HHD
4.428,-0.4,-0.1,HHD
3.924,-0.1,-0.2,HHD
3.528,-0.1,0.3,HHD
3.636,0,0.2,HHD
4.572,0.3,0.2,HHD
3.996,-0.2,0.2,HHD
2.7,-0.4,0.1,HHD
0,-0.8,0,HHD
0.576,0.2,-1.2,HHD
6.948,1.8,-0.5,HHD
5.04,-0.5,-0.2,HHD
4.644,-0.1,0.4,HHD
5.112,0.1,-0.2,HHD
5.256,0,0.4,HHD
3.24,-0.6,-0.3,HHD
6.696,1,0.4,HHD
3.636,-0.9,-0.4,HHD
4.212,0.2,-0.6,HHD
5.976,0.5,0.4,HHD
5.94,0,-1.6,HHD
3.276,-0.7,0.4,HHD
2.664,-0.2,0.7,HHD
4.896,0.6,0.6,HHD
3.996,-0.3,0.7,HHD
0.828,-0.9,1.6,HHD
5.94,1.4,0,HHD
3.96,-0.6,0.6,HHD
0.684,-0.9,0.1,HHD
0,-0.2,0.8,HHD
0,0,0.1,HHD
0,0,0.4,HHD
0,0,0.4,HHD
0,0,0.7,HHD
0,0,0.7,HHD
0,0,0,HHD
0.612,0.2,0.3,HHD
0,-0.2,0.6,HHD
0,0,0.3,HHD
0,0,0.1,HHD
0.612,0.2,0.4,HHD
0,-0.2,0.1,HHD
2.232,0.6,-0.4,HHD
3.384,0.3,-1,HHD
5.94,0.7,0.9,HHD
3.744,-0.6,1.3,HHD
1.224,-0.7,0.9,HHD
0,-0.3,0.1,HHD
0,0,0.1,HHD
1.476,0.4,0.2,HHD
0,-0.4,-1.1,HHD
0,0,-0.1,HHD
0,0,-0.4,HHD
1.332,0.4,1.6,HHD
0,-0.4,0.6,HHD
0,0,0.7,HHD
2.052,0.6,1.2,HHD
0,-0.6,-0.2,HHD
0,0,0.5,HHD
0,0,-0.3,HHD
0,0,0,HHD
0,0,0.1,HHD
0,0,1.7,HHD
0,0,1.5,HHD
0.864,0.2,0.9,HHD
2.124,0.4,-0.9,HHD
2.412,0.1,0.1,HHD
0.936,-0.4,-1.1,HHD
0.972,0,-0.8,HHD
1.224,0.1,-1.1,HHD
0,-0.3,0.1,HHD
0,0,-0.5,HHD
1.584,0.4,-0.9,HHD
0,-0.4,-1.1,HHD
0,0,-0.4,HHD
1.44,0.4,0.6,HHD
1.116,-0.1,-1.1,HHD
1.62,0.1,0.9,HHD
3.276,0.5,-0.3,HHD
4.104,0.2,0.4,HHD
2.16,-0.5,-0.1,HHD
3.384,0.3,0.6,HHD
4.032,0.2,0,HHD
2.808,-0.3,0.4,HHD
0.864,-0.5,0.3,HHD
2.736,0.5,-0.2,HHD
2.628,0,0,HHD
3.456,0.2,-0.3,HHD
3.456,0,0.1,HHD
2.844,-0.2,-0.4,HHD
2.664,-0.1,-0.1,HHD
0.936,-0.5,0.7,HHD
3.06,0.6,-0.5,HHD
3.276,0.1,-0.2,HHD
0,-0.9,0.2,HHD
0,0,0.3,HHD
2.736,0.8,-0.1,HHD
1.98,-0.2,0,HHD
1.656,-0.1,-0.2,HHD
1.44,-0.1,-0.7,HHD
0,-0.4,0.3,HHD
0,0,-0.3,HHD
0,0,-0.3,HHD
0,0,-0.1,HHD
0,0,0.1,HHD
0,0,-0.4,HHD
0,0,-0.3,HHD
0,0,-0.1,HHD
0,0,0.4,HHD
0,0,-0.1,HHD
0,0,0,HHD
0,0,-0.1,HHD
0,0,0,HHD
0,0,0,HHD
0,0,0,HHD
0,0,0.1,HHD
0,0,0.1,HHD
0.792,0.2,0.9,HHD
2.952,0.6,0,HHD
4.248,0.4,-1.2,HHD
0,-1.2,-0.3,HHD
0,0,0.1,HHD
0,0,-0.1,HHD
0,0,0,HHD
0,0,-0.2,HHD
1.116,0.3,0,HHD
2.844,0.5,0.6,HHD
0,-0.8,-0.4,HHD
0,0,0.2,HHD
2.736,0.8,-0.2,HHD
2.556,-0.1,0.3,HHD
0.9,-0.5,-0.1,HHD
0,-0.3,0.4,HHD
0,0,0.4,HHD
0,0,0.2,HHD
0,0,0.4,HHD
0,0,-0.3,HHD
1.548,0.4,0.5,HHD
0,-0.4,1.1,HHD
2.412,0.7,1.3,HHD
2.592,0,-0.1,HHD
2.592,0,-0.3,HHD
1.152,-0.4,-0.2,HHD
0,-0.3,0,HHD
2.484,0.7,-0.2,HHD
0,-0.7,-1.2,HHD
1.728,0.5,0.2,HHD
1.764,0,1.5,HHD
1.728,0,-0.4,HHD
2.268,0.2,0.3,HHD
0.576,-0.5,0.3,HHD
0,-0.2,-0.1,HHD
0,0,0,HHD
0,0,0.4,HHD
1.62,0.5,-0.4,HHD
2.664,0.3,-0.4,HHD
3.168,0.1,-0.3,HHD
1.728,-0.4,0.8,HHD
0,-0.5,0.3,HHD
2.052,0.6,0.3,HHD
2.916,0.2,0.2,HHD
1.44,-0.4,0.8,HHD
1.908,0.1,0.1,HHD
0,-0.5,0.1,HHD
0,0,0.3,HHD
1.08,0.3,0.7,HHD
0,-0.3,0.2,HHD
0,0,0.1,HHD
0,0,-0.9,HHD
0,0,-0.4,HHD
0,0,0,HHD
0,0,0.3,HHD
0,0,0.1,HHD
0,0,-0.1,HHD
0,0,-0.1,HHD
0,0,-0.1,HHD
0,0,0,HHD
0,0,0,HHD
0,0,0,HHD
0,0,0,HHD
0,0,0,HHD
0,0,0,HHD
0,0,0,HHD
0,0,0,HHD
0,0,0,HHD
0,0,0,HHD
0,0,0,HHD
0,0,0,HHD
0,0,0,HHD
0,0,0,HHD
0,0,0,HHD
0,0,0.1,HHD
0,0,0,HHD
0,0,0,HHD
0,0,0,HHD
0,0,0,HHD
0,0,0,HHD
0,0,0,HHD
0,0,0,HHD
0,0,0,HHD
0,0,0,HHD
0,0,0,HHD
0,0,0,HHD
0,0,0,HHD
0,0,0,HHD
0,0,0,HHD
0,0,0,HHD
0,0,0,HHD
0,0,0,HHD
0,0,0,HHD
0,0,0,HHD
0,0,0,HHD
0,0,0.1,HHD
0,0,0,HHD
0,0,0,HHD
0,0,0,HHD
0,0,0,HHD
0,0,0,HHD
0,0,0,HHD
0,0,0,HHD
0,0,0,HHD
3.312,0.9,0.1,HHD
0,-0.9,-0.3,HHD
1.26,0.4,0.5,HHD
2.484,0.3,0.3,HHD
3.384,0.3,-0.4,HHD
0,-0.9,-0.1,HHD
0,0,0.5,HHD
0,0,0.2,HHD
0,0,0.3,HHD
0,0,0.3,HHD
1.2708,0.1,0,HHD
1.6884,0.1,-0.3,HHD
2.0196,0.1,-0.1,HHD
2.3472,0.1,-0.3,HHD
2.7216,0.1,-0.4,HHD
2.8656,0,-0.3,HHD
3.024,0,-0.3,HHD
3.06,0,-0.3,HHD
2.9484,0,-0.2,HHD
2.7576,-0.1,0,HHD
2.4408,-0.1,0.1,HHD
2.0304,-0.1,0,HHD
1.6992,-0.1,-0.2,HHD
0,-0.5,-0.3,HHD
0,0,-0.5,HHD
0,0,-0.4,HHD
0,0,0,HHD
0,0,0,HHD
0,0,0,HHD
0,0,0,HHD
0,0,0,HHD
0,0,0,HHD
0,0,0,HHD
0,0,0,HHD
0,0,0,HHD
0,0,0,HHD
0,0,0,HHD
0,0,0,HHD
0,0,0,HHD
0,0,0,HHD
0,0,0,HHD
0,0,0,HHD
0,0,0,HHD
0,0,0,HHD
0,0,0,HHD
0,0,0,HHD
0,0,0,HHD
0,0,0,HHD
0,0,0,HHD
0,0,0,HHD
0,0,0,HHD
0,0,0,HHD
0,0,0,HHD
0,0,0,HHD
0,0,0,HHD
0,0,0,HHD
0,0,0,HHD
0,0,0,HHD
0,0,0,HHD
0,0,0,HHD
0,0,0,HHD
0,0,0,HHD
0,0,0,HHD
0,0,0,HHD
0,0,0,HHD
0,0,0,HHD
0,0,0,HHD
0,0,0,HHD
0,0,0,HHD
0,0,0,HHD
0,0,0,HHD
1.1412,0.3,-2.3,HHD
1.548,0.1,-0.1,HHD
1.9908,0.1,-0.1,HHD
2.4804,0.1,-0.1,HHD
2.9988,0.1,0,HHD
3.4812,0.1,-0.1,HHD
3.9132,0.1,-0.1,HHD
4.3596,0.1,0.1,HHD
4.7376,0.1,0,HHD
5.0292,0.1,-0.2,HHD
5.2488,0.1,-0.2,HHD
5.3856,0,-0.2,HHD
5.5008,0,-0.1,HHD
5.5656,0,-0.2,HHD
5.6232,0,-0.1,HHD
5.67,0,-0.1,HHD
5.6988,0,0,HHD
5.7528,0,-0.1,HHD
5.85,0,-0.2,HHD
5.8752,0,-0.2,HHD
5.8284,0,-0.2,HHD
5.6844,0,-0.2,HHD
5.3064,-0.1,-0.3,HHD
4.8852,-0.1,-0.2,HHD
4.2876,-0.2,0,HHD
3.6684,-0.2,0,HHD
3.096,-0.2,0,HHD
2.5092,-0.2,0,HHD
1.9404,-0.2,0.1,HHD
0,-0.5,0,HHD
0,0,0,HHD
0,0,0.2,HHD
0,0,0,HHD
0,0,0,HHD
0,0,0,HHD
0,0,0,HHD
0,0,0,HHD
0,0,0,HHD
0,0,0,HHD
0,0,0,HHD
0,0,0,HHD
0,0,0,HHD
0,0,0,HHD
0,0,0,HHD
0,0,0,HHD
0,0,0,HHD
0,0,0,HHD
0,0,0,HHD
0,0,0,HHD
0,0,0,HHD
0,0,0,HHD
0,0,0,HHD
0,0,0,HHD
0,0,0,HHD
0,0,0,HHD
0,0,0,HHD
0,0,0,HHD
0,0,0,HHD
0,0,0,HHD
0,0,0,HHD
0,0,0,HHD
0,0,0,HHD
0,0,0,HHD
0,0,0,HHD
0,0,0,HHD
0,0,0,HHD
0,0,0,HHD
0,0,0,HHD
0,0,0,HHD
0,0,0,HHD
0,0,0,HHD
0,0,0,HHD
0,0,0,HHD
0,0,0,HHD
0,0,0,HHD
0,0,0,HHD
0,0,0,HHD
0,0,0,HHD
0,0,0,HHD
0,0,0,HHD
0,0,0,HHD
0,0,0,HHD
0,0,0,HHD
0,0,0,HHD
0,0,0,HHD
0,0,0,HHD
0,0,0,HHD
0,0,0,HHD
0,0,0,HHD
0,0,0,HHD
0,0,0,HHD
0,0,0,HHD
0,0,0,HHD
0,0,0,HHD
0,0,0,HHD
0,0,0,HHD
0,0,0,HHD
0,0,0,HHD
0,0,0,HHD
0,0,0,HHD
0.6912,0.2,3,HHD
1.044,0.1,-0.2,HHD
1.5192,0.1,-0.3,HHD
2.1492,0.2,-0.3,HHD
2.8548,0.2,-0.2,HHD
3.5172,0.2,-0.3,HHD
4.194,0.2,-0.3,HHD
4.8852,0.2,-0.2,HHD
5.5692,0.2,-0.1,HHD
6.0768,0.1,0.2,HHD
6.5196,0.1,0.1,HHD
6.8184,0.1,0.1,HHD
6.9768,0,0.1,HHD
6.912,0,0.3,HHD
6.8544,0,0,HHD
6.84,0,0.2,HHD
6.804,0,0,HHD
6.7536,0,-0.1,HHD
6.5772,0,0.4,HHD
6.5808,0,0.2,HHD
6.6528,0,0.2,HHD
6.7032,0,0.1,HHD
6.7968,0,0,HHD
6.948,0,0.1,HHD
7.0056,0,-0.1,HHD
7.1532,0,0,HHD
7.218,0,0.1,HHD
7.2396,0,0.3,HHD
7.2396,0,0.1,HHD
7.2036,0,0.1,HHD
7.1208,0,0.2,HHD
7.0128,0,0.1,HHD
6.8436,0,0,HHD
6.6564,-0.1,0.1,HHD
6.498,0,0,HHD
6.2532,-0.1,0.1,HHD
6.0804,0,0,HHD
5.904,0,0,HHD
5.8536,0,-0.2,HHD
5.8392,0,-0.1,HHD
5.8608,0,-0.1,HHD
5.9256,0,-0.1,HHD
6.0084,0,-0.5,HHD
6.0264,0,-0.2,HHD
6.1164,0,-0.4,HHD
6.1596,0,-0.1,HHD
6.0876,0,-0.3,HHD
6.0732,0,-0.3,HHD
6.0156,0,-0.4,HHD
5.868,0,-0.2,HHD
5.796,0,-0.2,HHD
5.7204,0,-0.3,HHD
5.688,0,0,HHD
5.7744,0,-0.1,HHD
5.8248,0,0,HHD
5.886,0,0.1,HHD
6.138,0.1,-0.2,HHD
6.3864,0.1,-0.1,HHD
6.6024,0.1,-0.1,HHD
6.8724,0.1,0,HHD
6.9768,0,0.2,HHD
7.1892,0.1,0.5,HHD
7.4412,0.1,0,HHD
7.6068,0,0.1,HHD
7.794,0.1,0.3,HHD
8.046,0.1,0.5,HHD
8.0244,0,0.1,HHD
8.0964,0,0.4,HHD
8.1936,0,0.3,HHD
8.1036,0,-0.4,HHD
8.0388,0,-0.3,HHD
7.8948,0,-0.3,HHD
7.7472,0,-0.1,HHD
7.578,0,-0.3,HHD
7.3656,-0.1,-0.2,HHD
7.1928,0,0,HHD
7.2072,0,-0.2,HHD
7.02,-0.1,-0.4,HHD
6.8832,0,-0.1,HHD
6.9912,0,-0.2,HHD
7.1136,0,0.3,HHD
7.254,0,-0.2,HHD
7.3152,0,-0.4,HHD
7.3872,0,0.2,HHD
7.4844,0,0.2,HHD
7.4844,0,-0.1,HHD
7.5816,0,-0.2,HHD
7.668,0,0.2,HHD
7.632,0,0.4,HHD
7.5528,0,0,HHD
7.4952,0,0,HHD
7.4664,0,0,HHD
7.2972,0,0.3,HHD
7.3152,0,0.3,HHD
7.29,0,0.1,HHD
7.3116,0,0.1,HHD
7.2576,0,-0.2,HHD
7.2288,0,-0.2,HHD
7.3584,0,-0.2,HHD
7.4412,0,-0.1,HHD
7.3512,0,-0.3,HHD
7.182,0,-0.2,HHD
6.9444,-0.1,0,HHD
6.4764,-0.1,-0.1,HHD
6.1632,-0.1,-0.1,HHD
5.886,-0.1,0.2,HHD
5.6628,-0.1,0.1,HHD
5.4324,-0.1,0.2,HHD
5.1372,-0.1,0.3,HHD
4.932,-0.1,0,HHD
4.9212,0,-0.2,HHD
4.896,0,0.4,HHD
5.1372,0.1,0.1,HHD
5.4972,0.1,0,HHD
5.7708,0.1,-0.2,HHD
5.994,0.1,-0.5,HHD
6.1308,0,0.3,HHD
6.3504,0.1,-0.1,HHD
6.5412,0.1,0.2,HHD
6.7248,0.1,0.2,HHD
6.8868,0,0.3,HHD
7.1172,0.1,0.5,HHD
7.2828,0,0.8,HHD
7.3728,0,0.4,HHD
7.4412,0,-0.4,HHD
7.5312,0,0.5,HHD
7.5636,0,-0.1,HHD
7.6248,0,-0.3,HHD
7.7364,0,0.1,HHD
7.776,0,-0.3,HHD
7.7868,0,-0.6,HHD
7.7184,0,-0.6,HHD
7.7832,0,-0.4,HHD
7.9632,0.1,-0.3,HHD
8.0712,0,-0.3,HHD
8.1864,0,-0.3,HHD
8.352,0,-0.5,HHD
8.4564,0,-0.4,HHD
8.5104,0,-0.6,HHD
8.55,0,-0.3,HHD
8.5896,0,-0.4,HHD
8.658,0,0,HHD
8.64,0,0.1,HHD
8.6292,0,-0.2,HHD
8.6544,0,0,HHD
8.6976,0,-0.2,HHD
8.73,0,0.1,HHD
8.6724,0,0,HHD
8.712,0,0,HHD
8.6508,0,-0.3,HHD
8.6868,0,0.2,HHD
8.6904,0,0.3,HHD
8.748,0,-0.1,HHD
8.7876,0,0.4,HHD
8.7876,0,0,HHD
8.712,0,0.1,HHD
8.7084,0,-0.2,HHD
8.7912,0,-0.1,HHD
8.7984,0,0.1,HHD
8.9388,0,-0.3,HHD
9.0324,0,-0.3,HHD
9.1728,0,0,HHD
9.234,0,-0.2,HHD
9.27,0,0,HHD
9.3636,0,-0.1,HHD
9.4356,0,0.2,HHD
9.4464,0,-0.4,HHD
9.4644,0,0.1,HHD
9.5292,0,-0.2,HHD
9.63,0,-0.4,HHD
9.6372,0,-0.5,HHD
9.6588,0,-0.6,HHD
9.7164,0,-0.1,HHD
9.7488,0,-0.4,HHD
9.7884,0,-0.3,HHD
9.8316,0,0.1,HHD
9.9144,0,0.2,HHD
10.1052,0.1,0,HHD
10.278,0,-0.3,HHD
10.422,0,-0.4,HHD
10.5408,0,-0.4,HHD
10.602,0,0.3,HHD
10.7244,0,-0.1,HHD
10.9044,0,-0.2,HHD
11.0232,0,0,HHD
11.25,0.1,0.2,HHD
11.4912,0.1,0.1,HHD
11.6316,0,0,HHD
11.7252,0,0.2,HHD
11.8044,0,0,HHD
11.9448,0,0.4,HHD
12.1068,0,0.7,HHD
12.2076,0,0.4,HHD
12.3012,0,0.4,HHD
12.3984,0,0.2,HHD
12.4596,0,0.1,HHD
12.4848,0,0.2,HHD
12.528,0,0.2,HHD
12.6036,0,0.1,HHD
12.672,0,0.3,HHD
12.7836,0,-0.1,HHD
12.8772,0,0.1,HHD
13.0032,0,-0.1,HHD
13.0644,0,0.2,HHD
13.1184,0,-0.2,HHD
13.1796,0,-0.1,HHD
13.2264,0,-0.7,HHD
13.2264,0,-0.2,HHD
13.2012,0,-0.1,HHD
13.176,0,-0.3,HHD
13.1436,0,-0.4,HHD
13.1292,0,-0.2,HHD
13.0356,0,0.1,HHD
12.9888,0,0.2,HHD
12.9312,0,0,HHD
12.8772,0,0.1,HHD
12.8412,0,0,HHD
12.7944,0,0.5,HHD
12.8088,0,0.1,HHD
12.7836,0,0.2,HHD
12.7188,0,0,HHD
12.6828,0,0,HHD
12.6756,0,0.1,HHD
12.7368,0,0.1,HHD
12.798,0,0.2,HHD
12.7908,0,0.2,HHD
12.852,0,0.2,HHD
12.8124,0,0,HHD
12.78,0,0.2,HHD
12.7728,0,0.1,HHD
12.7512,0,0,HHD
12.7404,0,0,HHD
12.762,0,-0.1,HHD
12.6648,0,0,HHD
12.6468,0,0,HHD
12.5604,0,0,HHD
12.4812,0,-0.2,HHD
12.4812,0,0.1,HHD
12.4632,0,0,HHD
12.42,0,-0.1,HHD
12.384,0,-0.5,HHD
12.3228,0,-0.5,HHD
12.2688,0,-0.4,HHD
12.2112,0,-0.7,HHD
12.1212,0,-0.7,HHD
12.114,0,-0.6,HHD
12.0852,0,-0.8,HHD
12.1068,0,-0.6,HHD
12.0924,0,-0.7,HHD
12.0456,0,-0.5,HHD
12.0672,0,-0.3,HHD
12.1032,0,-0.3,HHD
12.024,0,-0.4,HHD
12.0744,0,0,HHD
12.1068,0,-0.6,HHD
12.1644,0,-0.2,HHD
12.1392,0,0,HHD
11.7864,-0.1,0.3,HHD
11.5848,-0.1,0.4,HHD
11.4876,0,0.4,HHD
11.3148,0,0.5,HHD
11.142,0,0.6,HHD
11.1276,0,0.5,HHD
11.07,0,0.3,HHD
11.0268,0,0.2,HHD
10.9728,0,0,HHD
10.9836,0,0.1,HHD
11.2752,0.1,0,HHD
11.4372,0,0,HHD
11.5308,0,-0.2,HHD
11.6784,0,0.2,HHD
11.7864,0,0,HHD
11.8476,0,0.1,HHD
11.8188,0,0.3,HHD
11.7468,0,0.7,HHD
11.7,0,0.1,HHD
11.6352,0,-0.3,HHD
11.61,0,0,HHD
11.5704,0,0.3,HHD
11.5992,0,0.2,HHD
11.574,0,0.1,HHD
11.6064,0,-0.1,HHD
11.5344,0,0.1,HHD
11.5056,0,-0.3,HHD
11.5632,0,0.2,HHD
11.6244,0,0.3,HHD
11.6316,0,0.1,HHD
11.5992,0,-0.1,HHD
11.6136,0,-0.4,HHD
11.5884,0,-0.3,HHD
11.5488,0,-0.4,HHD
11.4768,0,0.1,HHD
11.448,0,-0.5,HHD
11.4336,0,-0.2,HHD
11.4336,0,0.1,HHD
11.4408,0,0,HHD
11.4624,0,-0.1,HHD
11.5092,0,-0.2,HHD
11.5308,0,-0.2,HHD
11.5596,0,0.3,HHD
11.6244,0,-0.1,HHD
11.718,0,0.3,HHD
11.8548,0,-0.1,HHD
11.9808,0,0.1,HHD
11.9448,0,-0.1,HHD
11.8584,0,0.2,HHD
11.8332,0,0.2,HHD
11.7576,0,0,HHD
11.6676,0,0.1,HHD
11.61,0,0,HHD
11.4516,0,0,HHD
11.376,0,-0.1,HHD
11.3148,0,-0.5,HHD
11.1744,0,0.2,HHD
11.1528,0,0,HHD
11.1168,0,-0.1,HHD
11.016,0,-0.2,HHD
10.9584,0,0.3,HHD
10.854,0,0.4,HHD
10.7172,0,0.3,HHD
10.6452,0,0.5,HHD
10.4832,0,0.3,HHD
10.3248,0,0.1,HHD
10.2852,0,0.3,HHD
10.1988,0,0.4,HHD
10.1196,0,0.3,HHD
10.0944,0,0.6,HHD
10.0548,0,0.3,HHD
9.9864,0,0.3,HHD
9.7992,-0.1,0.6,HHD
9.576,-0.1,0.4,HHD
9.2592,-0.1,0.2,HHD
8.8848,-0.1,0,HHD
8.4528,-0.1,0.1,HHD
8.0892,-0.1,-0.1,HHD
7.7544,-0.1,0,HHD
7.4016,-0.1,-0.2,HHD
7.0308,-0.1,0,HHD
6.7032,-0.1,-0.2,HHD
6.4764,-0.1,-0.1,HHD
6.3036,0,0.4,HHD
6.2532,0,0.2,HHD
6.2244,0,0.1,HHD
6.246,0,-0.1,HHD
6.21,0,0.2,HHD
6.1488,0,0.4,HHD
6.0948,0,0.1,HHD
6.0768,0,0.1,HHD
6.1272,0,0,HHD
6.21,0,0.1,HHD
6.318,0,-0.2,HHD
6.3684,0,0,HHD
6.4332,0,-0.3,HHD
6.4908,0,0.2,HHD
6.6708,0.1,0.1,HHD
6.8724,0.1,0.1,HHD
7.0632,0.1,0.4,HHD
7.308,0.1,0.3,HHD
7.506,0.1,0.3,HHD
7.704,0.1,0.5,HHD
7.9776,0.1,-0.2,HHD
8.19,0.1,-0.1,HHD
8.3916,0.1,0.3,HHD
8.5968,0.1,0.3,HHD
8.6796,0,0.4,HHD
8.7156,0,0.2,HHD
8.8272,0,0.4,HHD
8.9604,0,0.6,HHD
9.1008,0,1,HHD
9.3024,0.1,0.7,HHD
9.4896,0.1,0.2,HHD
9.7452,0.1,0.7,HHD
10.044,0.1,0.2,HHD
10.2996,0.1,-0.1,HHD
10.566,0.1,-0.3,HHD
10.818,0.1,0.6,HHD
11.0844,0.1,0.2,HHD
11.25,0,0.1,HHD
11.376,0,1.2,HHD
11.4696,0,0.6,HHD
11.5704,0,0,HHD
11.592,0,0.3,HHD
11.5344,0,-0.5,HHD
11.4876,0,-0.4,HHD
11.4156,0,-0.2,HHD
11.3508,0,-0.3,HHD
11.178,0,0.2,HHD
11.052,0,0.4,HHD
10.9656,0,0.2,HHD
10.9692,0,0.3,HHD
10.9476,0,-0.3,HHD
10.962,0,-1.1,HHD
10.9512,0,-1.2,HHD
10.9836,0,-0.9,HHD
11.0556,0,-0.3,HHD
11.1996,0,-0.5,HHD
11.4156,0.1,-0.4,HHD
11.538,0,-0.8,HHD
11.6856,0,-0.8,HHD
11.7252,0,0,HHD
11.7504,0,-0.8,HHD
11.7828,0,-0.4,HHD
11.9232,0,-0.5,HHD
11.9952,0,-0.5,HHD
12.0384,0,-0.3,HHD
12.0528,0,-0.6,HHD
11.9844,0,-0.4,HHD
11.988,0,0,HHD
12.0204,0,-1,HHD
12.0636,0,-0.3,HHD
12.0132,0,0.1,HHD
11.772,-0.1,0.6,HHD
11.502,-0.1,0.4,HHD
11.3364,0,0.8,HHD
11.3328,0,0.9,HHD
11.0448,-0.1,0.4,HHD
11.0808,0,0.1,HHD
11.1168,0,-0.4,HHD
11.124,0,-0.1,HHD
10.9908,0,-0.5,HHD
10.9332,0,-0.1,HHD
11.0772,0,-0.2,HHD
11.1924,0,-0.1,HHD
11.2968,0,0.2,HHD
11.2464,0,0.1,HHD
11.5488,0.1,0.2,HHD
11.6064,0,0.2,HHD
11.6676,0,0.1,HHD
11.6532,0,0.1,HHD
11.8476,0.1,0.2,HHD
12.024,0,0.4,HHD
12.2112,0.1,0.3,HHD
12.384,0,0.8,HHD
12.4776,0,0.7,HHD
12.6,0,0.8,HHD
12.2976,-0.1,0.4,HHD
12.1572,0,0.5,HHD
11.8188,-0.1,0.5,HHD
11.5128,-0.1,0.1,HHD
11.1564,-0.1,0.4,HHD
10.8504,-0.1,0.2,HHD
10.4652,-0.1,0.4,HHD
10.0116,-0.1,0.3,HHD
9.6516,-0.1,0.1,HHD
9.36,-0.1,-0.4,HHD
9.6372,0.1,-0.3,HHD
9.8424,0.1,-0.4,HHD
10.2816,0.1,-0.5,HHD
10.6776,0.1,-0.2,HHD
11.0592,0.1,-0.7,HHD
11.4048,0.1,-0.5,HHD
11.808,0.1,-0.6,HHD
12.3048,0.1,-0.6,HHD
12.6684,0.1,-0.3,HHD
13.0104,0.1,-0.4,HHD
13.104,0,-0.3,HHD
13.1112,0,0.3,HHD
12.978,0,-0.1,HHD
12.9384,0,-0.1,HHD
12.8556,0,-0.2,HHD
12.6756,-0.1,0,HHD
12.6072,0,-0.2,HHD
12.5424,0,-0.2,HHD
12.51,0,-0.1,HHD
12.3876,0,-0.1,HHD
12.348,0,-0.1,HHD
12.2472,0,-0.1,HHD
12.2436,0,-0.2,HHD
12.168,0,-0.1,HHD
12.1356,0,-0.2,HHD
12.1428,0,0,HHD
12.114,0,0.2,HHD
11.988,0,0.3,HHD
11.844,0,0,HHD
11.7216,0,0.2,HHD
11.5128,-0.1,0,HHD
11.2824,-0.1,-0.1,HHD
11.1132,0,0.2,HHD
11.016,0,0.1,HHD
10.89,0,-0.1,HHD
10.7568,0,-0.2,HHD
10.6524,0,-0.1,HHD
10.656,0,-0.1,HHD
10.638,0,0.1,HHD
10.6272,0,0.2,HHD
10.7064,0,-0.1,HHD
10.7964,0,-0.4,HHD
10.746,0,-0.3,HHD
10.692,0,-0.3,HHD
10.6596,0,-0.2,HHD
10.6668,0,-0.2,HHD
10.6128,0,-0.4,HHD
10.5588,0,-0.4,HHD
10.5588,0,-0.1,HHD
10.5948,0,-0.1,HHD
10.566,0,-0.2,HHD
10.566,0,-0.1,HHD
10.6344,0,-0.3,HHD
10.6056,0,-0.1,HHD
10.6236,0,-0.2,HHD
10.6092,0,-0.1,HHD
10.5336,0,-0.4,HHD
10.3932,0,-0.4,HHD
10.3464,0,-0.2,HHD
10.2996,0,0.1,HHD
10.278,0,0.1,HHD
10.3176,0,0.2,HHD
10.3392,0,0.1,HHD
10.4724,0,0,HHD
10.5804,0,0,HHD
10.6668,0,0.2,HHD
10.7208,0,0,HHD
10.872,0,0.3,HHD
10.8432,0,0.1,HHD
10.8144,0,0.3,HHD
10.6164,-0.1,-0.3,HHD
10.1052,-0.1,0.3,HHD
9.396,-0.2,0.3,HHD
8.6796,-0.2,-0.1,HHD
7.7544,-0.3,0.1,HHD
6.8148,-0.3,0,HHD
5.922,-0.2,0.1,HHD
5.0148,-0.3,-0.1,HHD
4.284,-0.2,-0.1,HHD
3.6504,-0.2,0,HHD
3.3012,-0.1,0,HHD
3.33,0,-0.1,HHD
3.708,0.1,0,HHD
4.0932,0.1,-0.1,HHD
4.6836,0.2,-0.2,HHD
5.3676,0.2,-0.3,HHD
6.0984,0.2,-0.3,HHD
6.8256,0.2,-0.3,HHD
7.4268,0.2,-0.6,HHD
7.9164,0.1,-0.3,HHD
8.2908,0.1,-0.1,HHD
8.5392,0.1,0,HHD
8.8056,0.1,-0.5,HHD
8.8884,0,0.2,HHD
8.946,0,0.3,HHD
9.0216,0,-0.2,HHD
9.1584,0,0.1,HHD
9.3204,0,0.3,HHD
9.6156,0.1,0.3,HHD
9.954,0.1,-0.1,HHD
10.2888,0.1,0.4,HHD
10.548,0.1,0.2,HHD
10.638,0,0.4,HHD
10.8504,0.1,0.1,HHD
11.0304,0.1,0.5,HHD
11.1312,0,-0.1,HHD
11.07,0,0,HHD
11.0124,0,0.4,HHD
10.8072,-0.1,0,HHD
10.5804,-0.1,0.3,HHD
10.224,-0.1,0.3,HHD
9.99,-0.1,0.9,HHD
9.7416,-0.1,0.3,HHD
9.6156,0,0.2,HHD
9.5112,0,0.3,HHD
9.4752,0,0.3,HHD
9.5508,0,0.3,HHD
9.5436,0,0.1,HHD
9.576,0,-0.1,HHD
9.5544,0,-0.1,HHD
9.6768,0,0,HHD
9.6696,0,-0.2,HHD
9.738,0,0,HHD
9.6804,0,-0.1,HHD
9.6768,0,0.1,HHD
9.6984,0,0.3,HHD
9.7416,0,0.2,HHD
9.8352,0,-0.3,HHD
9.8748,0,0,HHD
9.9756,0,0.1,HHD
10.0944,0,0.1,HHD
10.2924,0.1,0.7,HHD
10.5264,0.1,0.6,HHD
10.7712,0.1,0.9,HHD
10.962,0.1,0.7,HHD
11.0592,0,0.3,HHD
11.1132,0,-0.1,HHD
11.1528,0,-0.3,HHD
11.286,0,-0.4,HHD
11.3616,0,-0.1,HHD
11.3832,0,0.3,HHD
11.4012,0,-0.1,HHD
11.34,0,0,HHD
11.358,0,-0.2,HHD
11.3436,0,0.4,HHD
11.3796,0,-0.2,HHD
11.3724,0,-0.2,HHD
11.3364,0,-0.2,HHD
11.2716,0,-0.3,HHD
11.1168,0,0.2,HHD
10.9836,0,0.1,HHD
10.782,-0.1,0.2,HHD
10.6164,0,0.5,HHD
10.3248,-0.1,-0.4,HHD
10.0404,-0.1,-0.2,HHD
9.7776,-0.1,-0.4,HHD
9.54,-0.1,-0.2,HHD
9.3312,-0.1,-0.3,HHD
9.1728,0,0.2,HHD
9.0972,0,0.1,HHD
9.054,0,-0.1,HHD
8.9676,0,-0.1,HHD
8.8992,0,0.2,HHD
8.9028,0,0.6,HHD
8.9676,0,0.4,HHD
9.0144,0,0.2,HHD
9.0792,0,0.9,HHD
9.1296,0,0.7,HHD
9.1116,0,0.7,HHD
9.162,0,0.8,HHD
9.1476,0,0.4,HHD
9.2808,0,0.2,HHD
9.342,0,0,HHD
9.3924,0,-0.1,HHD
9.396,0,-0.2,HHD
9.3456,0,-0.4,HHD
9.3204,0,-0.6,HHD
9.2376,0,0,HHD
9.2016,0,-0.1,HHD
9.1296,0,0.1,HHD
9.036,0,0.3,HHD
8.8992,0,0.1,HHD
8.802,0,0.5,HHD
8.6436,0,0.5,HHD
8.4924,0,0.4,HHD
8.4564,0,0.3,HHD
8.3808,0,0.1,HHD
8.3808,0,0.1,HHD
8.3304,0,0.1,HHD
8.2332,0,0.2,HHD
8.2296,0,0.1,HHD
8.1864,0,-0.2,HHD
8.1396,0,-0.2,HHD
8.0892,0,-0.2,HHD
8.0532,0,-0.3,HHD
7.9056,0,-0.3,HHD
7.7688,0,-0.2,HHD
7.5816,-0.1,-0.1,HHD
7.38,-0.1,-0.2,HHD
7.1964,-0.1,-0.1,HHD
6.9264,-0.1,-0.2,HHD
6.5304,-0.1,-0.2,HHD
5.9832,-0.2,-0.1,HHD
5.454,-0.1,-0.2,HHD
4.8564,-0.2,-0.1,HHD
4.2696,-0.2,-0.1,HHD
3.6684,-0.2,-0.2,HHD
3.06,-0.2,0,HHD
2.4372,-0.2,-0.1,HHD
1.8504,-0.2,0,HHD
0,-0.5,0,HHD
0,0,0,HHD
0,0,0,HHD
0,0,0,HHD
0,0,0,HHD
0,0,0,HHD
0,0,0,HHD
0,0,0,HHD
0,0,0,HHD
0,0,0,HHD
0,0,0,HHD
0,0,0,HHD
0,0,0,HHD
0,0,0,HHD
0,0,0,HHD
0,0,0,HHD
0,0,0,HHD
0,0,0,HHD
0,0,0,HHD
0,0,0,HHD
0.6588,0.2,0.6,HHD
1.0008,0.1,0,HHD
1.4076,0.1,-0.4,HHD
1.9944,0.2,-0.7,HHD
2.6208,0.2,-0.4,HHD
3.2508,0.2,-0.1,HHD
3.8376,0.2,-0.4,HHD
4.5072,0.2,-0.3,HHD
5.094,0.2,-0.2,HHD
5.6412,0.2,-0.5,HHD
6.0048,0.1,-0.2,HHD
6.3072,0.1,-0.4,HHD
6.5124,0.1,0,HHD
6.5016,0,-0.4,HHD
6.5484,0,-0.4,HHD
6.4728,0,-0.4,HHD
6.4584,0,-0.4,HHD
6.3,0,-0.3,HHD
6.174,0,-0.5,HHD
5.9256,-0.1,-0.7,HHD
5.7816,0,-0.5,HHD
5.5872,-0.1,-0.5,HHD
5.4576,0,-0.6,HHD
5.418,0,-0.5,HHD
5.2884,0,-0.4,HHD
5.3028,0,-0.2,HHD
5.2668,0,-0.3,HHD
5.4,0,-0.1,HHD
5.4972,0,0.1,HHD
5.6916,0.1,0.1,HHD
5.85,0,0,HHD
6.0156,0,0.1,HHD
6.1776,0,0.3,HHD
6.3252,0,0.6,HHD
6.4476,0,0.6,HHD
6.5592,0,0.1,HHD
6.6996,0,0.3,HHD
6.8004,0,0.2,HHD
6.8976,0,-0.2,HHD
6.93,0,0,HHD
6.9408,0,0.2,HHD
7.0128,0,0.5,HHD
7.0668,0,0.2,HHD
7.0812,0,0.3,HHD
7.0848,0,0.3,HHD
7.0956,0,0.2,HHD
7.0956,0,0.2,HHD
7.0236,0,0.1,HHD
6.9228,0,0.2,HHD
6.8904,0,0.2,HHD
6.8904,0,0.1,HHD
6.8472,0,-0.1,HHD
6.7824,0,0.2,HHD
6.7392,0,0,HHD
6.7572,0,0.5,HHD
6.7428,0,0.3,HHD
6.714,0,0.4,HHD
6.7824,0,0.2,HHD
6.8472,0,0,HHD
6.8796,0,0,HHD
6.8508,0,-0.2,HHD
6.7932,0,-0.3,HHD
6.6744,0,-0.1,HHD
6.2856,-0.1,-0.2,HHD
5.6952,-0.2,-0.3,HHD
5.0292,-0.2,-0.4,HHD
4.374,-0.2,-0.2,HHD
3.6612,-0.2,-0.2,HHD
2.9772,-0.2,-0.2,HHD
2.3076,-0.2,-0.1,HHD
1.7028,-0.2,-0.2,HHD
0,-0.5,-0.1,HHD
0,0,0,HHD
0,0,0,HHD
0,0,0,HHD
0,0,0,HHD
0,0,0,HHD
0,0,0,HHD
0,0,0,HHD
0,0,0,HHD
0,0,0,HHD
0,0,0,HHD
0,0,0,HHD
0,0,0,HHD
0,0,0,HHD
0,0,0,HHD
0,0,0,HHD
0,0,0,HHD
0,0,0,HHD
0,0,0,HHD
0,0,0,HHD
0,0,0,HHD
0,0,0,HHD
0,0,0,HHD
0,0,0,HHD
0,0,0,HHD
0,0,0,HHD
0,0,0,HHD
0,0,0,HHD
0,0,0,HHD
0,0,0,HHD
0,0,0,HHD
0,0,0,HHD
0,0,0,HHD
0,0,0,HHD
0,0,0,HHD
0,0,0,HHD
0,0,0,HHD
0,0,0,HHD
0,0,0,HHD
0,0,0,HHD
0,0,0,HHD
0,0,0,HHD
0,0,0,HHD
0,0,0,HHD
0,0,0,HHD
0,0,0,HHD
0,0,0,HHD
0,0,0,HHD
0,0,0,HHD
0,0,0,HHD
0,0,0,HHD
0,0,0,HHD
0,0,0,HHD
0,0,0,HHD
0,0,0,HHD
0,0,0,HHD
0,0,0,HHD
0,0,0,HHD
0,0,0,HHD
0,0,0,HHD
0,0,0,HHD
0,0,0,HHD
0,0,0,HHD
0,0,0,HHD
0,0,0,HHD
0,0,0,HHD
0,0,0,HHD
0,0,0,HHD
0,0,0,HHD
0,0,0,HHD
0,0,0,HHD
0,0,0,HHD
0,0,0,HHD
0,0,0,HHD
0,0,0,HHD
0,0,0,HHD
0,0,0,HHD
0,0,0,HHD
0,0,0,HHD
0,0,0,HHD
0,0,0,HHD
0,0,0,HHD
0,0,0,HHD
0,0,0,HHD
0,0,0,HHD
0,0,0,HHD
0,0,0,HHD
0,0,0,HHD
0,0,0,HHD
0,0,0,HHD
0,0,0,HHD
0,0,0,HHD
0,0,0,HHD
0,0,0,HHD
0,0,0,HHD
0,0,0,HHD
0,0,0,HHD
0,0,0,HHD
0,0,0,HHD
0,0,0,HHD
0,0,0,HHD
0,0,0,HHD
0,0,0,HHD
0,0,0,HHD
0,0,0,HHD
0,0,0,HHD
0,0,0,HHD
0,0,0,HHD
0,0,0,HHD
0,0,0,HHD
0,0,0,HHD
0,0,0,HHD
0,0,0,HHD
0,0,0,HHD
0,0,0,HHD
0,0,0,HHD
0,0,0,HHD
0,0,0,HHD
0,0,0,HHD
0,0,0,HHD
0,0,0,HHD
0,0,0,HHD
0,0,0,HHD
0,0,0,HHD
0,0,0,HHD
0,0,0,HHD
0,0,0,HHD
0,0,0,HHD
0,0,0,HHD
0,0,0,HHD
0,0,0,HHD
0,0,0,HHD
0,0,0,HHD
0,0,0,HHD
0,0,0,HHD
0,0,0,HHD
0,0,0,HHD
0,0,0,HHD
0,0,0,HHD
0,0,0,HHD
0,0,0,HHD
0,0,0,HHD
0,0,0,HHD
0,0,0,HHD
0,0,0,HHD
0,0,0,HHD
0,0,0,HHD
0,0,0,HHD
0,0,0,HHD
0,0,0,HHD
0,0,0,HHD
0,0,0,HHD
0,0,0,HHD
0,0,0,HHD
0,0,0,HHD
0,0,0,HHD
0,0,0,HHD
0,0,0,HHD
0,0,0,HHD
0,0,0,HHD
0,0,0,HHD
0,0,0,HHD
0,0,0,HHD
0,0,0,HHD
0,0,0,HHD
0,0,0,HHD
0,0,0,HHD
0,0,0,HHD
0,0,0,HHD
0,0,0,HHD
0,0,0,HHD
0,0,0,HHD
0,0,0,HHD
0,0,0,HHD
0,0,0,HHD
0,0,0,HHD
0,0,0,HHD
0,0,0,HHD
0,0,0,HHD
0,0,0,HHD
0,0,0,HHD
0,0,0,HHD
0,0,0,HHD
0,0,0,HHD
0,0,0,HHD
0,0,0,HHD
0,0,0,HHD
0,0,0,HHD
0,0,0,HHD
0,0,0,HHD
0,0,0,HHD
0,0,0,HHD
0,0,0,HHD
0,0,0,HHD
0,0,0,HHD
0,0,0,HHD
0,0,0,HHD
0,0,0,HHD
0,0,0,HHD
0,0,0,HHD
0,0,0,HHD
0,0,0,HHD
0,0,0,HHD
0,0,0,HHD
0,0,0,HHD
0,0,0,HHD
0,0,0,HHD
0,0,0,HHD
0,0,0,HHD
0,0,0,HHD
0,0,0,HHD
0,0,0,HHD
0,0,0,HHD
0,0,0,HHD
0,0,0,HHD
0,0,0,HHD
0,0,0,HHD
0,0,0,HHD
0,0,0,HHD
0,0,0,HHD
0,0,0,HHD
0,0,0,HHD
0,0,0,HHD
0,0,0,HHD
0,0,0,HHD
0,0,0,HHD
1.0332,0.3,1.4,HHD
1.2348,0.1,-0.1,HHD
1.4436,0.1,-0.2,HHD
1.5912,0,-0.1,HHD
0,0,0,HHD
0,0,0,HHD
0,0,0,HHD
0,0,0,HHD
0,0,0,HHD
0,0,0,HHD
0,0,0,HHD
0,0,0,HHD
0,0,0,HHD
0,0,0,HHD
0,0,0,HHD
0,0,0,HHD
0,0,0,HHD
0,0,0,HHD
0,0,0,HHD
0,0,0,HHD
0,0,0,HHD
0,0,0,HHD
0,0,0,HHD
0,0,0,HHD
0,0,0,HHD
0,0,0,HHD
0,0,0,HHD
0,0,0,HHD
0,0,0,HHD
0,0,0,HHD
0,0,0,HHD
0,0,0,HHD
0,0,0,HHD
0,0,0,HHD
0,0,0,HHD
0.8784,0.2,3.1,HHD
0,-0.2,0.1,HHD
0,0,0.2,HHD
0,0,0,HHD
0,0,0,HHD
0,0,0,HHD
0,0,0,HHD
0,0,0,HHD
0,0,0,HHD
0,0,0,HHD
0,0,0,HHD
0,0,0,HHD
1.2348,0.3,-0.7,HHD
1.4256,0.1,-0.1,HHD
1.602,0,-0.2,HHD
1.8072,0.1,0,HHD
2.0772,0.1,-0.3,HHD
2.5308,0.1,0,HHD
3.0852,0.2,-0.4,HHD
3.6216,0.1,-0.3,HHD
4.176,0.2,-0.2,HHD
4.7952,0.2,-0.2,HHD
5.526,0.2,-0.3,HHD
6.3648,0.2,-0.2,HHD
7.254,0.2,-0.4,HHD
8.0316,0.2,-0.6,HHD
8.6724,0.2,-0.8,HHD
9.0972,0.1,-0.5,HHD
9.432,0.1,-0.9,HHD
9.7812,0.1,-0.4,HHD
10.278,0.1,-0.5,HHD
10.782,0.1,-0.2,HHD
11.1564,0.1,-0.2,HHD
11.4516,0.1,-0.1,HHD
11.6316,0,-0.3,HHD
11.8836,0.1,-0.9,HHD
12.2004,0.1,-0.3,HHD
12.5712,0.1,-0.7,HHD
12.9384,0.1,0,HHD
13.284,0.1,-0.1,HHD
13.3056,0,-0.5,HHD
13.2012,0,-0.2,HHD
13.0536,0,-0.1,HHD
12.8556,-0.1,-0.3,HHD
12.6576,-0.1,-0.6,HHD
12.3876,-0.1,0,HHD
12.1248,-0.1,0.2,HHD
11.736,-0.1,0.3,HHD
11.2068,-0.1,-0.6,HHD
10.6668,-0.2,-0.2,HHD
10.1448,-0.1,-0.1,HHD
9.81,-0.1,-0.1,HHD
9.4356,-0.1,-0.3,HHD
9.2304,-0.1,0.2,HHD
8.964,-0.1,0.4,HHD
8.802,0,0.2,HHD
8.586,-0.1,0,HHD
8.5356,0,-0.2,HHD
8.6256,0,0.1,HHD
8.7948,0,0.1,HHD
9.1512,0.1,0.6,HHD
9.3456,0.1,-0.3,HHD
9.6084,0.1,0.1,HHD
9.8352,0.1,0.5,HHD
10.1772,0.1,0.8,HHD
10.332,0,0.8,HHD
10.5084,0,1.1,HHD
10.6776,0,0,HHD
10.782,0,0,HHD
10.8036,0,0.3,HHD
10.8396,0,0,HHD
10.7748,0,-0.1,HHD
10.6992,0,-0.2,HHD
10.6272,0,-0.5,HHD
10.5444,0,0,HHD
10.5012,0,-0.4,HHD
10.2996,-0.1,-0.3,HHD
10.116,-0.1,-0.6,HHD
10.0728,0,-0.3,HHD
9.936,0,-0.5,HHD
9.7632,0,-0.8,HHD
9.774,0,-0.8,HHD
9.7884,0,-0.6,HHD
9.684,0,-0.7,HHD
9.5004,-0.1,-0.7,HHD
9.4896,0,-0.5,HHD
9.5256,0,-0.8,HHD
9.4896,0,-0.5,HHD
9.306,-0.1,-0.9,HHD
9.2232,0,-0.6,HHD
9.1152,0,-0.5,HHD
8.8704,-0.1,-0.6,HHD
8.7228,0,0.2,HHD
8.6364,0,0.4,HHD
8.6292,0,0.2,HHD
8.4924,0,0.3,HHD
8.298,-0.1,0.1,HHD
8.1432,0,-0.2,HHD
7.9236,-0.1,0,HHD
7.7292,-0.1,0.2,HHD
7.5924,0,0,HHD
7.4448,0,0.5,HHD
7.2828,0,3.3,HHD
6.9444,-0.1,0.4,HHD
6.6564,-0.1,0.3,HHD
6.3972,-0.1,0.1,HHD
6.2136,-0.1,-0.3,HHD
6.1596,0,-0.3,HHD
6.0588,0,-0.1,HHD
6.0444,0,-0.1,HHD
6.1956,0,0,HHD
6.3648,0,0.5,HHD
6.3036,0,0.6,HHD
6.156,0,0.4,HHD
5.9256,-0.1,0.1,HHD
5.7456,0,-0.1,HHD
5.6484,0,1.1,HHD
5.382,-0.1,0.3,HHD
5.2344,0,-0.5,HHD
4.95,-0.1,-0.1,HHD
4.4136,-0.1,-0.4,HHD
3.9996,-0.1,0,HHD
3.6936,-0.1,0.1,HHD
3.582,0,0,HHD
0,-1,-0.3,HHD
0,0,0,HHD
3.6684,1,0.4,HHD
3.8952,0.1,-0.1,HHD
4.1292,0.1,0.1,HHD
4.4208,0.1,0.3,HHD
4.86,0.1,0.6,HHD
5.2164,0.1,0.6,HHD
5.6412,0.1,0.3,HHD
6.3108,0.2,0.3,HHD
6.9912,0.2,0.2,HHD
7.5672,0.2,0.6,HHD
8.0388,0.1,0.3,HHD
8.3448,0.1,0.3,HHD
9.2664,0.3,0.7,HHD
10.3068,0,0,HHD
10.2132,0,-0.1,HHD
10.1772,0,0,HHD
10.314,0,0.1,HHD
10.3248,0,-0.6,HHD
10.1988,0,-0.3,HHD
9.9504,-0.1,-0.5,HHD
9.8244,0,-0.5,HHD
9.774,0,-0.3,HHD
9.54,-0.1,-0.4,HHD
9.4248,0,-0.4,HHD
9.4284,0,0,HHD
9.2556,0,0.1,HHD
8.9496,-0.1,0.2,HHD
8.8596,0,0.2,HHD
8.838,0,0.3,HHD
8.8452,0,0.1,HHD
8.73,0,0.1,HHD
8.4276,-0.1,0.3,HHD
8.316,0,0.5,HHD
8.2008,0,0.2,HHD
8.0352,0,-0.4,HHD
7.9272,0,-0.2,HHD
7.7076,-0.1,-0.5,HHD
7.416,-0.1,-0.6,HHD
7.1676,-0.1,-0.1,HHD
6.7536,-0.1,0.1,HHD
6.264,-0.1,-0.1,HHD
5.9148,-0.1,-0.2,HHD
5.5944,-0.1,-0.3,HHD
5.3208,-0.1,-0.1,HHD
4.878,-0.1,-0.3,HHD
4.518,-0.1,-0.3,HHD
4.2984,-0.1,-0.3,HHD
4.2192,0,-0.4,HHD
4.2516,0,-0.4,HHD
4.4316,0.1,-0.1,HHD
4.7772,0.1,0,HHD
5.1624,0.1,-0.3,HHD
5.6988,0.1,-0.3,HHD
6.3828,0.2,-0.1,HHD
7.1712,0.2,-0.2,HHD
7.8804,0.2,0,HHD
8.6616,0.2,-0.4,HHD
9.3996,0.2,-0.3,HHD
10.0836,0.2,-0.1,HHD
10.674,0.2,0,HHD
11.2752,0.2,-0.1,HHD
11.7936,0.1,-0.1,HHD
12.1068,0.1,0.1,HHD
12.4092,0.1,0,HHD
12.8448,0.1,-0.1,HHD
13.104,0.1,0,HHD
13.1148,0,-0.1,HHD
13.0608,0,-0.4,HHD
12.8916,0,-0.4,HHD
12.744,0,-0.1,HHD
12.3444,-0.1,0.4,HHD
11.9484,-0.1,-0.3,HHD
11.6928,-0.1,-0.4,HHD
11.3112,-0.1,0.1,HHD
10.7784,-0.1,0,HHD
10.548,-0.1,0,HHD
10.3032,-0.1,0.2,HHD
9.9684,-0.1,0.3,HHD
9.5904,-0.1,-0.3,HHD
9.3852,-0.1,0.2,HHD
9.2124,0,0.1,HHD
8.9064,-0.1,-0.1,HHD
8.5608,-0.1,-0.2,HHD
8.0928,-0.1,-0.3,HHD
7.6392,-0.1,-0.2,HHD
7.0056,-0.2,-0.4,HHD
6.3144,-0.2,-0.2,HHD
5.7744,-0.2,-0.4,HHD
5.3316,-0.1,-0.4,HHD
4.6692,-0.2,-0.8,HHD
4.0752,-0.2,-0.7,HHD
3.5532,-0.1,-0.1,HHD
2.9448,-0.2,-0.2,HHD
2.3832,-0.2,-0.1,HHD
1.9116,-0.1,0.2,HHD
1.5156,-0.1,0.1,HHD
0,-0.4,0.1,HHD
0,0,0,HHD
0,0,0,HHD
0,0,0,HHD
0,0,0,HHD
0,0,0,HHD
0,0,0,HHD
0,0,0,HHD
0,0,0,HHD
0,0,0,HHD
0,0,0,HHD
0,0,0,HHD
0,0,0,HHD
0,0,0,HHD
0,0,0,HHD
0,0,0,HHD
0,0,0,HHD
0,0,0,HHD
0,0,0,HHD
0,0,0,HHD
0,0,0,HHD
0,0,0,HHD
0,0,0,HHD
0,0,0,HHD
0,0,0,HHD
0,0,0,HHD
0,0,0,HHD
1.2492,0.3,-0.4,HHD
0,-0.3,-0.4,HHD
0,0,0.1,HHD
0,0,-0.1,HHD
0,0,0,HHD
0,0,0,HHD
0,0,0,HHD
1.2744,0.4,0.3,HHD
1.4292,0,0.1,HHD
1.6668,0.1,-0.1,HHD
1.9728,0.1,0.1,HHD
2.3616,0.1,0,HHD
2.8044,0.1,0.1,HHD
3.312,0.1,0.1,HHD
3.9852,0.2,0.2,HHD
4.4784,0.1,0.4,HHD
5.0076,0.1,0.5,HHD
5.6196,0.2,0.6,HHD
6.3036,0.2,0.7,HHD
7.038,0.2,1.1,HHD
7.7868,0.2,1.3,HHD
8.5464,0.2,0.8,HHD
9.2808,0.2,0.8,HHD
9.9468,0.2,0.7,HHD
10.4652,0.1,0.8,HHD
11.0628,0.2,0.7,HHD
11.5452,0.1,0.5,HHD
11.9196,0.1,1,HHD
12.15,0.1,0.4,HHD
12.0564,0,0.4,HHD
11.9772,0,0.4,HHD
11.916,0,0.5,HHD
11.8224,0,0.2,HHD
11.7504,0,-0.1,HHD
11.754,0,-0.2,HHD
11.6568,0,0.2,HHD
11.628,0,-0.8,HHD
11.5164,0,-1.3,HHD
11.3184,-0.1,-1.6,HHD
11.2644,0,-0.8,HHD
11.1492,0,-0.3,HHD
10.9404,-0.1,0.1,HHD
10.7712,0,-0.2,HHD
10.6812,0,0,HHD
10.548,0,0.9,HHD
10.3644,-0.1,-0.7,HHD
10.0476,-0.1,-0.6,HHD
9.6192,-0.1,0,HHD
9.2592,-0.1,0.1,HHD
8.7516,-0.1,-0.2,HHD
8.172,-0.2,0,HHD
7.3908,-0.2,0.4,HHD
6.5484,-0.2,0.4,HHD
5.616,-0.3,0.4,HHD
4.608,-0.3,0.1,HHD
3.69,-0.3,0.3,HHD
2.8548,-0.2,0.3,HHD
2.2212,-0.2,0.3,HHD
1.5984,-0.2,0.3,HHD
0,-0.4,0.2,HHD
0,0,0.4,HHD
0,0,0.3,HHD
0,0,0,HHD
0,0,0,HHD
0,0,0,HHD
0,0,0,HHD
0,0,0,HHD
0,0,0,HHD
0,0,0,HHD
0,0,0,HHD
0,0,0,HHD
0,0,0,HHD
0,0,0,HHD
0,0,0,HHD
0.882,0.2,3.4,HHD
1.1088,0.1,0.2,HHD
0,-0.3,0.5,HHD
0,0,0.1,HHD
0,0,-0.1,HHD
0,0,0,HHD
0,0,0,HHD
0,0,0,HHD
0,0,0,HHD
0,0,0,HHD
0,0,0,HHD
0,0,0,HHD
0,0,0,HHD
0,0,0,HHD
0,0,0,HHD
0,0,0,HHD
0,0,0,HHD
0,0,0,HHD
0,0,0,HHD
0,0,0,HHD
0,0,0,HHD
0,0,0,HHD
0,0,0,HHD
0,0,0,HHD
0,0,0,HHD
0,0,0,HHD
0,0,0,HHD
0,0,0,HHD
0,0,0,HHD
0,0,0,HHD
0,0,0,HHD
0,0,0,HHD
0,0,0,HHD
0,0,0,HHD
0,0,0,HHD
0,0,0,HHD
0,0,0,HHD
0,0,0,HHD
0,0,0,HHD
0,0,0,HHD
0,0,0,HHD
0,0,0,HHD
0,0,0,HHD
0,0,0,HHD
0,0,0,HHD
0,0,0,HHD
0,0,0,HHD
0,0,0,HHD
0,0,0,HHD
0,0,0,HHD
0,0,0,HHD
0,0,0,HHD
0,0,0,HHD
0,0,0,HHD
0,0,0,HHD
0,0,0,HHD
0,0,0,HHD
0,0,0,HHD
0,0,0,HHD
0,0,0,HHD
0,0,0,HHD
0,0,0,HHD
0,0,0,HHD
0,0,0,HHD
0,0,0,HHD
0,0,0,HHD
0,0,0,HHD
0,0,0,HHD
0,0,0,HHD
0,0,0,HHD
0,0,0,HHD
0,0,0,HHD
0,0,0,HHD
0,0,0,HHD
0,0,0,HHD
0,0,0,HHD
0,0,0,HHD
0,0,0,HHD
0,0,0,HHD
0,0,0,HHD
0,0,0,HHD
0,0,0,HHD
0,0,0,HHD
0,0,0,HHD
0,0,0,HHD
0,0,0,HHD
0,0,0,HHD
0,0,0,HHD
0,0,0,HHD
0,0,0,HHD
0,0,0,HHD
0,0,0,HHD
0,0,0,HHD
0,0,0,HHD
0,0,0,HHD
0,0,0,HHD
0,0,0,HHD
0,0,0,HHD
0,0,0,HHD
0,0,0,HHD
0,0,0,HHD
0,0,0,HHD
0,0,0,HHD
0,0,0,HHD
0,0,0,HHD
0,0,0,HHD
0,0,0,HHD
0,0,0,HHD
0,0,0,HHD
0,0,0,HHD
0,0,0,HHD
0,0,0,HHD
0,0,0,HHD
0,0,0,HHD
0,0,0,HHD
0,0,0,HHD
0,0,0,HHD
0,0,0,HHD
0,0,0,HHD
0,0,0,HHD
0,0,0,HHD
0,0,0,HHD
0,0,0,HHD
0,0,0,HHD
0,0,0,HHD
0,0,0,HHD
0,0,0,HHD
0,0,0,HHD
0,0,0,HHD
0,0,0,HHD
0,0,0,HHD
0,0,0,HHD
0,0,0,HHD
0,0,0,HHD
0,0,0,HHD
0,0,0,HHD
0,0,0,HHD
0,0,0,HHD
0,0,0,HHD
0,0,0,HHD
0,0,0,HHD
0,0,0,HHD
0,0,0,HHD
0,0,0,HHD
0,0,0,HHD
0,0,0,HHD
0,0,0,HHD
0,0,0,HHD
0,0,0,HHD
0,0,0,HHD
0,0,0,HHD
0,0,0,HHD
0,0,0,HHD
0,0,0,HHD
0,0,0,HHD
0,0,0,HHD
0,0,0,HHD
0,0,0,HHD
0,0,0,HHD
0,0,0,HHD
0,0,0,HHD
0,0,0,HHD
0,0,0,HHD
0,0,0,HHD
0,0,0,HHD
0,0,0,HHD
0,0,0,HHD
0,0,0,HHD
0,0,0,HHD
0,0,0,HHD
0,0,0,HHD
0,0,0,HHD
0,0,0,HHD
0,0,0,HHD
0,0,0,HHD
0,0,0,HHD
0,0,0,HHD
0,0,0,HHD
0,0,0,HHD
0,0,0,HHD
0,0,0,HHD
0,0,0,HHD
0,0,0,HHD
0,0,0,HHD
0,0,0,HHD
0,0,0,HHD
0,0,0,HHD
0,0,0,HHD
0,0,0,HHD
0,0,0,HHD
0,0,0,HHD
0,0,0,HHD
0,0,0,HHD
0,0,0,HHD
0,0,0,HHD
0,0,0,HHD
0,0,0,HHD
0,0,0,HHD
0,0,0,HHD
0,0,0,HHD
0,0,0,HHD
0,0,0,HHD
0,0,0,HHD
0,0,0,HHD
0,0,0,HHD
0,0,0,HHD
0,0,0,HHD
0,0,0,HHD
0,0,0,HHD
0,0,0,HHD
0,0,0,HHD
0,0,0,HHD
0,0,0,HHD
0,0,0,HHD
0,0,0,HHD
0,0,0,HHD
0,0,0,HHD
0,0,0,HHD
0,0,0,HHD
0,0,0,HHD
0,0,0,HHD
0,0,0,HHD
0,0,0,HHD
0,0,0,HHD
0,0,0,HHD
0,0,0,HHD
0,0,0,HHD
0,0,0,HHD
0,0,0,HHD
0,0,0,HHD
0,0,0,HHD
0,0,0,HHD
0,0,0,HHD
0,0,0,HHD
0,0,0,HHD
0,0,0,HHD
0,0,0,HHD
0.7992,0,-0.2,HHD
0.9288,0,0,HHD
0,-0.3,-0.1,HHD
0,0,0.1,HHD
0,0,-0.2,HHD
0,0,0,HHD
0,0,0,HHD
1.512,0.4,0,HHD
0,-0.4,0.1,HHD
0,0,0,HHD
0,0,0,HHD
0,0,0,HHD
0,0,0,HHD
0,0,0,HHD
0,0,0,HHD
0,0,0,HHD
0,0,0,HHD
0,0,0,HHD
0,0,0,HHD
0,0,0,HHD
0,0,0,HHD
0,0,0,HHD
0,0,0,HHD
0,0,0,HHD
0,0,0,HHD
0,0,0,HHD
0,0,0,HHD
0,0,0,HHD
0,0,0,HHD
0,0,0,HHD
0,0,0,HHD
0,0,0,HHD
0,0,0,HHD
0,0,0,HHD
0,0,0,HHD
0,0,0,HHD
0,0,0,HHD
0,0,0,HHD
0,0,0,HHD
0,0,0,HHD
0,0,0,HHD
0,0,0,HHD
0,0,0,HHD
0,0,0,HHD
0,0,0,HHD
0,0,0,HHD
0,0,0,HHD
0,0,0,HHD
0,0,0,HHD
0,0,0,HHD
0,0,0,HHD
0,0,0,HHD
0,0,0,HHD
0,0,0,HHD
0,0,0,HHD
0,0,0,HHD
0,0,0,HHD
0,0,0,HHD
0,0,0,HHD
0,0,0,HHD
0,0,0,HHD
0,0,0,HHD
0,0,0,HHD
0,0,0,HHD
0,0,0,HHD
0,0,0,HHD
0,0,0,HHD
0,0,0,HHD
0,0,0,HHD
0,0,0,HHD
0,0,0,HHD
0,0,0,HHD
0,0,0,HHD
0,0,0,HHD
0,0,0,HHD
0,0,0,HHD
0,0,0,HHD
0,0,0,HHD
0,0,0,HHD
0,0,0,HHD
0,0,0,HHD
0,0,0,HHD
0,0,0,HHD
0,0,0,HHD
0,0,0,HHD
0,0,0,HHD
0,0,0,HHD
0,0,0,HHD
0,0,0,HHD
0,0,0,HHD
0,0,0,HHD
0,0,0,HHD
0,0,0,HHD
0,0,0,HHD
0.9432,0.3,1.5,HHD
0,-0.3,-0.1,HHD
0,0,0,HHD
0,0,-0.1,HHD
0,0,0,HHD
0,0,0,HHD
0,0,0,HHD
0,0,0,HHD
0,0,0,HHD
0,0,0,HHD
0,0,0,HHD
0,0,0,HHD
0,0,0,HHD
0,0,0,HHD
0,0,0,HHD
0,0,0,HHD
0,0,0,HHD
1.1124,0.3,-1.3,HHD
1.494,0.1,-0.2,HHD
1.8648,0.1,-0.4,HHD
2.2248,0.1,-0.4,HHD
2.5776,0.1,-0.4,HHD
3.0384,0.1,-0.5,HHD
3.6072,0.2,-0.4,HHD
4.1796,0.2,-0.7,HHD
4.8348,0.2,-0.5,HHD
5.382,0.2,-0.7,HHD
5.6088,0.1,-0.6,HHD
5.7348,0,-0.6,HHD
5.7528,0,-0.8,HHD
5.6988,0,-0.7,HHD
5.5332,0,-1,HHD
5.1228,-0.1,-0.5,HHD
4.5396,-0.2,-0.5,HHD
3.9492,-0.2,0.1,HHD
3.1932,-0.2,0,HHD
2.4912,-0.2,0.1,HHD
1.9188,-0.2,0,HHD
0,-0.5,0.1,HHD
0,0,0,HHD
0,0,0.1,HHD
0,0,0,HHD
0,0,0,HHD
0,0,0,HHD
0,0,0,HHD
0,0,0,HHD
0,0,0,HHD
0,0,0,HHD
0,0,0,HHD
0,0,0,HHD
0,0,0,HHD
0,0,0,HHD
0,0,0,HHD
0,0,0,HHD
0,0,0,HHD
0,0,0,HHD
0,0,0,HHD
0,0,0,HHD
0,0,0,HHD
0,0,0,HHD
0,0,0,HHD
0,0,0,HHD
0,0,0,HHD
0,0,0,HHD
0,0,0,HHD
0,0,0,HHD
0,0,0,HHD
0,0,0,HHD
0,0,0,HHD
0,0,0,HHD
0,0,0,HHD
0,0,0,HHD
0.8496,0.2,-0.4,HHD
1.3644,0.1,-0.1,HHD
1.962,0.2,-0.1,HHD
2.394,0.1,0.1,HHD
3.0888,0.2,0.1,HHD
3.8232,0.2,0,HHD
4.5108,0.2,0,HHD
5.2056,0.2,-0.1,HHD
5.7204,0.1,-0.1,HHD
5.7168,0,0.1,HHD
5.5152,-0.1,-0.5,HHD
5.04,-0.1,-0.6,HHD
4.464,-0.2,-0.3,HHD
4.0104,-0.1,-0.3,HHD
3.3156,-0.2,-0.2,HHD
2.628,-0.2,0,HHD
1.9368,-0.2,-0.1,HHD
0,-0.5,-0.1,HHD
0,0,-0.2,HHD
0,0,0.1,HHD
0,0,0,HHD
0,0,0,HHD
0,0,0,HHD
0,0,0,HHD
0,0,0,HHD
0,0,0,HHD
0,0,0,HHD
0,0,0,HHD
0,0,0,HHD
0,0,0,HHD
0,0,0,HHD
0,0,0,HHD
0,0,0,HHD
0,0,0,HHD
0,0,0,HHD
0,0,0,HHD
0,0,0,HHD
0,0,0,HHD
0,0,0,HHD
0,0,0,HHD
0,0,0,HHD
0,0,0,HHD
0,0,0,HHD
0,0,0,HHD
0,0,0,HHD
0,0,0,HHD
0,0,0,HHD
0,0,0,HHD
0,0,0,HHD
0,0,0,HHD
0,0,0,HHD
0,0,0,HHD
2.484,0,0,MHD
3.348,0.2,-0.1,MHD
5.868,0.7,0.4,MHD
3.312,-0.7,0.1,MHD
2.772,-0.2,-0.8,MHD
4.968,0.6,0,MHD
3.132,-0.5,-0.6,MHD
4.968,0.5,-1.1,MHD
1.98,-0.8,-0.6,MHD
2.484,0.1,-0.8,MHD
3.132,0.2,-0.4,MHD
2.916,-0.1,0,MHD
2.34,-0.2,-0.2,MHD
3.924,0.4,-0.9,MHD
6.66,0.8,0.2,MHD
3.024,-1,0,MHD
4.392,0.4,-0.7,MHD
7.92,1,-0.1,MHD
10.188,0.6,1.2,MHD
7.704,-0.7,0.5,MHD
6.084,-0.5,-0.1,MHD
6.048,0,-0.1,MHD
6.66,0.2,0.1,MHD
7.2,0.2,-0.1,MHD
6.336,-0.2,0.2,MHD
6.516,0.1,0.1,MHD
7.128,0.2,0,MHD
7.668,0.2,0.1,MHD
7.272,-0.1,-0.1,MHD
7.524,0.1,-0.4,MHD
7.56,0,0.6,MHD
4.068,-1,-0.5,MHD
5.508,0.4,0.1,MHD
3.6,-0.5,-0.3,MHD
8.928,1.5,0.6,MHD
6.084,-0.8,0.2,MHD
7.164,0.3,0.5,MHD
4.968,-0.6,0.1,MHD
5.4,0.1,0.1,MHD
6.048,0.2,0.1,MHD
8.244,0.6,0,MHD
7.848,-0.1,-0.5,MHD
4.536,-0.9,0,MHD
5.472,0.3,-0.3,MHD
6.156,0.2,0,MHD
8.028,0.5,0.2,MHD
5.364,-0.7,0.5,MHD
4.752,-0.2,-0.2,MHD
7.92,0.9,0.2,MHD
7.416,-0.1,-0.6,MHD
8.748,0.4,-0.6,MHD
7.632,-0.3,-0.2,MHD
6.444,-0.3,-0.4,MHD
8.604,0.6,-1.1,MHD
7.488,-0.3,0.8,MHD
11.052,1,-0.8,MHD
7.416,-1,-1,MHD
6.084,-0.4,-1.4,MHD
8.064,0.6,-0.2,MHD
9.144,0.3,0.2,MHD
8.676,-0.1,-0.4,MHD
9.612,0.3,-0.1,MHD
6.228,-0.9,-0.6,MHD
7.92,0.5,0.2,MHD
10.116,0.6,0,MHD
13.14,0.8,0,MHD
14.436,0.4,-0.1,MHD
12.672,-0.5,0.2,MHD
13.248,0.2,-0.1,MHD
12.852,-0.1,-0.3,MHD
13.212,0.1,0,MHD
15.048,0.5,-0.1,MHD
13.824,-0.3,0,MHD
14.148,0.1,0.3,MHD
14.436,0.1,-0.2,MHD
15.624,0.3,0.1,MHD
13.608,-0.6,-0.5,MHD
14.544,0.3,0.1,MHD
14.832,0.1,0.2,MHD
13.392,-0.4,-0.1,MHD
14.292,0.3,0,MHD
13.68,-0.2,-0.4,MHD
13.896,0.1,-0.3,MHD
16.668,0.8,0.3,MHD
12.996,-1,-0.3,MHD
16.38,0.9,-0.3,MHD
17.172,0.2,-0.1,MHD
18.612,0.4,0.4,MHD
16.776,-0.5,-0.1,MHD
18.288,0.4,-0.2,MHD
16.308,-0.6,-0.5,MHD
14.04,-0.6,0.3,MHD
18.648,1.3,0.2,MHD
17.46,-0.3,0.3,MHD
13.248,-1.2,-0.7,MHD
18.936,1.6,-0.2,MHD
16.884,-0.6,-0.8,MHD
14.4,-0.7,0,MHD
14.22,0,0,MHD
9.864,-1.2,0.2,MHD
10.008,0,-0.7,MHD
9.612,-0.1,0.4,MHD
8.496,-0.3,0.1,MHD
10.98,0.7,-0.6,MHD
10.98,0,-0.5,MHD
10.656,-0.1,-0.8,MHD
18.144,2.1,0.4,MHD
15.48,-0.7,-0.1,MHD
15.66,0,0.4,MHD
14.148,-0.4,0.5,MHD
16.524,0.7,0.3,MHD
16.02,-0.1,0.3,MHD
14.544,-0.4,0.4,MHD
13.32,-0.3,-0.4,MHD
14.112,0.2,-0.5,MHD
13.68,-0.1,0,MHD
13.968,0.1,-0.2,MHD
14.76,0.2,0.2,MHD
14.868,0,-0.3,MHD
13.392,-0.4,-0.4,MHD
17.316,1.1,0.2,MHD
17.028,-0.1,0.1,MHD
15.516,-0.4,-0.4,MHD
15.156,-0.1,-0.4,MHD
14.472,-0.2,-0.2,MHD
13.14,-0.4,0.2,MHD
11.88,-0.4,0.1,MHD
9.108,-0.8,-1.3,MHD
6.012,-0.9,0.3,MHD
5.796,-0.1,0.6,MHD
0,-1.6,-0.3,MHD
0,0,0.1,MHD
0,0,0.1,MHD
0,0,0,MHD
7.38,2.1,0.6,MHD
6.048,-0.4,0.8,MHD
8.172,0.6,0.1,MHD
9.756,0.4,0.2,MHD
4.392,-1.5,0,MHD
10.296,1.6,-0.1,MHD
8.712,-0.4,-0.9,MHD
10.116,0.4,-0.2,MHD
11.808,0.5,-0.3,MHD
11.592,-0.1,-0.2,MHD
10.908,-0.2,0,MHD
7.128,-1.1,0.2,MHD
10.656,1,-0.9,MHD
11.52,0.2,0.1,MHD
13.788,0.6,0.2,MHD
11.088,-0.8,-0.3,MHD
11.592,0.1,-0.3,MHD
12.636,0.3,-0.3,MHD
14.832,0.6,0,MHD
15.84,0.3,-0.3,MHD
14.292,-0.4,-0.6,MHD
14.76,0.1,0,MHD
16.992,0.6,0.1,MHD
19.188,0.6,-0.3,MHD
20.916,0.5,0.3,MHD
20.268,-0.2,0.2,MHD
19.872,-0.1,1,MHD
18.792,-0.3,-0.3,MHD
19.44,0.2,-0.2,MHD
19.656,0.1,-0.4,MHD
19.764,0,0.7,MHD
19.224,-0.2,0,MHD
19.116,0,0.2,MHD
18.216,-0.3,-0.1,MHD
17.208,-0.3,-0.3,MHD
16.272,-0.3,0.3,MHD
15.696,-0.2,-0.1,MHD
15.3,-0.1,0.9,MHD
14.4,-0.3,0.6,MHD
11.88,-0.7,0.1,MHD
11.124,-0.2,-0.1,MHD
11.916,0.2,-0.2,MHD
12.492,0.2,-0.1,MHD
13.5,0.3,-0.1,MHD
13.572,0,-0.3,MHD
13.284,-0.1,-0.5,MHD
12.528,-0.2,-0.2,MHD
11.952,-0.2,-0.4,MHD
12.024,0,-0.1,MHD
11.736,-0.1,-0.1,MHD
12.816,0.3,-0.2,MHD
12.6,-0.1,0,MHD
12.852,0.1,0,MHD
13.788,0.3,0.1,MHD
13.572,-0.1,-0.3,MHD
13.896,0.1,-0.3,MHD
13.788,0,0,MHD
13.86,0,0,MHD
13.932,0,0.3,MHD
14.148,0.1,0.3,MHD
13.644,-0.1,-0.1,MHD
13.608,0,-0.3,MHD
14.364,0.2,-0.1,MHD
15.264,0.3,0,MHD
15.192,0,-0.2,MHD
14.976,-0.1,0.3,MHD
15.624,0.2,-0.2,MHD
16.164,0.2,-0.2,MHD
16.02,0,-0.1,MHD
15.66,-0.1,0.1,MHD
15.552,0,0.2,MHD
15.624,0,0.3,MHD
15.012,-0.2,0.6,MHD
14.832,0,0.1,MHD
14.904,0,0.3,MHD
15.048,0,0,MHD
13.824,-0.3,0.2,MHD
14.616,0.2,-0.9,MHD
0,0,0,MHD
10.62,3,-0.8,MHD
16.2,1.6,-0.8,MHD
16.38,0,-0.1,MHD
16.416,0,-0.2,MHD
16.524,0,0.2,MHD
0,0,0,MHD
10.908,3,-0.3,MHD
12.024,0.3,-0.5,MHD
4.212,1.2,-0.8,MHD
0,-1.2,-0.1,MHD
3.528,1,-0.3,MHD
8.352,1.3,-1.5,MHD
7.416,-0.4,-1.1,MHD
7.74,0.1,2.3,MHD
8.784,0.3,0.6,MHD
14.58,1.6,-1.2,MHD
14.436,-2.8,0.4,MHD
16.02,0.4,-0.2,MHD
14.184,-0.5,-0.1,MHD
14.148,0,-0.6,MHD
14.868,0.2,0.4,MHD
14.292,-0.2,1.7,MHD
14.724,0.1,-0.1,MHD
15.66,0.3,0.4,MHD
16.596,0.3,0.3,MHD
16.704,0,0.2,MHD
16.092,-0.2,0.1,MHD
16.992,0.3,0.2,MHD
18.936,0.5,0.4,MHD
18.324,-0.2,0.5,MHD
17.748,-0.2,-0.5,MHD
18.072,0.1,0.2,MHD
18.288,0.1,0.6,MHD
17.64,-0.2,-0.4,MHD
16.596,-0.3,0.5,MHD
15.264,-0.4,-0.4,MHD
12.708,-0.7,-0.2,MHD
12.708,0.2,0.4,MHD
12.024,-0.2,0.1,MHD
11.808,-0.1,0.5,MHD
12.204,0.1,-0.2,MHD
12.42,0.1,0.6,MHD
12.492,0,0.4,MHD
17.208,0.1,-0.2,MHD
14.148,-0.9,-0.2,MHD
15.696,0.4,0,MHD
15.3,-0.1,-0.8,MHD
14.328,-0.3,-0.4,MHD
14.148,0,-0.1,MHD
0,0,-0.1,MHD
1.008,0.3,0,MHD
11.412,2.9,0.6,MHD
9.72,-0.5,0,MHD
10.836,0.3,0.2,MHD
10.44,-0.1,-0.1,MHD
0,-2.9,-0.2,MHD
0,0,0,MHD
0,0,0,MHD
0,0,-0.9,MHD
8.208,2.3,-1.4,MHD
12.168,1.1,-0.2,MHD
14.184,0.6,-0.9,MHD
14.22,0,-0.2,MHD
14.94,0.2,-1,MHD
17.532,0,0.1,MHD
19.584,0.6,0.4,MHD
19.692,0,-0.6,MHD
20.016,0.4,1.1,MHD
20.736,0.2,1.3,MHD
20.628,0,0.5,MHD
19.836,-0.2,1,MHD
20.016,0,0.1,MHD
18.216,-0.5,0.4,MHD
19.656,0.4,0.6,MHD
19.908,0.1,0.3,MHD
19.404,-0.1,-0.1,MHD
18.864,-0.1,-1.2,MHD
17.136,-0.5,0.2,MHD
18.936,0.5,-0.4,MHD
15.084,-1.1,-0.1,MHD
14.22,-0.2,0.2,MHD
18.18,1.1,-0.1,MHD
18.864,0.2,-1,MHD
15.984,-0.8,1,MHD
19.368,0.9,0.2,MHD
18.252,-0.3,0.8,MHD
9.216,-2.5,1.6,MHD
5.652,-1,-0.7,MHD
7.92,0.6,0.3,MHD
8.568,0.2,0.5,MHD
6.516,-0.6,0.6,MHD
0.972,-1.5,-1.8,MHD
5.76,1.3,0.8,MHD
5.688,0,-0.1,MHD
7.2,0.4,1.1,MHD
6.768,-0.1,1.1,MHD
11.268,1.3,0.3,MHD
11.556,0.1,-0.6,MHD
11.304,-0.1,-0.3,MHD
13.284,0.6,0.8,MHD
12.42,-0.2,0.2,MHD
6.12,-1.8,-0.1,MHD
4.968,-0.3,0.4,MHD
5.868,0.3,-0.5,MHD
7.632,0.5,-0.3,MHD
5.616,-0.6,-2.4,MHD
1.728,-1.1,-1.4,MHD
4.068,0.7,-1.4,MHD
7.02,0.8,1.3,MHD
6.804,-0.1,-0.3,MHD
8.136,0.4,0.8,MHD
13.68,1.5,0.7,MHD
15.984,0.6,1.5,MHD
20.268,1.2,0.2,MHD
15.84,-1.2,1.1,MHD
16.236,0.1,-0.8,MHD
16.344,0,0.4,MHD
16.02,-0.1,0.6,MHD
13.608,-0.7,0.1,MHD
11.592,-0.6,-0.5,MHD
11.34,-0.1,0.2,MHD
8.928,-0.7,-0.4,MHD
7.056,-0.5,0.6,MHD
2.556,-1.3,0.6,MHD
1.044,-0.4,-0.5,MHD
1.584,0.2,0.1,MHD
1.008,-0.2,0.2,MHD
0.828,-0.1,0.2,MHD
0,-0.2,1.1,MHD
0,0,0.5,MHD
0,0,0.6,MHD
0,0,0.3,MHD
0,0,0.4,MHD
0,0,0.2,MHD
0,0,-0.1,MHD
4.068,1.1,0.9,MHD
3.96,0,1,MHD
2.016,-0.5,-0.3,MHD
4.68,0.7,-3.4,MHD
3.816,-0.2,-0.8,MHD
3.276,-0.2,-0.2,MHD
5.112,0.5,-0.2,MHD
6.3,0.3,-0.2,MHD
6.876,0.2,-0.1,MHD
5.184,-0.5,-0.2,MHD
5.292,0,-0.1,MHD
4.428,-0.2,1.1,MHD
4.032,-0.1,-0.5,MHD
2.7,-0.4,-0.4,MHD
3.42,0.2,-0.8,MHD
2.7,-0.2,0.4,MHD
3.24,0.2,-1,MHD
4.464,0.3,-0.5,MHD
5.004,0.2,-0.3,MHD
6.084,0.3,0,MHD
7.488,0.4,0.3,MHD
9.324,0.5,-0.1,MHD
9.252,0,0.9,MHD
12.024,0.8,0.4,MHD
11.736,-0.1,-0.3,MHD
12.6,0.2,0.4,MHD
13.356,0.2,0.5,MHD
16.272,0.8,-0.6,MHD
17.388,0.3,0.1,MHD
18.972,0.4,0,MHD
17.532,-0.7,-1.1,MHD
16.632,1.1,0.6,MHD
18.936,0.6,3.4,MHD
19.332,0.1,1.6,MHD
17.388,-0.5,1.4,MHD
16.956,-0.1,0.1,MHD
11.376,-1.6,0.3,MHD
12.456,0.3,0.4,MHD
22.248,2.7,0.2,MHD
17.172,-1.4,-0.9,MHD
16.02,-0.3,1.3,MHD
17.028,0.3,1,MHD
2.952,0.5,-0.7,MHD
4.968,0.6,0.8,MHD
12.816,2.2,-0.7,MHD
15.516,0.8,-0.4,MHD
9.288,-1.7,1.3,MHD
16.416,2,0.1,MHD
18.864,0.7,-0.6,MHD
16.236,-0.7,-0.6,MHD
16.956,0.2,0.5,MHD
16.668,-0.1,0.3,MHD
15.876,-0.2,-0.2,MHD
15.3,-0.2,0,MHD
14.796,-0.1,0.3,MHD
13.5,-0.4,0.4,MHD
12.528,-0.3,0.1,MHD
10.332,-0.6,0.5,MHD
17.532,2,-0.2,MHD
14.508,-0.8,0.2,MHD
10.044,-1.2,0.9,MHD
10.08,0,0,MHD
7.02,-0.9,0.6,MHD
8.172,0.3,0.6,MHD
16.704,2.4,-2.4,MHD
18.324,0.5,0.3,MHD
18.216,0,-0.2,MHD
17.496,-0.2,0.8,MHD
14.796,-0.8,0.8,MHD
14.256,-0.2,1.3,MHD
14.256,0,0.1,MHD
13.752,-0.1,0.5,MHD
11.412,-0.7,1.3,MHD
10.224,-0.3,0.7,MHD
7.632,-0.7,0.1,MHD
1.836,-1.6,-1.7,MHD
5.4,1,-1.4,MHD
5.58,0.1,1,MHD
3.528,-0.6,-1,MHD
6.12,0.7,-1.1,MHD
9.324,0.9,-1.1,MHD
10.98,0.5,-0.3,MHD
11.412,0.1,-0.4,MHD
14.472,0.9,0.3,MHD
14.688,0.1,0,MHD
14.76,0,0.9,MHD
13.68,-0.4,1.4,MHD
15.192,0.4,1,MHD
15.408,0.1,0.5,MHD
12.096,-0.9,0.8,MHD
10.08,-0.6,-1.5,MHD
7.2,-0.8,-0.7,MHD
7.488,0.1,-0.8,MHD
7.056,-0.1,-0.5,MHD
7.704,0.2,-0.3,MHD
9.936,0.6,-0.6,MHD
12.204,0.6,0,MHD
13.896,0.5,0.1,MHD
14.04,0,0,MHD
12.996,-0.3,-0.7,MHD
13.104,0,-0.3,MHD
16.344,0.9,-1.1,MHD
16.668,0.1,0.6,MHD
17.244,0.2,1,MHD
16.74,-0.1,0.6,MHD
8.028,-2.4,0.1,MHD
5.292,-0.8,-0.3,MHD
6.876,0.4,-0.1,MHD
9.864,0.8,-1,MHD
12.816,0.8,-0.3,MHD
9.036,-1.1,0,MHD
6.048,-0.8,0.3,MHD
6.12,0,0.4,MHD
1.8,-1.2,-0.3,MHD
2.448,0.2,-0.9,MHD
1.368,-0.3,-0.7,MHD
1.908,0.2,-0.4,MHD
2.124,0.1,-0.2,MHD
4.428,0.6,0.3,MHD
4.248,-0.1,0.1,MHD
5.616,0.4,0.5,MHD
6.876,0.4,0,MHD
9.216,0.7,-0.6,MHD
11.808,0.7,0.1,MHD
13.896,0.6,-1.1,MHD
15.984,0.6,-0.1,MHD
15.372,-0.2,0,MHD
13.392,-0.5,-0.8,MHD
13.572,0,0.1,MHD
11.988,-0.4,0.2,MHD
16.2,1.2,-0.5,MHD
19.476,0.9,0.9,MHD
17.568,-0.5,0.3,MHD
18.72,0.3,0.3,MHD
19.368,0.2,-0.4,MHD
18,-0.4,-0.1,MHD
17.964,0,0.2,MHD
18.36,0.1,-1,MHD
16.848,-0.4,0.5,MHD
15.516,-0.4,-0.8,MHD
15.084,-0.1,0.4,MHD
11.34,-1,-0.4,MHD
12.996,0.5,-0.4,MHD
13.104,0,-1.2,MHD
14.688,0.4,-0.9,MHD
13.428,-0.4,-0.5,MHD
10.584,-0.8,-0.5,MHD
9.18,-0.4,0.3,MHD
8.856,-0.1,0.6,MHD
7.416,-0.4,0.5,MHD
8.532,0.3,0.3,MHD
9.504,0.3,-0.4,MHD
14.04,1.3,0.2,MHD
16.02,0.6,0.2,MHD
19.188,0.9,-0.4,MHD
19.404,0.1,-0.2,MHD
14.112,-1.5,-1.5,MHD
18,1.1,0.2,MHD
17.676,-0.1,0.1,MHD
15.84,-0.5,-0.1,MHD
15.984,0,1,MHD
17.568,0.4,-0.1,MHD
15.552,-0.6,1.4,MHD
13.824,-0.5,0.3,MHD
10.116,-1,-0.3,MHD
7.92,-0.6,0.3,MHD
3.96,-1.1,1,MHD
3.672,-0.1,-0.8,MHD
4.284,0.2,-0.1,MHD
4.176,0,-0.8,MHD
4.176,0,-0.1,MHD
4.932,0.2,0.9,MHD
5.616,0.2,0.1,MHD
6.012,0.1,0.7,MHD
7.92,0.5,0.5,MHD
7.452,-0.1,-0.4,MHD
5.436,-0.6,-0.4,MHD
10.944,1.5,0.8,MHD
12.096,0.3,0.2,MHD
13.284,0.3,0.1,MHD
14.94,0.5,-0.8,MHD
13.248,-0.5,-0.1,MHD
13.788,0.2,-0.3,MHD
14.652,0.2,-1.3,MHD
13.968,-0.2,0.5,MHD
14.616,0.2,0,MHD
13.212,-0.4,0.5,MHD
14.112,0.3,0,MHD
14.328,0.1,0.6,MHD
17.604,0.9,0.5,MHD
16.416,-0.3,-0.8,MHD
16.992,0.2,1.2,MHD
16.776,-0.1,1.7,MHD
14.436,-0.7,-0.6,MHD
11.808,-0.7,-1.4,MHD
13.644,0.5,-0.7,MHD
14.076,0.1,-0.7,MHD
15.48,0.4,-0.3,MHD
17.748,0.6,-0.7,MHD
18.288,0.2,-0.1,MHD
20.844,0.7,-0.1,MHD
21.204,0.1,-0.5,MHD
21.168,0,0.3,MHD
21.276,0,0,MHD
20.628,-0.2,0,MHD
18.108,-0.7,0,MHD
18.756,0.2,1,MHD
13.968,-1.3,0,MHD
10.8,-0.9,0.7,MHD
10.512,-0.1,-0.4,MHD
9.648,-0.2,-0.3,MHD
10.512,0.2,-0.9,MHD
18.576,2.2,0.5,MHD
22.032,1,0.3,MHD
22.248,0.1,0.3,MHD
21.528,-0.2,0.1,MHD
19.512,-0.6,-0.3,MHD
17.028,-0.7,-0.3,MHD
14.508,-0.7,-0.2,MHD
11.16,-0.9,1.5,MHD
9.612,-0.4,0.1,MHD
7.704,-0.5,0.4,MHD
5.76,-0.5,0,MHD
5.472,-0.1,0.7,MHD
5.436,0,0.9,MHD
0,-1.5,0.1,MHD
5.472,1.5,0.4,MHD
5.76,0.1,-0.2,MHD
5.256,-0.1,0.9,MHD
4.824,-0.1,0.5,MHD
3.672,-0.3,0.4,MHD
1.368,-0.6,-0.5,MHD
0,-0.4,0.6,MHD
0,0,0.1,MHD
0,0,0.4,MHD
0,0,0.1,MHD
0,0,0.2,MHD
0,0,-0.1,MHD
0,0,0.1,MHD
0,0,0.8,MHD
0.9,0.3,-0.2,MHD
1.188,0.1,0.4,MHD
1.944,0.2,0.3,MHD
2.664,0.2,0.6,MHD
2.592,0,0.4,MHD
2.34,-0.1,0.2,MHD
0,-0.7,0.2,MHD
0,0,0.1,MHD
0,0,0.1,MHD
0,0,-0.1,MHD
3.24,0.9,-0.3,MHD
3.024,-0.1,-0.3,MHD
2.736,-0.1,-0.1,MHD
2.052,-0.2,0.2,MHD
0,-0.6,0.1,MHD
0,0,0.2,MHD
0,0,-0.2,MHD
3.816,1.1,-0.7,MHD
7.308,1,0.1,MHD
7.308,0,-0.8,MHD
6.696,-0.2,0.1,MHD
5.364,-0.4,-0.6,MHD
5.328,0,0,MHD
4.968,-0.1,-0.4,MHD
7.02,0.6,0,MHD
9.288,0.6,0.2,MHD
9.504,0.1,-0.5,MHD
8.784,-0.2,-0.6,MHD
10.152,0.4,-0.1,MHD
10.944,0.2,-0.6,MHD
11.376,0.1,-0.1,MHD
9.576,-0.5,-0.2,MHD
12.636,0.9,0.4,MHD
13.824,0.3,0.3,MHD
11.34,-0.7,-0.4,MHD
11.772,0.1,0,MHD
11.448,-0.1,0.2,MHD
11.664,0.1,-0.1,MHD
12.24,0.2,0,MHD
14.868,0.7,0.2,MHD
16.2,0.4,0.5,MHD
13.176,-0.8,0.2,MHD
7.596,-1.6,-0.6,MHD
8.352,0.2,-0.1,MHD
9.432,0.3,0.2,MHD
12.672,0.9,1.6,MHD
14.58,0.5,0.7,MHD
15.408,0.2,1,MHD
17.568,0.6,0.5,MHD
20.448,0.8,0.2,MHD
19.944,-0.1,0.1,MHD
18.792,-0.3,-0.7,MHD
17.244,-0.4,-1,MHD
17.136,0,0,MHD
17.82,0.2,1.2,MHD
15.768,-0.6,-0.7,MHD
9.864,-1.6,0,MHD
8.928,-0.3,-0.4,MHD
8.892,0,0.4,MHD
10.62,0.5,-0.8,MHD
11.952,0.4,0.1,MHD
11.916,0,0,MHD
10.8,-0.3,-1.1,MHD
11.304,0.1,-0.4,MHD
13.392,0.6,0.3,MHD
14.688,0.4,0,MHD
15.12,0.1,0.8,MHD
16.02,0.3,-0.5,MHD
15.3,-0.2,0,MHD
16.884,0.4,0.5,MHD
15.192,-0.5,-0.7,MHD
15.048,0,-0.1,MHD
12.6,-0.7,1.2,MHD
14.256,0.5,-0.1,MHD
16.38,0.6,0,MHD
15.696,-0.2,-0.2,MHD
15.552,0,0.9,MHD
12.924,-0.7,-0.8,MHD
14.328,0.4,0.3,MHD
15.084,0.2,0,MHD
15.048,0,-0.2,MHD
12.78,-0.6,0.9,MHD
12.996,0.1,-0.4,MHD
12.816,0,-0.5,MHD
11.196,-0.5,0,MHD
10.728,-0.1,0.3,MHD
10.404,-0.1,0.6,MHD
9.216,-0.3,0.2,MHD
8.46,-0.2,1,MHD
6.732,-0.5,-0.4,MHD
7.848,0.3,0.4,MHD
6.336,-0.4,-0.9,MHD
10.944,1.3,0,MHD
12.996,0.6,0.1,MHD
13.176,0.1,0.4,MHD
12.168,-0.3,-0.1,MHD
12.816,0.2,0.6,MHD
10.98,-0.5,0.4,MHD
10.836,0,-0.1,MHD
12.06,0.3,0.6,MHD
13.284,0.3,-0.6,MHD
13.572,0.1,0.6,MHD
14.148,0.2,0.2,MHD
13.464,-0.2,0.2,MHD
13.248,-0.1,-0.6,MHD
13.824,0.2,-0.2,MHD
14.04,0.1,0.2,MHD
14.22,0.1,-0.7,MHD
14.508,0.1,0.3,MHD
9.72,-1.3,0.3,MHD
12.996,0.9,0.4,MHD
11.124,-0.5,0.2,MHD
10.908,-0.1,0.9,MHD
8.604,-0.6,-0.3,MHD
9.612,0.3,-0.5,MHD
9.972,0.1,-0.7,MHD
14.508,1.3,0.9,MHD
15.444,0.3,1.1,MHD
14.148,-0.4,1.5,MHD
13.86,-0.1,-0.3,MHD
18.18,1.2,0.5,MHD
18.036,0,-0.9,MHD
17.388,-0.2,-0.9,MHD
16.776,-0.2,-0.7,MHD
15.696,-0.3,-0.8,MHD
17.532,0.5,-0.6,MHD
16.956,-0.2,-0.3,MHD
16.632,-0.1,0.1,MHD
15.768,-0.2,0.1,MHD
16.308,0.2,-0.4,MHD
16.272,0,-1.7,MHD
17.676,0.4,-0.1,MHD
16.344,-0.4,-0.5,MHD
10.692,-1.6,0.5,MHD
5.724,-1.4,-0.3,MHD
4.428,-0.4,-0.2,MHD
4.14,-0.1,-0.5,MHD
2.412,-0.5,-0.2,MHD
5.472,0.9,0.1,MHD
2.628,-0.8,-0.6,MHD
5.472,0.8,-0.3,MHD
5.04,-0.1,-0.6,MHD
6.372,0.4,-0.2,MHD
9.18,0.8,0.2,MHD
13.14,1.1,0.5,MHD
7.812,-1.5,-1,MHD
6.408,-0.4,0.1,MHD
6.156,-0.1,-0.9,MHD
7.236,0.3,1.3,MHD
9.36,0.6,-0.8,MHD
10.26,0.3,-0.5,MHD
10.44,0,0.2,MHD
8.748,-0.5,0.9,MHD
8.244,-0.1,0.3,MHD
8.532,0.1,1.3,MHD
10.296,0.5,0.9,MHD
12.24,0.5,0,MHD
13.68,0.4,0.1,MHD
15.264,0.4,0,MHD
16.416,0.3,-0.1,MHD
16.884,0.1,0.3,MHD
18.036,0.3,0.9,MHD
15.66,-0.7,0.9,MHD
16.56,0.3,0.7,MHD
12.744,-1.1,0.3,MHD
15.48,0.8,-0.2,MHD
16.956,0.4,-0.8,MHD
17.928,0.3,-0.6,MHD
17.928,0,-0.2,MHD
16.344,-0.4,-1.1,MHD
15.012,-0.4,0.3,MHD
14.724,-0.1,-0.5,MHD
15.12,0.1,0.3,MHD
13.104,-0.6,0.4,MHD
14.652,0.4,-0.2,MHD
14.076,-0.2,-0.3,MHD
14.004,0,0.6,MHD
13.644,-0.1,0.3,MHD
11.052,-0.7,0.1,MHD
10.08,-0.3,-1.7,MHD
13.428,0.9,0.7,MHD
11.484,-0.5,-0.6,MHD
13.284,0.5,1,MHD
14.22,0.3,0.2,MHD
15.408,0.3,-0.6,MHD
17.244,0.5,0.2,MHD
17.748,0.1,0.4,MHD
16.452,-0.4,0.8,MHD
17.964,0.4,0.9,MHD
20.34,0.7,-0.4,MHD
20.844,0.1,-0.2,MHD
20.808,0,0.4,MHD
20.16,-0.2,0.4,MHD
16.812,-0.9,0.1,MHD
17.028,0.1,-0.6,MHD
16.992,0,0,MHD
18,0.3,0.2,MHD
17.316,-0.2,-0.2,MHD
17.748,0.1,0,MHD
18.036,0.1,-0.3,MHD
17.856,0,-0.5,MHD
18.648,0.2,0,MHD
19.08,0.1,-0.2,MHD
18.972,0,-0.4,MHD
19.08,0,0.2,MHD
19.224,0,-0.5,MHD
17.568,-0.5,-0.8,MHD
18.288,0.2,0.2,MHD
18.9,0.2,-0.1,MHD
19.008,0,0.1,MHD
18.612,-0.1,0.2,MHD
19.08,0.1,0.5,MHD
18.252,-0.2,-0.6,MHD
14.796,-1,-1,MHD
13.572,-0.3,-0.6,MHD
14.4,0.2,0.3,MHD
13.176,-0.3,0.6,MHD
12.492,-0.2,-0.2,MHD
13.428,0.3,0,MHD
13.5,0,0.2,MHD
14.58,0.3,0.7,MHD
13.212,-0.4,0,MHD
13.68,0.1,-0.1,MHD
14.472,0.2,-1,MHD
17.208,0.8,0.4,MHD
15.3,-0.5,0,MHD
16.596,0.4,-0.8,MHD
17.28,0.2,-1.1,MHD
15.624,-0.5,-1.4,MHD
16.812,0.3,-0.6,MHD
18.72,0.5,0.7,MHD
18.54,0,-0.3,MHD
18.216,-0.1,0.6,MHD
18.972,0.2,-0.2,MHD
19.44,0.1,0.3,MHD
19.404,0,-0.1,MHD
18.288,-0.3,-0.4,MHD
17.028,-0.4,-0.5,MHD
18.324,0.4,0.7,MHD
19.116,0.2,-0.1,MHD
17.46,-0.5,-0.2,MHD
16.524,-0.3,0,MHD
14.292,-0.6,0.4,MHD
12.168,-0.6,0.9,MHD
15.084,0.8,0.6,MHD
14.868,-0.1,-0.1,MHD
15.336,0.1,0.2,MHD
16.488,0.3,0.3,MHD
16.524,0,0,MHD
17.064,0.2,-0.7,MHD
18.576,0.4,-0.1,MHD
19.368,0.2,-0.4,MHD
10.764,-2.4,-0.9,MHD
6.264,-1.3,0,MHD
8.784,0.7,-0.7,MHD
9.756,0.3,-0.3,MHD
8.46,-0.4,-1.2,MHD
9.072,0.2,0.5,MHD
12.492,1,0.7,MHD
12.672,0,2,MHD
12.744,0,0.9,MHD
14.544,0.5,0.3,MHD
15.336,0.2,0.3,MHD
14.328,-0.3,0,MHD
13.608,-0.2,0.5,MHD
12.384,-0.3,0.2,MHD
15.192,0.8,0.2,MHD
14.04,-0.3,0.2,MHD
14.328,0.1,-0.2,MHD
18.144,1.1,0,MHD
11.16,-1.9,0.2,MHD
14.904,1,-0.5,MHD
12.852,-0.6,-0.1,MHD
10.116,-0.8,-1.4,MHD
12.312,0.6,-0.2,MHD
14.148,0.5,-0.5,MHD
17.784,1,1.1,MHD
16.38,-0.4,1.1,MHD
19.512,0.9,1,MHD
17.28,-0.6,0.9,MHD
19.44,0.6,0,MHD
18.864,-0.2,-0.3,MHD
19.368,0.1,0.5,MHD
19.26,0,0.1,MHD
18.576,-0.2,-0.2,MHD
19.224,0.2,-0.5,MHD
18.072,-0.3,-0.1,MHD
17.064,-0.3,0.4,MHD
15.768,-0.4,0,MHD
13.932,-0.5,0.2,MHD
12.168,-0.5,0.5,MHD
15.048,0.8,-0.2,MHD
15.3,0.1,0.5,MHD
15.552,0.1,0.1,MHD
14.58,-0.3,0.1,MHD
16.2,0.5,0.3,MHD
14.184,-0.6,0.1,MHD
17.208,0.8,0.8,MHD
17.172,0,-0.5,MHD
16.308,-0.2,-0.9,MHD
15.948,-0.1,-0.2,MHD
15.516,-0.1,-0.5,MHD
14.076,-0.4,-0.4,MHD
11.808,-0.6,-0.2,MHD
9,-0.8,-0.2,MHD
8.568,-0.1,-0.1,MHD
8.712,0,0.2,MHD
7.956,-0.2,-0.3,MHD
8.136,0,-0.9,MHD
10.944,0.8,0.2,MHD
12.888,0.5,-0.7,MHD
13.86,0.3,-0.8,MHD
13.968,0,-0.3,MHD
12.744,-0.3,0,MHD
13.284,0.2,0,MHD
14.184,0.3,-0.4,MHD
14.652,0.1,-0.2,MHD
14.328,-0.1,-0.7,MHD
14.58,0.1,-0.1,MHD
12.384,-0.6,0.2,MHD
8.46,-1.1,0.2,MHD
0,-2.4,-0.4,MHD
8.316,-1.1,0.4,MHD
0,-2.3,-0.2,MHD
8.136,2.3,-0.7,MHD
10.368,0.6,-0.6,MHD
10.476,0,-0.9,MHD
0,-2.9,-0.6,MHD
13.284,0.2,-0.5,MHD
4.5,-1.4,-1.7,MHD
0,-1.3,-0.3,MHD
0,0,0.5,MHD
0,0,-0.2,MHD
13.104,-2.2,0.6,MHD
9.576,-1,1.3,MHD
6.84,-0.8,0.9,MHD
12.636,1.6,1.6,MHD
12.132,-0.1,1.8,MHD
14.22,0.6,1.4,MHD
17.892,1,1.8,MHD
19.044,0.3,0.2,MHD
19.188,0,0.9,MHD
18.18,-0.3,0.4,MHD
13.716,-1.2,0.5,MHD
12.924,-0.2,0,MHD
15.984,0.9,-0.6,MHD
14.364,-0.5,-0.1,MHD
10.944,-1,-0.1,MHD
12.636,0.5,0.4,MHD
19.548,1.9,1.1,MHD
13.932,-1.6,0.3,MHD
11.196,-0.8,-0.7,MHD
13.896,0.8,0.5,MHD
13.968,0,0.1,MHD
17.028,0.9,-0.3,MHD
12.924,-1.1,0.2,MHD
6.3,-1.8,0.7,MHD
15.336,2.5,0.6,MHD
11.556,-1.1,-0.7,MHD
12.96,0.4,-0.8,MHD
10.044,-0.8,-0.7,MHD
13.968,1.1,-0.5,MHD
5.796,-2.3,0.9,MHD
15.084,-1,0.3,MHD
20.376,1.5,0.9,MHD
18.072,-0.6,0.2,MHD
15.12,-0.8,-0.4,MHD
17.82,0.8,0.3,MHD
16.488,-0.4,0.1,MHD
18,0.4,0,MHD
18.684,0.2,-0.1,MHD
14.976,1.1,-0.6,MHD
15.876,0.3,0.1,MHD
17.028,0.3,1.3,MHD
17.784,0.2,0.5,MHD
18.18,0.1,-0.1,MHD
18.144,0,0.3,MHD
0,0,0,MHD
0,0,0,MHD
12.384,0.2,0.4,MHD
12.348,0,-0.2,MHD
13.356,0.3,-0.4,MHD
10.692,3,-0.1,MHD
0,-3,-0.1,MHD
2.484,0.7,-0.1,MHD
11.808,2.6,-1,MHD
15.732,1.1,0,MHD
18.648,0.8,-0.3,MHD
16.56,-0.6,3.4,MHD
13.896,-0.7,1.1,MHD
15.912,0.6,0.4,MHD
16.344,0.1,0.1,MHD
16.2,0,-0.8,MHD
17.28,0.3,0.7,MHD
14.508,-0.8,0.7,MHD
20.844,1.8,0.4,MHD
18.864,-0.6,0.2,MHD
16.884,-0.6,0.7,MHD
16.74,0,0.3,MHD
8.532,2.4,-1.5,MHD
14.976,1.8,0.1,MHD
17.064,0.6,-0.3,MHD
17.928,0.2,1.2,MHD
10.116,-0.2,0.2,MHD
11.7,0.4,1.5,MHD
12.204,0.1,1.5,MHD
14.328,0.6,1.5,MHD
7.776,-1.8,0.6,MHD
15.048,2,0.1,MHD
20.952,1.6,0.8,MHD
13.968,-1.9,1.6,MHD
11.808,-0.6,1.4,MHD
11.016,-0.2,0.6,MHD
11.664,0.2,0.4,MHD
13.536,0.5,0.3,MHD
15.66,0.6,1.2,MHD
15.768,0,0.1,MHD
14.436,-0.4,0,MHD
13.572,-0.2,-0.1,MHD
6.66,-1.9,-0.4,MHD
12.492,1.6,1.3,MHD
17.316,1.3,0.3,MHD
16.308,-0.3,0.2,MHD
13.176,-0.9,0.1,MHD
14.904,0.5,-0.6,MHD
17.064,0.6,0.6,MHD
14.544,-0.7,0.2,MHD
13.176,-0.4,-0.1,MHD
13.644,0.1,0.8,MHD
14.364,0.2,0.1,MHD
15.768,0.4,0.3,MHD
15.48,-0.1,0.2,MHD
17.64,0.6,-0.1,MHD
11.412,-1.7,-0.5,MHD
18.144,1.9,0.2,MHD
15.444,-0.8,0.9,MHD
14.076,-0.4,-0.4,MHD
18.324,1.2,0.2,MHD
14.436,-1.1,0.2,MHD
13.788,-0.2,0.7,MHD
9.108,-1.3,-0.8,MHD
9.54,0.1,-0.2,MHD
10.296,0.2,0.5,MHD
6.66,-1,-0.7,MHD
16.812,-0.2,1.3,MHD
17.136,0.1,0.2,MHD
20.376,0.9,-0.3,MHD
20.34,0,0.5,MHD
18.792,-0.4,0.6,MHD
18.792,0,-0.5,MHD
18.468,-0.1,-0.5,MHD
18.648,0,0.5,MHD
8.64,-2.8,-0.7,MHD
21.204,0.3,-0.2,MHD
20.34,-0.2,-0.3,MHD
21.096,0.2,0.4,MHD
21.312,0.1,0.5,MHD
20.844,-0.1,0.2,MHD
20.196,-0.2,0.1,MHD
20.988,0.2,-0.6,MHD
21.132,0,-0.2,MHD
21.24,0,-0.2,MHD
21.384,0,0.2,MHD
21.492,0,0,MHD
21.384,0,0.1,MHD
21.456,0,0.2,MHD
21.132,-0.1,0.4,MHD
20.916,-0.1,-1,MHD
20.592,-0.1,0,MHD
20.124,-0.1,0.1,MHD
18.828,-0.4,-1.1,MHD
16.38,-0.7,-0.6,MHD
19.332,0.8,0,MHD
19.872,0.1,0.4,MHD
19.404,-0.1,0.1,MHD
17.244,-0.6,-0.7,MHD
18.144,0.3,-1.2,MHD
18.576,0.1,-0.5,MHD
18.612,0,-0.3,MHD
16.92,-0.5,-0.2,MHD
13.572,-0.9,-0.4,MHD
5.112,-2.4,-0.4,MHD
6.516,0.4,0,MHD
6.624,0,0.5,MHD
5.724,-0.3,0.6,MHD
4.176,-0.4,-0.1,MHD
5.004,0.2,-0.1,MHD
4.716,-0.1,0.7,MHD
4.464,-0.1,0.5,MHD
4.788,0.1,-0.3,MHD
8.388,1,-0.1,MHD
8.1,-0.1,-0.1,MHD
12.888,1.3,0,MHD
16.02,0.9,-1.2,MHD
14.004,-0.6,-0.5,MHD
15.732,0.5,-0.5,MHD
16.092,0.1,-0.6,MHD
17.136,0.3,0.5,MHD
18.144,0.3,0.5,MHD
17.712,-0.1,0.3,MHD
15.624,-0.6,0.2,MHD
16.596,0.3,-0.2,MHD
17.928,0.4,0.1,MHD
17.892,0,0.3,MHD
17.892,0,0.3,MHD
17.856,0,0.4,MHD
17.964,0,0.3,MHD
18.072,0,0.3,MHD
17.748,-0.1,-0.1,MHD
14.724,-0.8,-0.7,MHD
14.22,-0.1,0.5,MHD
14.436,0.1,0.1,MHD
13.356,-0.3,-0.1,MHD
14.112,0.2,0.1,MHD
16.344,0.6,-0.1,MHD
18,0.5,-0.2,MHD
18.54,0.2,-0.1,MHD
18.36,-0.1,0.2,MHD
18.648,0.1,-0.2,MHD
18.972,0.1,-0.1,MHD
19.188,0.1,0,MHD
19.044,0,-0.5,MHD
18.9,0,-0.1,MHD
19.008,0,-0.1,MHD
18.936,0,-0.1,MHD
19.224,0.1,0.3,MHD
18.72,-0.1,0.1,MHD
13.896,-1.3,0.1,MHD
14.832,0.3,-0.8,MHD
17.028,0.6,-1.1,MHD
19.368,0.6,0.3,MHD
20.196,0.2,0.1,MHD
19.872,-0.1,0.5,MHD
20.556,0.2,0.1,MHD
20.808,0.1,-0.1,MHD
20.916,0,-0.4,MHD
21.528,0.2,0.1,MHD
21.6,0,0.2,MHD
21.744,0,0,MHD
21.456,-0.1,0.1,MHD
20.844,-0.2,0.1,MHD
20.088,-0.2,0.1,MHD
19.692,-0.1,0,MHD
0,0,0,MHD
0,0,0,MHD
0,0,0,MHD
0,0,0,MHD
0,0,0,MHD
0,0,-0.8,MHD
0,0,0,MHD
0,0,0.3,MHD
0,0,0,MHD
0,0,0.2,MHD
0,0,0.1,MHD
0,0,0,MHD
0,0,0,MHD
0,0,0.2,MHD
0,0,0,MHD
0,0,0.3,MHD
0,0,0.2,MHD
0,0,0,MHD
0,0,0,MHD
5.508,1.5,0.1,MHD
5.3784,0,0,MHD
5.346,0,0.3,MHD
5.436,0,-0.1,MHD
5.58,0,-0.1,MHD
5.7708,0.1,0.1,MHD
6.048,0.1,-0.2,MHD
6.4332,0.1,-0.2,MHD
0,-1.8,0.1,MHD
6.5916,1.8,0,MHD
6.3468,-0.1,0,MHD
6.1056,-0.1,0.1,MHD
5.904,-0.1,-0.1,MHD
5.5368,-0.1,0,MHD
5.058,-0.1,-0.1,MHD
0,-1.4,-0.2,MHD
4.2876,1.2,-0.2,MHD
4.05,-0.1,0.1,MHD
0,-1.1,-0.1,MHD
0,0,0,MHD
0,0,-0.1,MHD
0,0,-0.1,MHD
0,0,-0.2,MHD
0,0,0,MHD
0,0,-0.1,MHD
0,0,-0.1,MHD
0,0,-3.7,MHD
0,0,-0.3,MHD
0,0,1,MHD
0,0,0.9,MHD
0,0,-0.4,MHD
0,0,-1.2,MHD
0,0,-2.2,MHD
6.5916,1.8,-1.2,MHD
6.5844,0,-0.9,MHD
0,-1.8,1.3,MHD
0,0,-0.1,MHD
0,0,-0.1,MHD
0,0,0,MHD
0,0,0,MHD
0,0,0.4,MHD
0,0,0.3,MHD
0,0,0,MHD
0,0,0,MHD
0,0,0.3,MHD
0,0,0.2,MHD
0,0,0,MHD
0,0,0,MHD
0,0,0.1,MHD
0,0,0,MHD
0,0,0,MHD
0,0,0,MHD
0,0,-0.1,MHD
0,0,-0.1,MHD
12.1248,0.3,-0.2,MHD
13.032,0.3,-0.2,MHD
14.0976,0.3,-0.1,MHD
14.8176,0.2,-0.1,MHD
15.5556,0.2,-0.1,MHD
15.9768,0.1,-0.1,MHD
16.3584,0.1,0,MHD
17.0532,0.2,0,MHD
0,0,2.1,MHD
0,0,0,MHD
0,0,0,MHD
0,0,0,MHD
0,0,0,MHD
0,0,0.1,MHD
19.1376,0.1,0.2,MHD
19.2384,0,0,MHD
19.3608,0,0,MHD
19.1664,-0.1,0.5,MHD
19.0908,0,0.5,MHD
18.9036,-0.1,0.1,MHD
18.4212,-0.1,0.1,MHD
17.9892,-0.1,0.1,MHD
17.2872,-0.2,0.1,MHD
16.704,-0.2,0.1,MHD
16.254,-0.1,0,MHD
16.0416,-0.1,0.4,MHD
15.8868,0,0.3,MHD
15.7284,0,0.2,MHD
15.462,-0.1,0.2,MHD
15.3108,0,-0.1,MHD
15.84,0,0.5,MHD
15.4224,-0.1,-0.4,MHD
15.0372,-0.1,-0.2,MHD
0,0,-0.3,MHD
12.6468,-0.1,0.1,MHD
12.438,-0.1,2.3,MHD
12.24,-0.1,1.7,MHD
0,0,0,MHD
0,0,0,MHD
9.8676,2.7,0.2,MHD
0,-2.7,2.8,MHD
0,0,2.5,MHD
0,0,0.5,MHD
0,0,3,MHD
0,0,0.7,MHD
0,0,2.4,MHD
0,0,-0.1,MHD
0,0,-0.3,MHD
0,0,-0.6,MHD
0,0,-0.1,MHD
0,0,0.1,MHD
0,0,-3,MHD
0,0,-3.4,MHD
0,0,-2.6,MHD
10.7676,3,-0.1,MHD
11.1564,0.1,0,MHD
11.6172,0.1,-1.1,MHD
11.9484,0.1,-2,MHD
12.6864,0.2,0.5,MHD
13.248,0.2,-0.1,MHD
13.9968,0.2,-0.2,MHD
14.724,0.2,-0.1,MHD
15.228,0.1,-0.1,MHD
15.2532,0,-0.3,MHD
15.0444,-0.1,-0.2,MHD
0,0,1.6,MHD
0,0,-0.1,MHD
0,0,0,MHD
0,0,0,MHD
0,0,-0.2,MHD
0,0,-0.1,MHD
0,0,0,MHD
0,0,-0.1,MHD
0,0,0,MHD
0,0,-0.4,MHD
0,0,0,MHD
0,0,0,MHD
0,0,0.1,MHD
0,0,-0.2,MHD
0,0,0,MHD
0,0,-0.1,MHD
0,0,-0.1,MHD
0,0,-0.1,MHD
0,0,-0.1,MHD
0,0,-0.1,MHD
0,0,-0.1,MHD
10.026,2.8,-0.2,MHD
10.152,0,-0.1,MHD
10.134,0,0,MHD
10.3392,0.1,-0.1,MHD
10.584,0.1,-0.2,MHD
10.9584,0.1,-0.1,MHD
11.0268,0,-0.2,MHD
11.4588,0.1,-0.1,MHD
11.826,0.1,-0.2,MHD
11.844,0,0,MHD
11.8476,0,0,MHD
12.204,0.1,-0.1,MHD
12.4884,0.1,-0.1,MHD
12.816,0.1,2,MHD
12.9024,0,-0.2,MHD
12.8628,0,-0.2,MHD
12.7332,0,-0.3,MHD
0,0,-0.2,MHD
0,0,0.1,MHD
0,0,-0.1,MHD
0,0,0.8,MHD
0,0,0.1,MHD
0,0,0.1,MHD
9.3456,2.6,0.2,MHD
9.1476,-0.1,0.2,MHD
8.9568,-0.1,0.1,MHD
9.2484,0.1,0.3,MHD
9.6804,0.1,0.1,MHD
0,-2.7,0,MHD
0,0,-0.1,MHD
0,0,-0.1,MHD
0,0,-0.1,MHD
0,0,-0.2,MHD
0,0,0,MHD
0,0,-0.1,MHD
0,0,0,MHD
0,0,0,MHD
0,0,-2.4,MHD
0,0,-0.1,MHD
0,0,-0.1,MHD
0,0,0,MHD
0,0,0,MHD
0,0,0,MHD
4.968,1.4,-0.2,MHD
0,-1.4,0.1,MHD
4.0644,1.1,-0.1,MHD
3.726,-0.1,-0.3,MHD
0,-1,-0.1,MHD
3.3912,0.9,-0.1,MHD
0,-0.9,-0.2,MHD
0,0,0.1,MHD
0,0,0.2,MHD
0,0,-0.1,MHD
0,0,0.1,MHD
0,0,0.1,MHD
0,0,0.2,MHD
0,0,0,MHD
0,0,0,MHD
0,0,0,MHD
0,0,0,MHD
0,0,0,MHD
0,0,0.1,MHD
0,0,0,MHD
0,0,0.1,MHD
0,0,0.1,MHD
0,0,0.1,MHD
0,0,0.1,MHD
0,0,0,MHD
0,0,0.1,MHD
0,0,0,MHD
0,0,0,MHD
0,0,0.1,MHD
0,0,0,MHD
0,0,0,MHD
0,0,0,MHD
0,0,0,MHD
0,0,0,MHD
0,0,0,MHD
0,0,0,MHD
0,0,0,MHD
0,0,0,MHD
0,0,0,MHD
0,0,0,MHD
0,0,0.3,MHD
0,0,-0.1,MHD
0,0,0,MHD
0,0,-0.1,MHD
0,0,0,MHD
0,0,0,MHD
0,0,-0.2,MHD
0,0,0,MHD
0,0,0,MHD
0,0,0,MHD
0,0,0,MHD
0,0,0,MHD
0,0,0,MHD
0,0,-0.3,MHD
0,0,0,MHD
0,0,-0.1,MHD
0,0,0,MHD
0,0,0,MHD
0,0,-0.1,MHD
0,0,0,MHD
0,0,0,MHD
0,0,0,MHD
0,0,0.1,MHD
0,0,0,MHD
0,0,0,MHD
0,0,0,MHD
0,0,0.2,MHD
0,0,-0.1,MHD
0,0,0,MHD
0,0,0.1,MHD
0,0,0,MHD
0,0,0,MHD
0,0,0,MHD
0,0,0,MHD
0,0,0.1,MHD
0,0,0.1,MHD
0,0,0.1,MHD
0,0,-0.1,MHD
0,0,0.1,MHD
0,0,0,MHD
0,0,0,MHD
0,0,0,MHD
0,0,0,MHD
0,0,0,MHD
0,0,0,MHD
0,0,0,MHD
0,0,0.1,MHD
0,0,0.2,MHD
0,0,0,MHD
0,0,0,MHD
0,0,0,MHD
0,0,0,MHD
0,0,-0.2,MHD
0,0,0.1,MHD
0,0,-0.1,MHD
0,0,0,MHD
0,0,0,MHD
0,0,0,MHD
0,0,0,MHD
0,0,0,MHD
0,0,0,MHD
0,0,0,MHD
0,0,0,MHD
0,0,0,MHD
0,0,0,MHD
0,0,0,MHD
0,0,0,MHD
0,0,0,MHD
0,0,0.3,MHD
0,0,0,MHD
0,0,0.1,MHD
0,0,0.1,MHD
0,0,0,MHD
0,0,0.1,MHD
0,0,0.1,MHD
0,0,0,MHD
0,0,0.1,MHD
0,0,0,MHD
0,0,0,MHD
0,0,0,MHD
0,0,0.2,MHD
0,0,0,MHD
0,0,0.3,MHD
0,0,0,MHD
0,0,0.1,MHD
0,0,0.2,MHD
0,0,0.3,MHD
0,0,0.4,MHD
0,0,0.3,MHD
0,0,0.1,MHD
0,0,0.4,MHD
0,0,0.1,MHD
0,0,0.3,MHD
0,0,0.1,MHD
0,0,0.1,MHD
0,0,0.2,MHD
0,0,0.2,MHD
0,0,0.2,MHD
0,0,0.1,MHD
0,0,0,MHD
0,0,0,MHD
0,0,0.1,MHD
0,0,-0.1,MHD
0,0,0,MHD
0,0,0,MHD
0,0,0,MHD
0,0,0,MHD
0,0,0,MHD
0,0,-0.2,MHD
0,0,0,MHD
0,0,0,MHD
0,0,0,MHD
0,0,0,MHD
0,0,0,MHD
0,0,0.1,MHD
0,0,0.1,MHD
0,0,0,MHD
0,0,0,MHD
0,0,0,MHD
0,0,0.1,MHD
0,0,0.1,MHD
0,0,0,MHD
0,0,0,MHD
0,0,0,MHD
0,0,0.1,MHD
0,0,0,MHD
0,0,-0.1,MHD
0,0,-0.1,MHD
0,0,-0.1,MHD
0,0,0,MHD
0,0,0.1,MHD
0,0,0.2,MHD
0,0,-0.1,MHD
0,0,-0.8,MHD
0,0,-0.1,MHD
0,0,-0.1,MHD
0,0,0.1,MHD
0,0,-0.1,MHD
0,0,0,MHD
0,0,-0.1,MHD
0,0,0.1,MHD
0,0,-0.3,MHD
0,0,0.1,MHD
0,0,0.1,MHD
0,0,0.2,MHD
0,0,-0.1,MHD
0,0,4,MHD
0,0,0.1,MHD
0,0,0.1,MHD
0,0,0,MHD
0,0,-0.1,MHD
0,0,0.1,MHD
0,0,-0.7,MHD
0,0,0,MHD
0,0,-0.1,MHD
0,0,0.2,MHD
0,0,3.1,MHD
0,0,1.8,MHD
0,0,0,MHD
0,0,-0.1,MHD
0,0,0,MHD
0,0,1.1,MHD
0,0,0,MHD
0,0,-0.1,MHD
4.1832,1.2,0,MHD
3.906,-0.1,0,MHD
3.4704,-0.1,0,MHD
3.042,-0.1,0,MHD
3.1608,0,0,MHD
0,-0.9,0.1,MHD
0,0,0.1,MHD
0,0,0,MHD
0,0,0.1,MHD
0,0,0,MHD
0,0,0,MHD
0,0,0,MHD
0,0,0.1,MHD
0,0,0.2,MHD
0,0,0.2,MHD
0,0,0,MHD
0,0,0.3,MHD
0,0,0.3,MHD
0,0,0.1,MHD
0,0,0,MHD
0,0,0.2,MHD
0,0,0.1,MHD
0,0,0.2,MHD
0,0,0.2,MHD
0,0,0.1,MHD
0,0,0.3,MHD
0,0,0.1,MHD
0,0,0.1,MHD
0,0,0,MHD
0,0,-0.4,MHD
0,0,0.2,MHD
0,0,-0.6,MHD
0,0,-0.1,MHD
0,0,0,MHD
0,0,0.1,MHD
0,0,0,MHD
0,0,0,MHD
0,0,0.1,MHD
0,0,0,MHD
0,0,0,MHD
0,0,0.2,MHD
0,0,0,MHD
0,0,0,MHD
0,0,0,MHD
0,0,-0.1,MHD
0,0,0,MHD
0,0,-0.1,MHD
0,0,-0.1,MHD
0,0,-0.1,MHD
0,0,-2.2,MHD
0,0,-0.2,MHD
0,0,-0.2,MHD
0,0,-2.2,MHD
0,0,-0.3,MHD
0,0,-0.4,MHD
0,0,-0.4,MHD
0,0,-0.4,MHD
0,0,-0.4,MHD
0,0,-0.4,MHD
0,0,-0.4,MHD
0,0,-0.3,MHD
0,0,-0.3,MHD
0,0,-0.9,MHD
0,0,-0.3,MHD
0,0,-0.4,MHD
0,0,-0.3,MHD
0,0,-0.4,MHD
0,0,-0.3,MHD
0,0,-0.4,MHD
9.7668,2.7,-0.3,MHD
10.9152,0.3,-0.3,MHD
11.7,0.2,-0.4,MHD
12.42,0.2,-0.4,MHD
13.2984,0.2,-0.6,MHD
15.2532,0.3,-0.9,MHD
16.3584,0.3,-0.5,MHD
17.4672,0.3,-0.8,MHD
18.2952,0.1,-0.6,MHD
18.4068,0,-0.7,MHD
18.3816,0,-0.6,MHD
18.0396,-0.1,-0.6,MHD
17.6328,-0.1,-0.6,MHD
0,0,-0.3,MHD
0,0,-0.4,MHD
0,0,-0.5,MHD
0,0,-0.6,MHD
0,0,-0.5,MHD
0,0,-0.6,MHD
0,0,-0.6,MHD
0,0,-0.5,MHD
0,0,-0.6,MHD
0,0,-0.5,MHD
6.5088,1.8,-0.5,MHD
0,-1.8,-0.5,MHD
0,0,-0.6,MHD
0,0,-0.5,MHD
0,0,-0.6,MHD
0,0,-0.5,MHD
0,0,-0.5,MHD
0,0,-0.6,MHD
0,0,-0.5,MHD
0,0,-0.4,MHD
0,0,-0.5,MHD
0,0,-0.4,MHD
0,0,-0.4,MHD
0,0,-0.4,MHD
0,0,-0.3,MHD
0,0,-0.4,MHD
0,0,-0.3,MHD
0,0,-0.3,MHD
0,0,-0.6,MHD
0,0,-0.6,MHD
0,0,-0.5,MHD
0,0,-0.6,MHD
0,0,-0.5,MHD
0,0,-0.6,MHD
0,0,-0.5,MHD
0,0,-0.6,MHD
0,0,-0.5,MHD
0,0,-0.5,MHD
0,0,-0.5,MHD
0,0,-0.6,MHD
0,0,-0.4,MHD
0,0,-0.5,MHD
0,0,-1.9,MHD
0,0,-0.3,MHD
0,0,-0.4,MHD
0,0,-0.5,MHD
0,0,-0.3,MHD
0,0,-0.3,MHD
0,0,-0.1,MHD
0,0,0.3,MHD
0,0,0.1,MHD
0,0,0,MHD
0,0,0.2,MHD
0,0,0,MHD
0,0,-0.1,MHD
0,0,-0.2,MHD
0,0,-0.1,MHD
0,0,-0.1,MHD
0,0,-0.2,MHD
0,0,-0.1,MHD
0,0,0,MHD
0,0,0,MHD
0,0,-0.1,MHD
0,0,0,MHD
0,0,0,MHD
21.0564,0.6,0,MHD
19.4868,-0.4,0,MHD
19.512,0,0.1,MHD
18.7092,-0.2,0,MHD
18.8928,0.1,-0.1,MHD
19.368,0.1,0,MHD
20.2356,0.2,-0.1,MHD
24.8976,1.3,0.2,MHD
25.7616,0.2,0.2,MHD
25.6284,0,0.3,MHD
27.1116,0.4,0.3,MHD
30.6432,1,0.2,MHD
29.4156,-0.3,0.1,MHD
28.3788,-0.3,0.2,MHD
27.4932,-0.2,0.3,MHD
28.6704,0.3,0,MHD
27.8136,-0.2,0.2,MHD
23.6772,-1.1,0.2,MHD
19.62,-1.1,-0.1,MHD
18.1332,-0.4,0.1,MHD
16.3944,-0.5,0.1,MHD
15.2604,-0.3,0.2,MHD
15.9588,0.2,0.2,MHD
13.086,-0.8,-0.1,MHD
13.878,0.2,0,MHD
14.7492,0.2,-0.1,MHD
14.6088,0,-0.1,MHD
14.0004,-0.2,0.1,MHD
14.6412,0.2,0.1,MHD
15.0156,0.1,-0.1,MHD
17.136,0.6,0,MHD
17.766,0.2,-0.1,MHD
15.4872,-0.6,-0.2,MHD
18.3096,0.8,1.1,MHD
15.4476,-0.8,0.1,MHD
13.122,-0.6,0.3,MHD
11.7864,-0.4,0.2,MHD
10.5192,-0.4,0.4,MHD
9.4068,-0.3,0,MHD
6.2028,-0.9,0,MHD
9.8604,1,-0.1,MHD
7.326,-0.7,0.3,MHD
7.3512,0,0.3,MHD
6.372,-0.3,0.2,MHD
6.0696,-0.1,-0.5,MHD
7.9704,0.5,0.1,MHD
7.6752,-0.1,0.5,MHD
8.6544,0.3,0.5,MHD
7.4736,-0.3,0.2,MHD
5.6304,-0.5,0.5,MHD
0,-1.6,1.3,MHD
0,0,0.2,MHD
0,0,0.2,MHD
6.8544,1.9,0.2,MHD
9.4824,0.7,0.6,MHD
8.6616,-0.2,2.8,MHD
5.8464,-0.8,0.4,MHD
6.7644,0.3,0.2,MHD
6.3072,-0.1,3.4,MHD
4.5684,-0.5,0.5,MHD
4.662,0,0.6,MHD
5.4,0.2,3.8,MHD
4.374,-0.3,0.8,MHD
4.3344,0,0.7,MHD
4.3668,0,0.5,MHD
0,-1.2,3.4,MHD
0,0,0.3,MHD
0.486,0.1,0.4,MHD
0,0,0.3,MHD
0,0,0.5,MHD
0,0,0,MHD
0.4824,0.1,0.8,MHD
0.4608,0,4,MHD
0.4284,0,0.3,MHD
0.3888,0,0.4,MHD
0.3852,0,0.3,MHD
0.4104,0,0.3,MHD
0,-0.1,0.4,MHD
0,0,0.4,MHD
0,0,0,MHD
0,0,0,MHD
0,0,0,MHD
0,0,0,MHD
0,0,0,MHD
0,0,0,MHD
0.5076,0.1,1.8,MHD
6.6348,1.7,0.2,MHD
9.36,0.8,1.8,MHD
7.668,-0.5,0.3,MHD
9.0108,0.4,0.3,MHD
12.0384,0.8,0.4,MHD
8.316,-1,-2.2,MHD
6.2892,-0.6,2.6,MHD
0,0,0,MHD
0,0,-1.2,MHD
0,0,-0.3,MHD
0,0,-0.4,MHD
0,0,-0.3,MHD
0,0,0,MHD
0,0,-0.1,MHD
0,0,-0.3,MHD
1.116,0.3,-1.3,MHD
0.612,-0.1,0,MHD
2.772,0.6,0,MHD
2.88,0,0.3,MHD
0,-0.8,0.2,MHD
0,0,-0.1,MHD
0,0,0,MHD
0,0,0,MHD
0,0,0,MHD
0,0,0,MHD
0,0,0,MHD
0,0,0,MHD
0,0,0,MHD
0,0,0.2,MHD
0,0,0,MHD
0,0,0,MHD
0,0,0,MHD
0,0,0,MHD
0,0,0,MHD
0,0,0,MHD
0,0,0,MHD
0,0,0,MHD
0,0,0,MHD
0,0,0,MHD
0,0,0,MHD
2.628,0.7,-1.4,MHD
1.116,-0.4,0.3,MHD
0,-0.3,0,MHD
0,0,0,MHD
0,0,0,MHD
0,0,0,MHD
0,0,0,MHD
0,0,0,MHD
0.54,0.2,0.2,MHD
0,-0.2,-1.3,MHD
0,0,0,MHD
0,0,0,MHD
0,0,0,MHD
0,0,0,MHD
0,0,0,MHD
0,0,0,MHD
0,0,0,MHD
0,0,0,MHD
0,0,0,MHD
0,0,0,MHD
0,0,0,MHD
0,0,0.1,MHD
0,0,0.2,MHD
0,0,0.4,MHD
0,0,0.2,MHD
0,0,0,MHD
0,0,0,MHD
2.16,0.6,0.2,MHD
1.548,-0.2,0.4,MHD
0,-0.4,-0.2,MHD
0,0,0,MHD
0,0,0,MHD
0,0,0,MHD
0,0,0,MHD
0,0,0,MHD
0,0,0,MHD
0,0,0,MHD
0,0,0,MHD
2.376,0.7,0.3,MHD
0,-0.7,0,MHD
2.88,0.8,0.1,MHD
0,-0.8,0.2,MHD
0,0,0,MHD
0,0,0,MHD
0,0,0,MHD
0,0,0,MHD
0,0,0,MHD
0,0,0,MHD
0,0,0,MHD
0,0,0,MHD
0,0,0,MHD
0,0,0,MHD
0,0,0,MHD
0,0,0,MHD
0,0,0,MHD
0,0,0,MHD
1.332,0.4,0.3,MHD
2.196,0.2,-0.8,MHD
1.584,-0.2,0.2,MHD
2.628,0.3,-1.4,MHD
4.464,0.5,-0.6,MHD
1.764,-0.8,-1.8,MHD
1.836,0,0.4,MHD
0.864,-0.3,0.3,MHD
0,-0.2,-0.1,MHD
1.476,0.4,0.4,MHD
0,-0.4,0,MHD
0,0,-0.1,MHD
0,0,0,MHD
1.512,0.4,-0.1,MHD
0,-0.4,0,MHD
0,0,0,MHD
0,0,0,MHD
0,0,0,MHD
0,0,0,MHD
0.792,0.2,0.3,MHD
0,-0.2,0,MHD
0,0,0,MHD
0,0,0,MHD
0,0,0,MHD
0,0,0,MHD
0,0,0,MHD
0,0,0,MHD
0.756,0.2,0,MHD
1.944,0.3,-0.5,MHD
0,-0.5,-0.1,MHD
0,0,0,MHD
0,0,0,MHD
1.08,0.3,0.2,MHD
2.88,0.5,0,MHD
4.212,0.4,0,MHD
3.708,-0.1,-0.1,MHD
3.744,0,-0.2,MHD
3.924,0.1,-0.4,MHD
4.032,0,-0.2,MHD
4.14,0,-0.4,MHD
6.66,0.7,0.2,MHD
1.98,-1.3,-0.2,MHD
0,-0.6,-0.1,MHD
0,0,0,MHD
0,0,0,MHD
0,0,0,MHD
0,0,0,MHD
0,0,0,MHD
0,0,0,MHD
0,0,0,MHD
0,0,0,MHD
0,0,0,MHD
0,0,0,MHD
0,0,0,MHD
0,0,0,MHD
0,0,0,MHD
0,0,0,MHD
0,0,0,MHD
0,0,0,MHD
0,0,0,MHD
0,0,0,MHD
0,0,0,MHD
0,0,0,MHD
0,0,0,MHD
0,0,0,MHD
0,0,0,MHD
0,0,0,MHD
0,0,0,MHD
0,0,0,MHD
0,0,0,MHD
0,0,0,MHD
0,0,0,MHD
0,0,0,MHD
0,0,0,MHD
0,0,0,MHD
0,0,0,MHD
0,0,0,MHD
0,0,0,MHD
0,0,0,MHD
0,0,0,MHD
0,0,0,MHD
0,0,0,MHD
0,0,0,MHD
0,0,0,MHD
0,0,0,MHD
0,0,0,MHD
0,0,0,MHD
0,0,0,MHD
0,0,0,MHD
0,0,0,MHD
0,0,0,MHD
0,0,0,MHD
0,0,0,MHD
1.008,0.3,-0.2,MHD
0,-0.3,0,MHD
0,0,0,MHD
0,0,0,MHD
0,0,0,MHD
0,0,0,MHD
0,0,0,MHD
0,0,0,MHD
0,0,0,MHD
0,0,0,MHD
0,0,0,MHD
0,0,0,MHD
0,0,0,MHD
0,0,0,MHD
0,0,0,MHD
0,0,0,MHD
0,0,-0.1,MHD
0,0,0,MHD
0,0,0,MHD
0,0,0,MHD
0,0,0,MHD
0,0,0.1,MHD
0,0,-0.4,MHD
0,0,-0.3,MHD
0,0,0,MHD
0,0,0,MHD
0,0,0,MHD
0,0,0,MHD
0,0,0,MHD
0,0,0,MHD
0,0,0,MHD
0,0,0,MHD
0,0,0.1,MHD
1.98,0.6,0.2,MHD
0.756,-0.3,-0.1,MHD
0,-0.2,0,MHD
0,0,0,MHD
1.044,0.3,0.1,MHD
0,-0.3,0,MHD
0,0,0,MHD
0,0,0,MHD
0,0,0,MHD
0,0,0,MHD
0,0,0,MHD
0,0,0,MHD
1.296,0.4,-0.4,MHD
1.908,0.2,0.6,MHD
2.016,0,0.2,MHD
1.296,-0.2,-0.1,MHD
0,-0.4,0.2,MHD
0,0,0,MHD
0,0,0,MHD
0,0,0,MHD
0,0,0,MHD
0,0,0,MHD
0.684,0.2,-0.2,MHD
0.9,0.1,-0.1,MHD
0,-0.3,0.4,MHD
0,0,-0.1,MHD
0,0,0,MHD
0,0,0,MHD
0,0,0,MHD
0,0,0,MHD
0,0,0,MHD
0,0,0,MHD
0,0,0,MHD
0,0,0,MHD
0,0,0,MHD
0,0,0,MHD
0,0,0,MHD
0,0,0,MHD
0,0,0,MHD
0,0,0,MHD
0,0,0,MHD
0,0,0,MHD
0,0,0.1,MHD
0.612,0.2,-0.6,MHD
0,-0.2,0,MHD
0,0,0,MHD
0,0,0,MHD
0,0,0,MHD
0,0,0,MHD
0,0,0,MHD
0,0,0,MHD
0,0,0,MHD
0,0,0,MHD
0,0,0,MHD
0,0,0,MHD
1.008,0.3,0.2,MHD
1.332,0.1,0.2,MHD
0.936,-0.1,-0.1,MHD
0,-0.3,0.2,MHD
0,0,0,MHD
0,0,0,MHD
0,0,0,MHD
0,0,0,MHD
0,0,0,MHD
0,0,0,MHD
0,0,0,MHD
0,0,0,MHD
0,0,0.1,MHD
0,0,0,MHD
0,0,0,MHD
0,0,0,MHD
0,0,0,MHD
0,0,0,MHD
0,0,0,MHD
0,0,0,MHD
0,0,0,MHD
0,0,0,MHD
0,0,0,MHD
0,0,0,MHD
0,0,0,MHD
0,0,0,MHD
0,0,0,MHD
0,0,0,MHD
0,0,0,MHD
2.052,0.6,-0.1,MHD
0.864,-0.3,0.5,MHD
0.72,0,0.3,MHD
0.54,-0.1,0.1,MHD
0,-0.2,0,MHD
0.936,0.3,0.4,MHD
0.972,0,-0.4,MHD
0.684,-0.1,-0.2,MHD
1.152,0.1,0.2,MHD
0,-0.3,-0.1,MHD
0,0,0,MHD
1.224,0.3,-0.3,MHD
0,-0.3,-0.8,MHD
0,0,-0.2,MHD
0.684,0.2,1.1,MHD
0,-0.2,0,MHD
0,0,0.1,MHD
0,0,0,MHD
0,0,0.4,MHD
0.54,0.2,0.3,MHD
0,-0.2,0.1,MHD
0.648,0.2,0.2,MHD
0,-0.2,0,MHD
0,0,0,MHD
0,0,0,MHD
0,0,0,MHD
0,0,0,MHD
0,0,0,MHD
0,0,0,MHD
0,0,0.3,MHD
0,0,0,MHD
0,0,0,MHD
0,0,0,MHD
0,0,0.1,MHD
0.9,0.3,-0.2,MHD
0,-0.3,-1.2,MHD
0,0,-0.1,MHD
0,0,0,MHD
0,0,0,MHD
0,0,0,MHD
0,0,0,MHD
0,0,0,MHD
0,0,0,MHD
0,0,0,MHD
0,0,0,MHD
0,0,0,MHD
0,0,0,MHD
0,0,0,MHD
0,0,0,MHD
0,0,0,MHD
0,0,0,MHD
0,0,0,MHD
0,0,-0.5,MHD
0,0,-0.3,MHD
0,0,0,MHD
0,0,-0.1,MHD
1.044,0.3,-0.3,MHD
2.628,0.4,-0.3,MHD
2.232,-0.1,-0.1,MHD
2.016,-0.1,-0.2,MHD
1.764,-0.1,-0.1,MHD
0,-0.5,-0.6,MHD
0.648,0.2,0.2,MHD
0,-0.2,0.3,MHD
0,0,0,MHD
0,0,0,MHD
0,0,0,MHD
0,0,0,MHD
0,0,0,MHD
0.9,0.3,0.1,MHD
2.952,0.6,0.6,MHD
3.204,0.1,0.9,MHD
3.096,0,0.4,MHD
1.872,-0.3,0.7,MHD
1.728,0,0.7,MHD
1.296,-0.1,0,MHD
0,-0.4,-0.1,MHD
0,0,0,MHD
1.692,0.5,0.2,MHD
0.972,-0.2,0.1,MHD
0,-0.3,-0.4,MHD
0,0,0,MHD
0,0,0,MHD
0,0,0,MHD
0,0,0,MHD
0,0,0,MHD
0,0,0,MHD
0,0,0,MHD
0,0,0,MHD
0,0,0,MHD
0,0,0,MHD
0.972,0.3,0.1,MHD
1.44,0.1,0.4,MHD
0,-0.4,0,MHD
0,0,0,MHD
0,0,0,MHD
0,0,0,MHD
0,0,0,MHD
0,0,0,MHD
0,0,0,MHD
0,0,0,MHD
0,0,0,MHD
0,0,0,MHD
1.152,0.3,0.1,MHD
2.34,0.3,0.2,MHD
2.268,0,0,MHD
1.836,-0.1,0.2,MHD
2.664,0.2,0.3,MHD
1.8,-0.2,0.4,MHD
1.908,0,-0.4,MHD
1.512,-0.1,-0.1,MHD
0.756,-0.2,-0.4,MHD
0,-0.2,0,MHD
0,0,0,MHD
0,0,-0.3,MHD
0,0,0.3,MHD
0,0,0,MHD
0,0,0,MHD
0,0,0,MHD
0,0,0,MHD
0,0,0,MHD
0,0,0,MHD
0,0,0,MHD
1.08,0.3,-0.3,MHD
2.232,0.3,-0.1,MHD
1.836,-0.1,-0.2,MHD
2.448,0.2,-0.3,MHD
2.916,0.1,0,MHD
3.168,0.1,-0.3,MHD
3.384,0.1,0.1,MHD
3.168,-0.1,-0.1,MHD
3.816,0.2,-0.3,MHD
3.132,-0.2,-0.5,MHD
2.736,-0.1,0.2,MHD
2.448,-0.1,-0.3,MHD
2.412,0,-0.3,MHD
2.412,0,-0.3,MHD
1.728,-0.2,-0.2,MHD
2.16,0.1,-0.5,MHD
0.9,-0.4,-0.4,MHD
0,-0.3,-0.3,MHD
0,0,0,MHD
0,0,0,MHD
0,0,0,MHD
0,0,0,MHD
0,0,0,MHD
0,0,0,MHD
0,0,0,MHD
0,0,0,MHD
0,0,0,MHD
0,0,0,MHD
0,0,0,MHD
0,0,0,MHD
0,0,0,MHD
0,0,0,MHD
0,0,0,MHD
0,0,0,MHD
0,0,0,MHD
0,0,-0.4,MHD
0.54,0.2,-0.1,MHD
0,-0.2,0,MHD
0,0,0,MHD
0,0,0,MHD
0,0,0,MHD
0.756,0.2,0.1,MHD
1.116,0.1,-0.5,MHD
3.168,0.6,0,MHD
3.204,0,-0.5,MHD
2.916,-0.1,0,MHD
2.916,0,0,MHD
1.548,-0.4,-0.1,MHD
1.584,0,-0.1,MHD
1.8,0.1,-0.1,MHD
3.096,0.4,0,MHD
3.168,0,0.2,MHD
2.664,-0.1,0.2,MHD
1.26,-0.4,-0.3,MHD
2.88,0.5,-0.5,MHD
1.332,-0.4,0.2,MHD
0,-0.4,0.1,MHD
0,0,0,MHD
0,0,0,MHD
0,0,0,MHD
0,0,0,MHD
0,0,0,MHD
0,0,0,MHD
0,0,0,MHD
0,0,0,MHD
0,0,0,MHD
0,0,0,MHD
0,0,0,MHD
0,0,0,MHD
0,0,0,MHD
0,0,0,MHD
0,0,0,MHD
0,0,0.1,MHD
0,0,0,MHD
0,0,0,MHD
0,0,0,MHD
0,0,0,MHD
0,0,0,MHD
0,0,0,MHD
0,0,0,MHD
0,0,0,MHD
1.836,0.5,0.7,MHD
0.792,-0.3,0.5,MHD
1.62,0.2,0.1,MHD
0,-0.5,0,MHD
0,0,0,MHD
0,0,0,MHD
0,0,0,MHD
0,0,0,MHD
0.54,0.2,0.1,MHD
0,-0.2,0,MHD
0,0,0,MHD
0,0,-0.2,MHD
0.72,0.2,-0.2,MHD
0,-0.2,0.1,MHD
1.764,0.5,0.5,MHD
2.484,0.2,0.3,MHD
1.836,-0.2,0.5,MHD
2.556,0.2,0.1,MHD
1.476,-0.3,0.5,MHD
1.296,-0.1,0.5,MHD
1.692,0.1,-0.1,MHD
3.888,0.6,0.5,MHD
4.68,0.2,-0.2,MHD
5.184,0.1,0,MHD
5.904,0.2,-0.2,MHD
6.624,0.2,0.1,MHD
6.048,-0.2,0.1,MHD
6.444,0.1,0.1,MHD
7.128,0.2,0.4,MHD
7.884,0.2,0.2,MHD
7.632,-0.1,-0.3,MHD
8.532,0.3,0.4,MHD
5.508,-0.8,-0.9,MHD
5.472,0,0.1,MHD
5.76,0.1,0.1,MHD
5.94,0,-0.2,MHD
6.084,0,-0.4,MHD
5.868,-0.1,-0.6,MHD
6.696,0.2,-0.2,MHD
5.652,-0.3,-0.6,MHD
7.524,0.5,-0.2,MHD
8.46,0.3,0.1,MHD
9.108,0.2,-0.2,MHD
9.396,0.1,0.4,MHD
9.072,-0.1,0.4,MHD
8.892,0,0.3,MHD
9.252,0.1,0.3,MHD
9.936,0.2,0.3,MHD
10.224,0.1,3,MHD
11.196,0.3,0.5,MHD
10.764,-0.1,0.1,MHD
10.296,-0.1,1,MHD
10.08,-0.1,0.5,MHD
9.9,0,0.6,MHD
9.108,-0.2,0.1,MHD
9.936,0.2,-0.1,MHD
10.368,0.1,0.3,MHD
10.656,0.1,0.3,MHD
11.304,0.2,0,MHD
11.988,0.2,0.2,MHD
12.816,0.2,0,MHD
13.968,0.3,0.1,MHD
14.832,0.2,0.3,MHD
14.688,0,0.2,MHD
15.516,0.2,0.5,MHD
13.968,-0.4,0.2,MHD
14.724,0.2,0.1,MHD
16.668,0.5,0.2,MHD
13.968,-0.8,-0.2,MHD
16.488,0.7,0.5,MHD
15.624,-0.2,0.3,MHD
16.776,0.3,0.1,MHD
15.84,-0.3,0.1,MHD
15.876,0,0.4,MHD
13.896,-0.6,-0.3,MHD
16.344,0.7,0.1,MHD
14.688,-0.5,-0.7,MHD
14.04,-0.2,0.4,MHD
14.328,0.1,-0.6,MHD
14.184,0,-0.3,MHD
10.224,-1.1,-0.1,MHD
8.496,-0.5,-0.2,MHD
8.748,0.1,0.6,MHD
10.548,0.5,-0.4,MHD
8.604,-0.5,0.1,MHD
7.848,-0.2,-0.2,MHD
5.868,-0.6,-1,MHD
4.356,-0.4,-0.7,MHD
4.5,0,-1.2,MHD
6.084,0.4,-0.4,MHD
4.716,-0.4,-1.5,MHD
5.688,0.3,-0.1,MHD
3.132,-0.7,-0.4,MHD
1.728,-0.4,-0.9,MHD
2.232,0.1,0.3,MHD
1.368,-0.2,-0.7,MHD
5.544,1.2,-0.6,MHD
7.452,0.5,0.5,MHD
8.172,0.2,0.1,MHD
7.452,-0.2,0.1,MHD
9.864,0.7,0.3,MHD
8.244,-0.5,0.3,MHD
6.732,-0.4,-0.4,MHD
7.848,0.3,0.6,MHD
10.692,0.8,0,MHD
7.812,-0.8,0.6,MHD
11.412,1,-0.5,MHD
13.176,0.5,0.9,MHD
14.364,0.3,0.4,MHD
13.356,-0.3,0.1,MHD
12.708,-0.2,0.5,MHD
12.276,-0.1,-0.4,MHD
16.2,1.1,0,MHD
17.136,0.3,-0.1,MHD
17.784,0.2,-0.5,MHD
18.9,0.3,0.1,MHD
18.324,-0.2,0.2,MHD
18.576,0.1,0.3,MHD
18.18,-0.1,0,MHD
16.704,-0.4,-0.2,MHD
15.12,-0.4,-0.5,MHD
13.428,-0.5,0.1,MHD
12.456,-0.3,0.9,MHD
7.488,-1.4,0.5,MHD
5.688,-0.5,0.2,MHD
4.68,-0.3,-0.1,MHD
4.644,0,0.1,MHD
6.336,0.5,-0.3,MHD
7.488,0.3,-0.1,MHD
7.272,-0.1,-0.1,MHD
8.316,0.3,0.1,MHD
9.864,0.4,0.1,MHD
10.872,0.3,0.4,MHD
10.584,-0.1,0.5,MHD
8.532,-0.6,0.2,MHD
9.756,0.3,0,MHD
9.864,0,0.1,MHD
11.952,0.6,0.3,MHD
7.236,-1.3,0.6,MHD
8.784,0.4,-0.2,MHD
12.24,1,1.5,MHD
11.304,-0.3,0.6,MHD
9.36,-0.5,-0.5,MHD
9.828,0.1,0.2,MHD
7.848,-0.6,-0.9,MHD
15.3,2.1,-0.3,MHD
15.696,0.1,0.1,MHD
14.4,-0.4,0.2,MHD
14.76,0.1,0.6,MHD
13.104,-0.5,0,MHD
13.536,0.1,-0.3,MHD
13.32,-0.1,0,MHD
12.024,-0.4,0.3,MHD
11.844,0,-1.1,MHD
12.06,0.1,-0.2,MHD
13.572,0.4,-0.1,MHD
15.696,0.6,0.8,MHD
18.324,0.7,0.7,MHD
16.236,-0.6,0,MHD
11.196,-1.4,0.3,MHD
13.824,0.7,0.8,MHD
16.416,0.7,-0.2,MHD
15.084,-0.4,-1,MHD
14.22,-0.2,0.3,MHD
13.212,-0.3,0.9,MHD
11.988,-0.3,0.4,MHD
15.876,1.1,-1.1,MHD
14.22,-0.5,0.5,MHD
16.236,0.6,0,MHD
16.74,0.1,-1.1,MHD
17.244,0.1,-0.1,MHD
18,0.2,-0.3,MHD
18.36,0.1,0.2,MHD
19.224,0.2,0,MHD
19.548,0.1,0.6,MHD
20.304,0.2,-0.5,MHD
20.16,0,-0.3,MHD
20.808,0.2,0.1,MHD
19.728,-0.3,0.4,MHD
18.972,-0.2,-0.2,MHD
18.72,-0.1,-0.2,MHD
19.08,0.1,0,MHD
19.296,0.1,0,MHD
19.944,0.2,-0.2,MHD
20.232,0.1,0.4,MHD
20.484,0.1,0.1,MHD
20.484,0,-0.1,MHD
20.304,-0.1,0,MHD
20.412,0,-0.1,MHD
21.24,0.2,-1.2,MHD
21.816,0.2,-0.1,MHD
21.6,-0.1,0.6,MHD
21.024,-0.2,0.1,MHD
20.412,-0.2,-0.2,MHD
20.268,0,-0.1,MHD
20.556,0.1,-0.1,MHD
21.348,0.2,-0.2,MHD
22.392,0.3,0.5,MHD
22.32,0,0.2,MHD
22.176,0,0.1,MHD
22.644,0.1,-0.1,MHD
22.284,-0.1,0,MHD
21.708,-0.2,0.5,MHD
20.772,-0.3,0.7,MHD
21.312,0.2,0.4,MHD
20.952,-0.1,0.6,MHD
21.312,0.1,-0.5,MHD
17.568,-1,-0.6,MHD
17.82,0.1,0.3,MHD
15.948,-0.5,0.6,MHD
15.264,-0.2,-0.1,MHD
16.38,0.3,0,MHD
18.288,0.5,0.5,MHD
18.576,0.1,-0.1,MHD
18.684,0,-0.6,MHD
18.576,0,0.2,MHD
18.576,0,0.1,MHD
18.36,-0.1,0.3,MHD
17.28,-0.3,0.1,MHD
17.064,-0.1,0.1,MHD
16.38,-0.2,0,MHD
17.244,0.2,0.7,MHD
17.82,0.2,0.6,MHD
17.748,0,0.2,MHD
19.188,0.4,0.3,MHD
20.592,0.4,0.1,MHD
21.384,0.2,-0.1,MHD
21.6,0.1,0.3,MHD
22.392,0.2,-0.1,MHD
23.184,0.2,-0.4,MHD
23.184,0,0.1,MHD
23.256,0,0.7,MHD
19.98,-0.9,0.5,MHD
16.488,-1,0,MHD
15.3,-0.3,0.2,MHD
16.02,0.2,1,MHD
16.704,0.2,-0.2,MHD
16.488,-0.1,-0.3,MHD
18.648,0.6,-0.5,MHD
20.052,0.4,-0.1,MHD
20.916,0.2,-0.2,MHD
21.42,0.1,-0.1,MHD
20.52,-0.3,-0.5,MHD
20.484,0,0.4,MHD
18.54,-0.5,-0.2,MHD
15.228,-0.9,-0.4,MHD
13.644,-0.4,-0.5,MHD
9.756,-1.1,0.2,MHD
10.584,0.2,-0.5,MHD
10.08,-0.1,-0.2,MHD
10.548,0.1,0.5,MHD
11.088,0.2,0.2,MHD
10.116,-0.3,0.3,MHD
10.08,0,-0.6,MHD
9.108,-0.3,0.1,MHD
9.936,0.2,1.2,MHD
9.72,-0.1,0.9,MHD
9.18,-0.2,-1,MHD
6.732,-0.7,-0.1,MHD
8.928,0.6,-0.5,MHD
9.684,0.2,-0.7,MHD
13.14,1,0.2,MHD
17.244,1.1,-0.8,MHD
18.144,0.3,-0.3,MHD
20.124,0.6,-0.3,MHD
18.864,-0.4,0.4,MHD
20.016,0.3,0.6,MHD
19.44,-0.2,1,MHD
18.792,-0.2,0.3,MHD
18.648,0,-0.2,MHD
18.792,0,0.5,MHD
19.368,0.2,0.2,MHD
20.412,0.3,-0.8,MHD
21.204,0.2,-0.6,MHD
21.384,0.1,-0.2,MHD
22.5,0.3,-0.3,MHD
23.4,0.3,0,MHD
22.608,-0.2,0.2,MHD
22.068,-0.2,0.2,MHD
21.384,-0.2,0.1,MHD
20.232,-0.3,0.1,MHD
18.576,-0.5,0.5,MHD
17.964,-0.2,0.1,MHD
17.388,-0.2,-0.2,MHD
17.028,-0.1,0.2,MHD
16.452,-0.2,-0.6,MHD
17.028,0.2,0.4,MHD
15.552,-0.4,-1,MHD
14.688,-0.2,0,MHD
16.92,0.6,-0.9,MHD
12.852,-1.1,0.7,MHD
14.508,0.5,-0.5,MHD
13.392,-0.3,0.4,MHD
14.22,0.2,-0.8,MHD
15.372,0.3,0.7,MHD
19.872,1.3,0.8,MHD
20.556,0.2,-0.8,MHD
19.728,-0.2,0.2,MHD
12.96,-1.9,0.8,MHD
13.32,0.1,0.2,MHD
13.932,0.2,0.4,MHD
15.408,0.4,0.2,MHD
16.452,0.3,0.7,MHD
16.128,-0.1,0,MHD
16.632,0.1,0.2,MHD
18.864,0.6,0.3,MHD
21.492,0.7,0.2,MHD
21.816,0.1,-0.1,MHD
19.152,-0.7,0.1,MHD
21.276,0.6,1.5,MHD
23.04,0.5,3.2,MHD
23.724,0.2,-0.9,MHD
22.356,-0.4,0.3,MHD
22.32,0,-0.7,MHD
22.572,0.1,-0.3,MHD
21.6,-0.3,-0.8,MHD
21.708,0,-1.2,MHD
22.212,0.1,-0.8,MHD
21.132,-0.3,-0.3,MHD
23.508,0.7,1,MHD
20.196,-0.9,0.1,MHD
18.216,-0.6,-0.1,MHD
16.956,-0.4,-0.5,MHD
17.496,0.2,0,MHD
16.668,-0.2,0,MHD
15.696,-0.3,0,MHD
14.076,-0.5,-1.3,MHD
17.172,0.9,-0.3,MHD
18.504,0.4,-0.3,MHD
19.44,0.3,0.1,MHD
20.448,0.3,0.6,MHD
20.52,0,-0.1,MHD
19.116,-0.4,-0.2,MHD
18.864,-0.1,0.8,MHD
20.052,0.3,-0.2,MHD
20.448,0.1,-0.8,MHD
19.332,-0.3,0.1,MHD
20.556,0.3,-0.3,MHD
21.672,0.3,-0.8,MHD
20.952,-0.2,-0.3,MHD
23.436,0.7,0,MHD
20.556,-0.8,0.5,MHD
20.952,0.1,0.6,MHD
18.216,-0.8,0.2,MHD
14.616,-1,-0.5,MHD
16.884,0.6,-0.9,MHD
19.404,0.7,0.8,MHD
20.664,0.4,1,MHD
18.324,-0.7,1.3,MHD
17.388,-0.3,0,MHD
14.148,-0.9,0,MHD
12.6,-0.4,-0.1,MHD
11.304,-0.4,-0.6,MHD
10.872,-0.1,-0.4,MHD
10.62,-0.1,-0.3,MHD
10.98,0.1,-1,MHD
12.384,0.4,-0.3,MHD
13.608,0.3,0.1,MHD
14.112,0.1,0.3,MHD
14.472,0.1,0.1,MHD
15.048,0.2,-0.3,MHD
18.828,1.1,-0.6,MHD
17.532,-0.4,0.6,MHD
17.748,0.1,0.2,MHD
19.224,0.4,0.9,MHD
17.964,-0.4,0.6,MHD
17.64,-0.1,-0.1,MHD
18.612,0.3,-0.6,MHD
19.512,0.3,-0.2,MHD
19.8,0.1,0.2,MHD
18,-0.5,0.1,MHD
17.964,0,-0.5,MHD
17.568,-0.1,1.2,MHD
15.48,-0.6,0.7,MHD
14.4,-0.3,0,MHD
12.78,-0.5,0.2,MHD
12.168,-0.2,0.2,MHD
13.356,0.3,0.2,MHD
8.892,-1.2,-2.6,MHD
9.864,0.3,-0.6,MHD
10.944,0.3,-0.1,MHD
11.916,0.3,-0.1,MHD
12.636,0.2,-0.3,MHD
14.22,0.4,0.3,MHD
15.84,0.5,-0.3,MHD
17.136,0.4,0,MHD
16.992,0,1.4,MHD
16.776,-0.1,0.9,MHD
16.236,-0.2,1.2,MHD
15.732,-0.1,1.6,MHD
14.94,-0.2,0.3,MHD
14.508,-0.1,0,MHD
14.688,0,0.6,MHD
16.236,0.4,0,MHD
15.732,-0.1,0.3,MHD
17.172,0.4,-0.9,MHD
19.152,0.6,-0.5,MHD
20.052,0.3,-0.5,MHD
21.852,0.5,-0.2,MHD
20.556,-0.4,0,MHD
20.16,-0.1,0.7,MHD
17.748,-0.7,-1.1,MHD
17.712,0,-0.4,MHD
17.172,-0.2,0.3,MHD
14.148,-0.8,0.4,MHD
11.592,-0.7,-1,MHD
12.312,0.2,-1.2,MHD
15.588,0.9,-0.8,MHD
20.484,1.4,-0.1,MHD
21.348,0.2,-0.4,MHD
20.556,-0.2,0.4,MHD
21.96,0.4,0.4,MHD
20.916,-0.3,0.2,MHD
20.952,0,1.5,MHD
20.556,-0.1,-0.6,MHD
21.528,0.3,0.3,MHD
20.448,-0.3,-1,MHD
20.808,0.1,0.5,MHD
21.312,0.1,-0.4,MHD
22.644,0.4,-0.1,MHD
23.472,0.2,-0.4,MHD
23.94,0.1,-0.3,MHD
20.664,-0.9,-0.2,MHD
23.832,0.9,0.5,MHD
23.22,-0.2,0.2,MHD
23.4,0,-1.2,MHD
23.292,0,0.7,MHD
21.996,-0.4,-1.2,MHD
24.012,0.6,-0.5,MHD
23.94,0,-0.2,MHD
24.516,0.2,0,MHD
23.04,-0.4,-0.2,MHD
21.312,-0.5,-0.2,MHD
19.692,-0.5,0.5,MHD
20.124,0.1,-0.4,MHD
21.132,0.3,-0.3,MHD
20.952,0,-0.4,MHD
18.648,-0.6,1.4,MHD
16.668,-0.6,0.8,MHD
15.984,-0.2,0.5,MHD
15.516,-0.1,0.2,MHD
16.74,0.3,0.4,MHD
17.748,0.3,-0.3,MHD
19.08,0.4,0,MHD
19.872,0.2,-0.4,MHD
19.764,0,0.3,MHD
17.28,-0.7,-0.3,MHD
18.144,0.2,0.2,MHD
18.18,0,0.2,MHD
20.808,0.7,-0.2,MHD
23.544,0.8,0.1,MHD
25.056,0.4,0.1,MHD
26.784,0.5,0,MHD
26.496,-0.1,-0.1,MHD
26.712,0.1,-0.2,MHD
26.712,0,-0.3,MHD
26.388,-0.1,0,MHD
25.56,-0.2,-0.2,MHD
25.452,0,0.3,MHD
20.592,-1.4,0.3,MHD
16.128,-1.2,-0.1,MHD
12.744,-0.9,-0.7,MHD
13.392,0.2,0.1,MHD
13.824,0.1,-0.7,MHD
13.212,-0.2,0.1,MHD
12.132,-0.3,0.2,MHD
12.924,0.2,-0.3,MHD
14.976,0.6,0,MHD
19.116,1.2,-0.2,MHD
19.98,0.2,-0.8,MHD
20.268,0.1,-0.4,MHD
20.988,0.2,-0.2,MHD
20.7,-0.1,-0.3,MHD
20.556,0,-1.6,MHD
19.836,-0.2,0.9,MHD
16.2,-1,0.3,MHD
11.844,-1.2,-0.3,MHD
11.7,0,-0.3,MHD
13.032,0.4,0.3,MHD
13.68,0.2,-0.2,MHD
14.292,0.2,0.1,MHD
14.508,0.1,-0.3,MHD
15.048,0.1,-0.2,MHD
15.336,0.1,-0.1,MHD
15.084,-0.1,-0.1,MHD
14.976,0,-0.5,MHD
15.408,0.1,-0.4,MHD
15.372,0,0.1,MHD
14.76,-0.2,-0.1,MHD
15.444,0.2,0,MHD
14.148,-0.4,-0.5,MHD
14.184,0,-0.1,MHD
13.716,-0.1,0.4,MHD
12.78,-0.3,0.2,MHD
11.7,-0.3,0.2,MHD
11.592,0,0,MHD
10.62,-0.3,0.3,MHD
8.64,-0.6,0.4,MHD
6.696,-0.5,-0.2,MHD
5.076,-0.5,0.1,MHD
3.204,-0.5,0.4,MHD
1.188,-0.6,0.1,MHD
1.728,0.2,0.5,MHD
3.888,0.6,0.6,MHD
3.6,-0.1,0,MHD
1.548,-0.6,0.2,MHD
0,-0.4,0.1,MHD
0,0,0,MHD
0,0,0.1,MHD
0,0,-0.1,MHD
0,0,0.2,MHD
1.836,0.5,0.6,MHD
2.628,0.2,-0.5,MHD
1.98,-0.2,0.6,MHD
1.26,-0.2,0.6,MHD
0,-0.4,0.2,MHD
0,0,0.4,MHD
0,0,0.1,MHD
4.392,1.2,0.3,MHD
5.688,0.4,-0.2,MHD
4.968,-0.2,-0.4,MHD
6.372,0.4,-0.3,MHD
6.012,-0.1,0.5,MHD
6.66,0.2,-0.1,MHD
7.848,0.3,0.1,MHD
9.252,0.4,-0.3,MHD
8.64,-0.2,0.2,MHD
8.1,-0.2,0.3,MHD
7.956,0,0.2,MHD
9.648,0.5,-0.1,MHD
11.628,0.6,0.1,MHD
13.716,0.6,0.4,MHD
14.724,0.3,-0.1,MHD
14.328,-0.1,-0.2,MHD
13.716,-0.2,-0.1,MHD
14.004,0.1,-0.4,MHD
14.292,0.1,-0.1,MHD
15.768,0.4,0.1,MHD
17.316,0.4,0.3,MHD
17.208,0,0.2,MHD
16.416,-0.2,-0.4,MHD
15.768,-0.2,0.3,MHD
14.112,-0.5,0,MHD
12.744,-0.4,0,MHD
12.78,0,0.1,MHD
13.14,0.1,0.3,MHD
14.976,0.5,0.3,MHD
15.948,0.3,-0.3,MHD
17.244,0.4,0.7,MHD
17.1,0,0.3,MHD
18.216,0.3,0.1,MHD
17.136,-0.3,0.3,MHD
16.452,-0.2,0.2,MHD
16.38,0,0.3,MHD
16.272,0,0.4,MHD
16.128,0,0.4,MHD
16.056,0,0.1,MHD
13.5,-0.7,-0.4,MHD
14.148,0.2,-0.8,MHD
11.52,-0.7,-1,MHD
12.564,0.3,-0.5,MHD
12.276,-0.1,0.4,MHD
13.032,0.2,-0.3,MHD
13.86,0.2,-0.5,MHD
14.904,0.3,-0.1,MHD
15.48,0.2,-0.2,MHD
17.028,0.4,-0.2,MHD
19.26,0.6,0,MHD
19.152,0,-0.1,MHD
21.312,0.6,0.2,MHD
19.908,-0.4,0,MHD
19.08,-0.2,-0.2,MHD
20.124,0.3,-0.5,MHD
20.808,0.2,-0.4,MHD
21.708,0.3,0.4,MHD
19.836,-0.5,0.6,MHD
22.356,0.7,0.1,MHD
22.392,0,-0.7,MHD
21.492,-0.3,-0.1,MHD
19.008,-0.7,-0.6,MHD
20.016,0.3,-0.3,MHD
21.348,0.4,0.5,MHD
19.08,-0.6,-0.1,MHD
17.82,-0.4,0.2,MHD
16.38,-0.4,0.2,MHD
18.216,0.5,0.5,MHD
18.252,0,-0.1,MHD
19.8,0.4,0.3,MHD
20.556,0.2,0,MHD
21.492,0.3,0.5,MHD
22.32,0.2,0.4,MHD
20.232,-0.6,0.1,MHD
17.64,-0.7,0.2,MHD
19.98,0.6,-0.2,MHD
18.864,-0.3,-0.4,MHD
18.468,-0.1,-0.5,MHD
18.324,0,0.1,MHD
18.72,0.1,-0.1,MHD
22.212,1,0.5,MHD
24.084,0.5,1.3,MHD
23.688,-0.1,0.5,MHD
23.184,-0.1,-0.8,MHD
24.48,0.4,0.6,MHD
25.488,0.3,-1,MHD
25.308,0,-0.3,MHD
24.912,-0.1,-0.7,MHD
22.86,-0.6,-0.3,MHD
23.076,0.1,-0.7,MHD
22.104,-0.3,-0.3,MHD
22.392,0.1,0.2,MHD
22.284,0,0.2,MHD
20.916,-0.4,-0.1,MHD
21.888,0.3,0.5,MHD
22.284,0.1,0.4,MHD
17.676,-1.3,-0.3,MHD
17.064,-0.2,0.3,MHD
20.664,1,-0.5,MHD
15.768,-1.4,0.2,MHD
14.472,-0.4,0,MHD
15.228,0.2,0.1,MHD
19.584,1.2,-0.4,MHD
19.188,-0.1,-0.3,MHD
18.036,-0.3,-1,MHD
21.888,1.1,0.4,MHD
23.184,0.4,-0.3,MHD
22.86,-0.1,0.4,MHD
22.068,-0.2,0.4,MHD
22.536,0.1,0,MHD
22.428,0,1.4,MHD
13.212,-2.6,0.6,MHD
10.512,-0.8,-0.1,MHD
9.396,-0.3,-0.3,MHD
9.504,0,0.4,MHD
10.404,0.3,0,MHD
11.268,0.2,0,MHD
12.96,0.5,0.1,MHD
14.76,0.5,-0.3,MHD
16.056,0.4,0.3,MHD
16.452,0.1,-0.4,MHD
17.64,0.3,-0.7,MHD
17.748,0,-0.2,MHD
18.612,0.2,0.8,MHD
17.568,-0.3,-0.3,MHD
17.208,-0.1,0.4,MHD
15.336,-0.5,0,MHD
16.272,0.3,-0.2,MHD
15.48,-0.2,-0.2,MHD
16.2,0.2,0.2,MHD
15.768,-0.1,0.3,MHD
14.472,-0.4,-0.1,MHD
14.796,0.1,0.5,MHD
14.544,-0.1,0,MHD
16.056,0.4,0,MHD
17.172,0.3,0.1,MHD
17.856,0.2,-0.1,MHD
18.288,0.1,0.3,MHD
19.908,0.5,0.4,MHD
19.476,-0.1,0.1,MHD
20.304,0.2,0.3,MHD
19.512,-0.2,0,MHD
19.152,-0.1,0,MHD
18.252,-0.3,0.2,MHD
14.976,-0.9,0.5,MHD
14.112,-0.2,-0.7,MHD
15.732,0.5,0.3,MHD
16.128,0.1,-0.1,MHD
18.144,0.6,0.3,MHD
20.124,0.6,-0.5,MHD
22.5,0.7,0.4,MHD
22.788,0.1,0.1,MHD
22.356,-0.1,-0.1,MHD
22.392,0,-0.1,MHD
22.284,0,0,MHD
22.392,0,0.2,MHD
22.536,0,-0.1,MHD
22.212,-0.1,-0.2,MHD
21.744,-0.1,0,MHD
21.528,-0.1,-0.2,MHD
21.744,0.1,-0.4,MHD
21.492,-0.1,0.1,MHD
19.728,-0.5,-0.2,MHD
20.448,0.2,-0.1,MHD
20.124,-0.1,0.1,MHD
20.736,0.2,0.6,MHD
20.988,0.1,0,MHD
22.212,0.3,0.1,MHD
23.256,0.3,0.1,MHD
23.94,0.2,-0.1,MHD
24.192,0.1,0,MHD
24.444,0.1,-0.6,MHD
23.796,-0.2,-0.3,MHD
24.336,0.1,-0.5,MHD
26.424,0.6,-0.1,MHD
27.288,0.2,-0.3,MHD
27.072,-0.1,-0.1,MHD
26.172,-0.3,-0.9,MHD
26.244,0,-0.3,MHD
24.48,-0.5,0.1,MHD
23.832,-0.2,0,MHD
18.972,-1.4,-0.4,MHD
14.868,-1.1,-0.6,MHD
12.816,-0.6,-0.5,MHD
9.036,-1.1,0,MHD
11.088,0.6,-0.6,MHD
16.38,1.5,-0.4,MHD
18.72,0.7,-0.5,MHD
18.036,-0.2,1.5,MHD
19.44,0.4,-0.5,MHD
18.504,-0.3,-0.4,MHD
18.108,-0.1,0.1,MHD
15.912,-0.6,0.1,MHD
18.144,0.6,0.8,MHD
19.908,0.5,0.8,MHD
20.952,0.3,0.5,MHD
15.444,-1.5,-0.5,MHD
17.064,0.5,-0.8,MHD
20.196,0.9,0.1,MHD
24.624,1.2,0.5,MHD
25.848,0.3,-0.2,MHD
25.524,-0.1,-0.7,MHD
25.704,0,0.4,MHD
25.704,0,1,MHD
26.568,0.2,0.6,MHD
24.948,-0.5,-0.5,MHD
25.56,0.2,-0.3,MHD
26.784,0.3,-0.7,MHD
26.316,-0.1,-0.3,MHD
29.088,0.8,0.2,MHD
28.476,-0.2,-0.4,MHD
28.296,0,0,MHD
27.684,-0.2,0.3,MHD
28.476,0.2,0.5,MHD
27.972,-0.1,0.2,MHD
24.408,-1,-0.2,MHD
16.272,-2.3,0.1,MHD
18.432,0.6,-0.5,MHD
20.412,0.6,0.1,MHD
16.704,-1,0,MHD
14.508,-0.6,0.6,MHD
12.852,-0.5,0.8,MHD
15.804,0.8,-0.3,MHD
13.86,-0.5,-0.3,MHD
15.336,0.4,-0.3,MHD
12.852,-0.7,-0.2,MHD
7.236,-1.6,0,MHD
0,-2,-0.2,MHD
0,0,-0.2,MHD
0,0,-0.2,MHD
0,0,-0.3,MHD
1.368,0.4,-0.6,MHD
0,-0.4,0,MHD
1.98,0.6,-0.7,MHD
1.872,0,0.3,MHD
2.088,0.1,-0.2,MHD
2.124,0,-0.5,MHD
2.376,0.1,0.5,MHD
2.484,0,0.3,MHD
0,-0.7,-0.4,MHD
0,0,1.4,MHD
0,0,0.8,MHD
0,0,0.5,MHD
4.788,1.3,0.4,MHD
5.94,0.3,0,MHD
5.76,0,-0.4,MHD
5.364,-0.1,0.2,MHD
6.732,0.4,0.2,MHD
7.38,0.2,-0.1,MHD
8.208,0.2,0.2,MHD
8.424,0.1,0.7,MHD
9.072,0.2,0.6,MHD
10.656,0.4,-0.2,MHD
12.096,0.4,-0.2,MHD
13.212,0.3,-1.1,MHD
13.68,0.1,0,MHD
13.608,0,-1.1,MHD
13.932,0.1,-0.1,MHD
13.824,0,0.1,MHD
12.564,-0.4,0.2,MHD
11.844,-0.2,-0.6,MHD
12.636,0.2,-0.1,MHD
12.42,-0.1,0,MHD
11.124,-0.4,-0.4,MHD
11.304,0.1,-0.6,MHD
12.204,0.3,-0.7,MHD
12.96,0.2,-0.2,MHD
14.256,0.4,-0.4,MHD
15.696,0.4,0,MHD
17.388,0.5,-0.8,MHD
18.936,0.4,-0.4,MHD
20.052,0.3,0,MHD
21.492,0.4,0.1,MHD
19.188,-0.6,-0.7,MHD
19.692,0.1,0.4,MHD
18.216,-0.4,-0.3,MHD
17.208,-0.3,0,MHD
16.056,-0.3,0.4,MHD
15.336,-0.2,0.2,MHD
15.3,0,0,MHD
17.316,0.6,-0.4,MHD
18.9,0.4,-0.7,MHD
19.26,0.1,-0.4,MHD
18.756,-0.1,0.2,MHD
19.44,0.2,-0.2,MHD
19.512,0,-0.1,MHD
20.016,0.1,-0.1,MHD
21.24,0.3,0.2,MHD
22.824,0.4,0.5,MHD
23.004,0,-0.1,MHD
24.192,0.3,-0.3,MHD
24.66,0.1,-0.2,MHD
25.02,0.1,-0.1,MHD
24.84,0,-0.6,MHD
24.804,0,0.1,MHD
25.344,0.2,0.3,MHD
24.84,-0.1,0.3,MHD
25.164,0.1,-0.2,MHD
25.56,0.1,-0.1,MHD
26.064,0.1,0.4,MHD
24.336,-0.5,-0.1,MHD
23.076,-0.4,0,MHD
19.512,-1,0,MHD
17.748,-0.5,-0.6,MHD
16.308,-0.4,0.3,MHD
16.416,0,0.3,MHD
16.668,0.1,-0.3,MHD
19.152,0.7,0.4,MHD
20.628,0.4,0.3,MHD
21.672,0.3,0,MHD
23.22,0.4,0.1,MHD
24.516,0.4,0.2,MHD
24.984,0.1,0.2,MHD
24.516,-0.1,-0.2,MHD
23.292,-0.3,-0.1,MHD
23.868,0.2,0.2,MHD
22.752,-0.3,0,MHD
23.4,0.2,0,MHD
24.012,0.2,0.1,MHD
24.192,0,-0.1,MHD
24.336,0,0.1,MHD
24.624,0.1,0.4,MHD
24.516,0,0,MHD
24.912,0.1,0,MHD
24.768,0,0,MHD
24.3,-0.1,0.3,MHD
24.048,-0.1,-0.1,MHD
23.112,-0.3,0.5,MHD
22.14,-0.3,-0.2,MHD
22.428,0.1,-0.3,MHD
21.744,-0.2,-0.8,MHD
22.968,0.3,-0.2,MHD
22.644,-0.1,-0.2,MHD
22.176,-0.1,-0.3,MHD
20.808,-0.4,0,MHD
17.892,-0.8,0,MHD
16.524,-0.4,0,MHD
15.048,-0.4,-0.1,MHD
14.544,-0.1,-0.3,MHD
14.832,0.1,-0.1,MHD
16.488,0.5,0.3,MHD
17.712,0.3,-0.2,MHD
18.396,0.2,0.1,MHD
20.124,0.5,0.3,MHD
20.448,0.1,-0.2,MHD
21.06,0.2,-0.1,MHD
21.24,0.1,0.1,MHD
21.42,0,0.4,MHD
22.032,0.2,0.6,MHD
21.168,-0.2,-0.1,MHD
21.132,0,-0.2,MHD
20.952,0,0,MHD
21.276,0.1,0.2,MHD
21.492,0.1,0.1,MHD
22.572,0.3,0.4,MHD
22.248,-0.1,0.2,MHD
22.608,0.1,0.1,MHD
21.744,-0.2,0.9,MHD
22.104,0.1,-0.1,MHD
17.928,-1.2,0.2,MHD
15.84,-0.6,0,MHD
15.156,-0.2,-0.1,MHD
19.116,1.1,0.7,MHD
19.548,0.1,0.3,MHD
19.404,0,0.3,MHD
19.764,0.1,-0.1,MHD
19.26,-0.1,0,MHD
18.72,-0.1,-0.1,MHD
17.28,-0.4,0.1,MHD
17.712,0.1,0.5,MHD
16.524,-0.3,-0.2,MHD
16.992,0.1,-0.3,MHD
16.992,0,-0.1,MHD
17.46,0.1,0.3,MHD
18.18,0.2,0.4,MHD
18.468,0.1,0,MHD
18.72,0.1,-0.1,MHD
18.756,0,0,MHD
19.368,0.2,0.1,MHD
19.8,0.1,-0.2,MHD
20.484,0.2,0.3,MHD
21.42,0.3,0.1,MHD
16.812,-1.3,0.2,MHD
18.756,0.5,0,MHD
18.612,0,0.5,MHD
18.072,-0.2,-0.2,MHD
19.836,0.5,0.4,MHD
19.26,-0.2,-0.2,MHD
24.696,1.5,0.5,MHD
24.804,0,0,MHD
24.804,0,1,MHD
24.3,-0.1,0.5,MHD
24.768,0.1,0.3,MHD
25.776,0.3,-0.1,MHD
26.388,0.2,0.1,MHD
28.584,0.6,0.8,MHD
28.152,-0.1,0.5,MHD
0,0,0,MHD
0,0,0.3,MHD
0.828,0.2,0,MHD
0,-0.2,0.3,MHD
0,0,0,MHD
0,0,0,MHD
0,0,-0.3,MHD
0,0,0,MHD
0,0,0,MHD
0,0,-0.1,MHD
0,0,-0.1,MHD
0,0,0,MHD
0,0,0,MHD
0,0,0,MHD
0,0,0,MHD
0,0,0,MHD
0,0,0,MHD
0,0,0,MHD
0,0,0,MHD
0,0,0,MHD
0,0,0,MHD
0,0,0,MHD
0,0,0,MHD
0,0,0,MHD
0,0,0,MHD
0,0,0,MHD
0,0,0,MHD
0,0,0,MHD
0,0,0,MHD
0,0,0,MHD
0,0,0,MHD
0,0,0,MHD
0,0,0,MHD
0,0,0,MHD
0,0,0,MHD
0,0,0,MHD
0,0,0,MHD
0,0,0,MHD
0,0,0,MHD
0,0,0,MHD
0,0,0,MHD
0,0,0,MHD
0,0,0,MHD
0,0,0,MHD
0,0,0,MHD
0,0,0,MHD
0,0,0,MHD
0,0,0,MHD
0,0,0,MHD
0,0,0,MHD
0,0,0,MHD
0,0,0,MHD
0,0,0,MHD
0,0,0,MHD
0,0,0,MHD
0,0,0,MHD
0,0,0,MHD
0,0,0,MHD
0,0,0,MHD
0,0,0,MHD
0,0,0,MHD
0,0,0,MHD
0,0,0,MHD
0,0,0,MHD
0,0,0,MHD
0,0,0,MHD
0,0,0,MHD
0,0,0,MHD
0,0,0,MHD
0,0,0,MHD
0,0,0,MHD
0,0,0,MHD
0,0,0,MHD
0,0,0,MHD
0,0,0,MHD
0,0,0,MHD
0,0,0,MHD
0,0,0,MHD
0,0,0,MHD
0,0,0,MHD
0,0,0,MHD
0,0,0,MHD
0,0,0,MHD
0,0,0,MHD
0,0,0,MHD
0,0,0,MHD
0,0,0,MHD
0,0,0,MHD
0,0,0,MHD
0,0,0,MHD
0,0,0,MHD
0,0,0,MHD
0,0,0,MHD
0,0,0,MHD
0,0,0,MHD
0,0,0,MHD
0,0,0,MHD
0,0,0,MHD
0,0,0,MHD
0,0,0,MHD
0,0,0,MHD
0,0,0,MHD
0,0,0,MHD
0,0,0,MHD
0,0,0,MHD
0,0,0,MHD
0,0,0,MHD
0,0,0,MHD
0,0,0,MHD
0,0,0,MHD
0,0,0,MHD
0,0,0,MHD
0,0,0,MHD
0,0,0,MHD
0,0,0,MHD
0,0,0,MHD
0,0,0,MHD
0,0,0,MHD
0,0,0,MHD
0,0,0,MHD
0,0,0,MHD
0,0,0,MHD
0,0,0,MHD
0,0,0,MHD
0,0,0,MHD
0,0,0,MHD
0,0,0,MHD
0,0,0,MHD
0,0,0,MHD
0,0,0,MHD
0,0,0,MHD
0,0,0,MHD
0,0,0,MHD
0,0,0,MHD
0,0,0,MHD
0,0,0,MHD
0,0,0,MHD
0,0,0,MHD
0,0,0,MHD
0,0,0,MHD
0,0,0,MHD
0,0,0,MHD
0,0,0,MHD
0,0,0,MHD
0,0,0,MHD
0,0,0,MHD
0,0,0,MHD
0,0,0,MHD
0,0,0,MHD
0,0,0,MHD
0,0,0,MHD
0,0,0,MHD
0,0,0,MHD
0,0,0,MHD
0,0,0,MHD
0,0,0,MHD
0,0,0,MHD
0,0,0,MHD
0,0,0,MHD
0,0,0,MHD
0,0,0,MHD
0,0,0,MHD
0,0,0,MHD
0,0,0,MHD
0,0,0,MHD
0,0,0,MHD
0,0,0,MHD
0,0,0,MHD
0,0,0,MHD
0,0,0,MHD
0,0,0,MHD
0,0,0,MHD
0,0,0,MHD
0,0,0,MHD
0,0,0,MHD
0,0,0,MHD
0.54,0.2,-0.2,MHD
1.656,0.3,-0.1,MHD
3.492,0.5,0,MHD
6.48,0.8,-0.1,MHD
6.12,-0.1,0.2,MHD
6.516,0.1,0.1,MHD
5.508,-0.3,-0.3,MHD
4.896,-0.2,-0.4,MHD
5.184,0.1,0.3,MHD
4.824,-0.1,0.1,MHD
4.536,-0.1,0.2,MHD
4.752,0.1,0.5,MHD
4.968,0.1,0.2,MHD
5.292,0.1,0.1,MHD
4.356,-0.3,0.2,MHD
4.428,0,0.1,MHD
4.86,0.1,0.2,MHD
4.716,0,0.3,MHD
4.896,0.1,0,MHD
5.328,0.1,0,MHD
5.22,0,-0.1,MHD
4.896,-0.1,0.1,MHD
4.68,-0.1,0.2,MHD
4.824,0,-0.1,MHD
3.672,-0.3,0.1,MHD
4.464,0.2,-0.3,MHD
4.788,0.1,-0.1,MHD
4.68,0,0,MHD
4.86,0.1,0.1,MHD
5.256,0.1,0.1,MHD
5.076,-0.1,0,MHD
4.572,-0.1,-0.4,MHD
5.616,0.3,0,MHD
5.616,0,0.2,MHD
5.328,-0.1,-0.4,MHD
5.076,-0.1,-0.1,MHD
3.996,-0.3,0,MHD
4.464,0.1,0.1,MHD
4.428,0,0.4,MHD
4.752,0.1,-0.2,MHD
4.752,0,-0.2,MHD
4.644,0,-0.3,MHD
4.932,0.1,-0.2,MHD
5.364,0.1,0,MHD
3.096,-0.6,0.2,MHD
7.308,1.2,-0.1,MHD
4.032,-0.9,-0.2,MHD
5.904,0.5,0.2,MHD
5.364,-0.2,-0.5,MHD
3.24,-0.6,-0.3,MHD
6.372,0.9,0,MHD
5.688,-0.2,0.1,MHD
3.132,-0.7,-0.3,MHD
4.932,0.5,-0.4,MHD
10.728,1.6,0.2,MHD
9.936,-0.2,-0.1,MHD
10.512,0.2,-0.2,MHD
9.864,-0.2,0.3,MHD
8.964,-0.3,0.2,MHD
8.82,0,-0.2,MHD
9.288,0.1,0.3,MHD
8.856,-0.1,0.3,MHD
9.432,0.2,0.2,MHD
10.044,0.2,0.1,MHD
11.7,0.5,0.3,MHD
13.104,0.4,0.4,MHD
13.788,0.2,0,MHD
14.112,0.1,0.4,MHD
14.436,0.1,0,MHD
14.688,0.1,-0.2,MHD
13.032,-0.5,-0.1,MHD
13.752,0.2,-0.4,MHD
14.004,0.1,-0.1,MHD
14.652,0.2,-0.2,MHD
15.3,0.2,-0.2,MHD
14.256,-0.3,-0.5,MHD
14.724,0.1,-0.1,MHD
16.596,0.5,-0.5,MHD
17.208,0.2,-1.1,MHD
16.452,-0.2,0.7,MHD
16.992,0.1,0.5,MHD
17.64,0.2,0.3,MHD
17.028,-0.2,0.3,MHD
17.28,0.1,0.4,MHD
16.776,-0.1,0.5,MHD
16.416,-0.1,0,MHD
16.308,0,0,MHD
15.804,-0.1,-0.2,MHD
15.948,0,0.5,MHD
16.2,0.1,0.3,MHD
15.588,-0.2,0.2,MHD
15.588,0,-0.1,MHD
16.704,0.3,0.2,MHD
18.18,0.4,-0.3,MHD
18.54,0.1,0.2,MHD
18.972,0.1,0.3,MHD
19.296,0.1,0.2,MHD
19.332,0,-0.2,MHD
19.728,0.1,-0.2,MHD
20.196,0.1,0,MHD
20.232,0,0.1,MHD
19.872,-0.1,0.1,MHD
19.44,-0.1,0.2,MHD
18.936,-0.1,0,MHD
18.468,-0.1,-0.2,MHD
18.432,0,-0.2,MHD
17.784,-0.2,-0.2,MHD
17.46,-0.1,-0.1,MHD
16.992,-0.1,0.8,MHD
17.712,0.2,0,MHD
18.144,0.1,0.2,MHD
18.756,0.2,-0.2,MHD
18.936,0,0.1,MHD
19.44,0.1,0.2,MHD
19.476,0,0.5,MHD
19.044,-0.1,0.4,MHD
19.152,0,0.3,MHD
19.26,0,0.3,MHD
19.728,0.1,-0.2,MHD
20.016,0.1,0.3,MHD
20.16,0,0.5,MHD
20.088,0,0.2,MHD
20.016,0,0.2,MHD
19.764,-0.1,0.3,MHD
19.476,-0.1,-0.5,MHD
18.648,-0.2,-0.4,MHD
17.172,-0.4,0.4,MHD
15.948,-0.3,0.3,MHD
14.976,-0.3,0.5,MHD
15.732,0.2,-0.7,MHD
16.956,0.3,0.3,MHD
16.812,0,0.4,MHD
17.28,0.1,-0.4,MHD
17.64,0.1,0.3,MHD
17.964,0.1,0.3,MHD
15.012,-0.8,-0.4,MHD
17.568,0.7,0.4,MHD
17.496,0,-0.1,MHD
18.648,0.3,-0.2,MHD
19.692,0.3,-0.9,MHD
19.584,0,-0.4,MHD
20.664,0.3,-0.4,MHD
21.348,0.2,0.6,MHD
21.924,0.2,-0.1,MHD
22.536,0.2,-0.2,MHD
22.896,0.1,1.2,MHD
23.04,0,-0.1,MHD
23.58,0.1,-0.2,MHD
23.076,-0.1,-0.6,MHD
22.284,-0.2,0.1,MHD
22.428,0,-0.7,MHD
23.004,0.2,0,MHD
23.184,0.1,-0.1,MHD
23.256,0,1.1,MHD
23.436,0,0.5,MHD
23.688,0.1,0.1,MHD
24.012,0.1,-0.2,MHD
24.264,0.1,-0.2,MHD
24.948,0.2,-0.3,MHD
24.804,0,0.1,MHD
24.984,0.1,-0.6,MHD
25.38,0.1,-0.3,MHD
25.488,0,-0.6,MHD
25.704,0.1,-0.6,MHD
25.344,-0.1,-0.2,MHD
24.408,-0.3,0.1,MHD
24.12,-0.1,-0.3,MHD
23.724,-0.1,-0.3,MHD
23.076,-0.2,0.2,MHD
22.932,0,0.1,MHD
22.86,0,-0.2,MHD
22.5,-0.1,0,MHD
22.716,0.1,0,MHD
21.816,-0.3,-0.2,MHD
21.384,-0.1,0.3,MHD
18.864,-0.7,1,MHD
20.016,0.3,0.7,MHD
17.712,-0.6,0.5,MHD
19.008,0.4,0.9,MHD
19.152,0,1,MHD
16.092,-0.9,1.3,MHD
17.388,0.4,1.1,MHD
20.34,0.8,1.1,MHD
21.888,0.4,-0.2,MHD
12.96,-2.5,-0.1,MHD
16.452,1,0.6,MHD
17.784,0.4,0.1,MHD
18.396,0.2,1.6,MHD
18.288,0,-0.8,MHD
18.972,0.2,-0.5,MHD
19.296,0.1,0.1,MHD
19.656,0.1,-0.3,MHD
19.008,-0.2,-0.1,MHD
18.432,-0.2,-0.2,MHD
18.54,0,-0.5,MHD
19.152,0.2,-0.7,MHD
18.504,-0.2,-0.5,MHD
19.476,0.3,-0.3,MHD
19.764,0.1,-0.1,MHD
20.16,0.1,-1.1,MHD
22.32,0.6,0.1,MHD
23.076,0.2,-0.7,MHD
22.896,0,-1.3,MHD
22.572,-0.1,0.6,MHD
22.32,-0.1,-0.2,MHD
23.076,0.2,0.8,MHD
22.86,-0.1,-0.1,MHD
21.492,-0.4,0.3,MHD
13.032,-2.4,-0.3,MHD
16.74,1,0.1,MHD
17.568,0.2,0.3,MHD
17.712,0,0.1,MHD
13.572,-1.2,0,MHD
17.388,1.1,0,MHD
17.748,0.1,-0.5,MHD
16.992,-0.2,-0.3,MHD
18.432,0.4,0,MHD
18.54,0,-0.2,MHD
17.496,-0.3,-0.3,MHD
15.768,-0.5,0.7,MHD
13.644,-0.6,-0.6,MHD
11.664,-0.6,-0.1,MHD
10.44,-0.3,-0.2,MHD
10.224,-0.1,-0.7,MHD
5.688,-1.3,0.5,MHD
10.908,1.5,1.8,MHD
12.528,0.5,0.5,MHD
11.664,-0.2,-1.4,MHD
13.644,0.6,-0.4,MHD
12.888,-0.2,-0.9,MHD
12.168,-0.2,-0.4,MHD
12.636,0.1,0,MHD
12.024,-0.2,-0.2,MHD
14.724,0.8,1,MHD
16.452,0.5,-0.1,MHD
16.2,-0.1,-0.4,MHD
17.604,0.4,-0.4,MHD
18.972,0.4,-0.1,MHD
19.548,0.2,-0.3,MHD
18.648,-0.3,-1.3,MHD
20.412,0.5,0.5,MHD
20.7,0.1,-0.5,MHD
20.952,0.1,-0.2,MHD
20.484,-0.1,0,MHD
20.196,-0.1,-0.5,MHD
20.124,0,-0.1,MHD
19.908,-0.1,0,MHD
20.196,0.1,-0.4,MHD
21.096,0.3,0.5,MHD
21.528,0.1,-0.1,MHD
21.816,0.1,-0.1,MHD
22.284,0.1,-0.1,MHD
22.176,0,0.1,MHD
22.68,0.1,-0.2,MHD
18.288,-1.2,-0.4,MHD
19.656,0.4,-0.2,MHD
16.38,-0.9,0.5,MHD
18.144,0.5,0.1,MHD
16.38,-0.5,-1,MHD
16.992,0.2,-0.2,MHD
16.848,0,-1,MHD
17.064,0.1,-0.1,MHD
17.244,0,-0.7,MHD
16.848,-0.1,1,MHD
21.348,1.3,0.1,MHD
18.792,-0.7,3.4,MHD
21.204,0.7,-0.9,MHD
20.376,-0.2,0.1,MHD
13.716,-1.9,-0.5,MHD
14.148,0.1,0.5,MHD
15.768,0.5,0,MHD
17.244,0.4,0.9,MHD
17.172,0,1.4,MHD
15.768,-0.4,0.6,MHD
16.74,0.3,-0.9,MHD
17.64,0.3,0.7,MHD
19.116,0.4,1.5,MHD
17.424,-0.5,0,MHD
18.324,0.3,-1,MHD
22.14,1.1,-0.7,MHD
20.34,-0.5,-0.8,MHD
10.656,-2.7,0.2,MHD
11.664,0.3,-1.5,MHD
15.264,1,-0.2,MHD
17.244,0.6,-1.3,MHD
22.5,1.5,1,MHD
25.632,0.9,1.3,MHD
24.948,-0.2,-1.1,MHD
25.596,0.2,0.7,MHD
25.488,0,-0.9,MHD
25.596,0,0.1,MHD
21.42,-1.2,0.2,MHD
23.292,0.5,-0.1,MHD
26.424,0.9,0.6,MHD
27.216,0.2,0.8,MHD
28.62,0.4,0.9,MHD
25.632,-0.8,-0.2,MHD
26.136,0.1,-0.2,MHD
26.172,0,-0.9,MHD
26.172,0,1.2,MHD
24.732,-0.4,0.2,MHD
25.272,0.1,-0.3,MHD
21.564,-1,-0.4,MHD
25.164,1,0,MHD
24.552,-0.2,0,MHD
19.764,-1.3,0.2,MHD
22.536,0.8,0.2,MHD
14.4,-2.3,0.3,MHD
8.352,-1.7,-1.1,MHD
9.144,0.2,-0.6,MHD
8.172,-0.3,0.9,MHD
7.128,-0.3,0.1,MHD
11.736,1.3,-0.1,MHD
12.096,0.1,0.4,MHD
16.164,1.1,0.2,MHD
16.092,0,-0.7,MHD
17.532,0.4,-0.5,MHD
16.416,-0.3,-0.1,MHD
16.38,0,-0.1,MHD
17.172,0.2,0,MHD
19.044,0.5,0.3,MHD
18.972,0,-0.6,MHD
16.668,-0.6,-0.1,MHD
13.68,-0.8,0.5,MHD
12.564,-0.3,0.5,MHD
7.74,-1.3,-0.2,MHD
6.588,-0.3,-0.4,MHD
4.86,-0.5,-0.1,MHD
5.4,0.2,0.7,MHD
4.32,-0.3,-0.5,MHD
5.364,0.3,-0.2,MHD
5.364,0,-0.2,MHD
7.056,0.5,-0.7,MHD
7.128,0,-0.2,MHD
9.396,0.6,-0.5,MHD
7.596,-0.5,-0.7,MHD
9.576,0.6,-0.5,MHD
10.404,0.2,0.5,MHD
11.052,0.2,-0.1,MHD
12.06,0.3,-0.5,MHD
13.032,0.3,-0.3,MHD
12.276,-0.2,1.9,MHD
13.932,0.5,1.9,MHD
12.672,-0.4,0.2,MHD
11.052,-0.5,-0.2,MHD
13.248,0.6,0.1,MHD
8.352,-1.4,-0.8,MHD
8.316,0,0.2,MHD
9.144,0.2,-0.2,MHD
10.836,0.5,1.5,MHD
8.172,-0.7,-0.4,MHD
9.072,0.3,0.1,MHD
11.052,0.6,0.9,MHD
11.844,0.2,0.7,MHD
13.68,0.5,-0.6,MHD
13.572,0,-0.5,MHD
14.832,0.4,-0.2,MHD
15.876,0.3,0,MHD
16.38,0.1,0.1,MHD
17.568,0.3,1.2,MHD
17.496,0,0.1,MHD
16.956,-0.2,0.5,MHD
16.956,0,0.2,MHD
17.136,0,0.7,MHD
16.668,-0.1,1.8,MHD
17.244,0.2,1,MHD
17.1,0,-0.2,MHD
17.136,0,-0.1,MHD
15.048,-0.6,-1.3,MHD
14.4,-0.2,-0.8,MHD
14.94,0.2,-1.2,MHD
14.04,-0.3,-0.9,MHD
14.256,0.1,-0.8,MHD
17.172,0.8,-0.3,MHD
17.172,0,-0.7,MHD
14.832,-0.6,-0.1,MHD
11.808,-0.8,-0.5,MHD
13.032,0.3,0.3,MHD
14.112,0.3,0.2,MHD
12.564,-0.4,0,MHD
15.696,0.9,-0.4,MHD
14.76,-0.3,0.2,MHD
15.552,0.2,0.7,MHD
14.364,-0.3,-0.1,MHD
14.256,0,-0.3,MHD
16.272,0.6,0.8,MHD
10.944,-1.5,-1.8,MHD
10.836,0,-1.8,MHD
16.632,1.6,0.3,MHD
21.456,1.3,0.7,MHD
21.924,0.1,0.6,MHD
21.528,-0.1,0.7,MHD
20.844,-0.2,-0.5,MHD
24.624,1.1,0.2,MHD
24.012,-0.2,1,MHD
23.76,-0.1,0,MHD
24.264,0.1,0,MHD
21.6,-0.7,0,MHD
20.736,-0.2,0.4,MHD
20.124,-0.2,-0.5,MHD
20.448,0.1,0,MHD
24.408,1.1,0.2,MHD
24.84,0.1,0.3,MHD
24.948,0,-0.3,MHD
24.624,-0.1,-1.8,MHD
25.416,0.2,0.3,MHD
25.308,0,0.3,MHD
24.156,-0.3,-0.5,MHD
25.56,0.4,-0.1,MHD
25.488,0,0.1,MHD
25.74,0.1,-0.9,MHD
25.956,0.1,-0.7,MHD
27.252,0.4,0,MHD
26.352,-0.3,-0.2,MHD
26.136,-0.1,0.4,MHD
27.324,0.3,0.6,MHD
25.92,-0.4,1.1,MHD
25.164,-0.2,0.6,MHD
24.84,-0.1,-0.2,MHD
20.628,-1.2,0.9,MHD
19.62,-0.3,1.8,MHD
22.356,0.8,-0.6,MHD
23.4,0.3,-0.8,MHD
23.112,-0.1,-0.6,MHD
24.876,0.5,-0.1,MHD
28.224,0.9,-0.2,MHD
27.504,-0.2,1.7,MHD
26.46,-0.3,0.4,MHD
26.028,-0.1,-0.2,MHD
22.752,-0.9,-0.6,MHD
20.124,-0.7,0.3,MHD
14.868,-1.5,0.8,MHD
13.788,-0.3,1.1,MHD
13.572,-0.1,0.2,MHD
12.816,-0.2,0.1,MHD
10.152,-0.7,-0.2,MHD
10.404,0.1,-1,MHD
14.976,1.3,-2.1,MHD
15.408,0.1,-0.6,MHD
16.02,0.2,-0.8,MHD
17.136,0.3,-0.1,MHD
17.64,0.1,-0.1,MHD
18.072,0.1,-0.1,MHD
18.288,0.1,-0.4,MHD
19.944,0.5,0.1,MHD
19.728,-0.1,0.9,MHD
18.54,-0.3,1.1,MHD
16.56,-0.6,0.3,MHD
14.868,-0.5,0.3,MHD
12.096,-0.8,-0.2,MHD
13.68,0.4,-0.6,MHD
14.472,0.2,0.4,MHD
15.012,0.2,-0.1,MHD
15.012,0,-0.3,MHD
15.48,0.1,0.1,MHD
16.092,0.2,0,MHD
14.688,-0.4,0.1,MHD
15.984,0.4,0.1,MHD
16.308,0.1,-0.2,MHD
15.984,-0.1,0.1,MHD
15.084,-0.3,-0.1,MHD
13.968,-0.3,-0.3,MHD
12.96,-0.3,-0.2,MHD
11.592,-0.4,0.1,MHD
10.368,-0.3,0.1,MHD
10.8,0.1,0.4,MHD
10.944,0,0.5,MHD
10.44,-0.1,-0.3,MHD
10.404,0,0,MHD
9.072,-0.4,0,MHD
7.056,-0.6,-0.5,MHD
5.436,-0.5,0.1,MHD
3.852,-0.4,-0.1,MHD
2.052,-0.5,0.3,MHD
1.116,-0.3,0.5,MHD
1.764,0.2,0.3,MHD
1.26,-0.1,0.5,MHD
0,-0.4,0.2,MHD
0.936,0.3,0.3,MHD
1.26,0.1,-0.6,MHD
1.08,-0.1,-0.2,MHD
0,-0.3,-0.3,MHD
0,0,0.3,MHD
0,0,0.2,MHD
0,0,0,MHD
0,0,0.1,MHD
1.296,0.4,-0.1,MHD
1.872,0.2,0.5,MHD
2.34,0.1,0.6,MHD
2.088,-0.1,1.4,MHD
0.972,-0.3,0,MHD
0,-0.3,-0.1,MHD
0,0,-0.4,MHD
0,0,-0.2,MHD
0,0,0.2,MHD
0,0,0,MHD
2.232,0.6,0.2,MHD
2.088,0,-0.2,MHD
2.16,0,0.3,MHD
2.304,0,-0.1,MHD
1.476,-0.2,-0.8,MHD
0.684,-0.2,-0.5,MHD
0,-0.2,-0.2,MHD
0,0,0.1,MHD
0,0,-0.5,MHD
0,0,-0.3,MHD
1.26,0.4,-0.1,MHD
3.168,0.5,0.7,MHD
4.068,0.3,0.6,MHD
3.528,-0.2,0.4,MHD
3.132,-0.1,-0.9,MHD
1.62,-0.4,-0.2,MHD
0.9,-0.2,-0.3,MHD
3.492,0.7,0.2,MHD
5.22,0.5,0,MHD
6.264,0.3,0.8,MHD
7.524,0.4,0.4,MHD
8.316,0.2,0.3,MHD
8.82,0.1,0,MHD
9.684,0.2,0,MHD
10.26,0.2,-0.4,MHD
9.828,-0.1,0,MHD
9.468,-0.1,-0.2,MHD
8.892,-0.2,-0.3,MHD
8.856,0,-0.2,MHD
10.188,0.4,-0.3,MHD
11.34,0.3,-0.2,MHD
12.276,0.3,-0.4,MHD
12.888,0.2,0.1,MHD
11.196,-0.5,-0.3,MHD
12.024,0.2,0.1,MHD
11.736,-0.1,0.8,MHD
12.6,0.2,0.8,MHD
13.5,0.3,0.3,MHD
14.256,0.2,0.6,MHD
14.904,0.2,0.4,MHD
14.112,-0.2,0,MHD
13.212,-0.3,0.3,MHD
11.772,-0.4,-0.6,MHD
11.232,-0.2,0.2,MHD
11.52,0.1,0,MHD
12.78,0.4,-0.1,MHD
13.5,0.2,-0.1,MHD
14.076,0.2,-0.2,MHD
14.94,0.2,-0.2,MHD
16.956,0.6,0.2,MHD
16.308,-0.2,-0.2,MHD
16.272,0,0,MHD
15.696,-0.2,-0.1,MHD
15.336,-0.1,-0.1,MHD
15.768,0.1,0,MHD
17.028,0.4,0.1,MHD
15.66,-0.4,-0.5,MHD
14.904,-0.2,-0.6,MHD
15.732,0.2,0,MHD
16.416,0.2,0.1,MHD
13.068,-0.9,-0.6,MHD
12.672,-0.1,-0.3,MHD
14.256,0.4,0.1,MHD
15.336,0.3,0.3,MHD
16.56,0.3,-0.1,MHD
17.352,0.2,-0.2,MHD
17.424,0,-0.1,MHD
18.252,0.2,-0.4,MHD
18.036,-0.1,-0.3,MHD
17.82,-0.1,0.3,MHD
21.024,0.9,0.7,MHD
21.6,0.2,-0.1,MHD
21.6,0,0,MHD
20.988,-0.2,1.5,MHD
21.996,0.3,0.1,MHD
22.104,0,0.8,MHD
20.844,-0.4,0,MHD
21.672,0.2,-0.3,MHD
20.952,-0.2,-0.2,MHD
20.628,-0.1,0,MHD
21.348,0.2,-0.4,MHD
21.924,0.2,0.7,MHD
21.312,-0.2,-0.7,MHD
22.428,0.3,-0.1,MHD
18.792,-1,-1.9,MHD
22.752,1.1,0,MHD
25.524,0.8,-0.1,MHD
26.172,0.2,0.4,MHD
25.776,-0.1,-0.1,MHD
25.128,-0.2,-0.6,MHD
23.184,-0.5,0.3,MHD
25.56,0.7,0,MHD
23.652,-0.5,-0.1,MHD
24.336,0.2,0,MHD
24.696,0.1,0.2,MHD
26.46,0.5,0.5,MHD
25.236,-0.3,0.7,MHD
23.256,-0.6,-0.1,MHD
23.76,0.1,0.2,MHD
24.264,0.1,0.6,MHD
23.508,-0.2,-0.3,MHD
24.012,0.1,-0.8,MHD
25.668,0.5,-0.1,MHD
24.372,-0.4,-0.4,MHD
24.732,0.1,-0.5,MHD
24.696,0,-0.2,MHD
22.824,-0.5,0.8,MHD
25.164,0.7,0.1,MHD
26.604,0.4,0.4,MHD
24.876,-0.5,-0.2,MHD
24.444,-0.1,0.1,MHD
22.356,-0.6,0.1,MHD
23.148,0.2,0.4,MHD
20.772,-0.7,0.1,MHD
23.976,0.9,-0.4,MHD
22.932,-0.3,1.2,MHD
25.488,0.7,0.3,MHD
25.992,0.1,0,MHD
25.344,-0.2,0,MHD
25.488,0,1.2,MHD
24.3,-0.3,1.2,MHD
23.328,-0.3,0.8,MHD
22.392,-0.3,0.7,MHD
19.08,-0.9,0.1,MHD
21.96,0.8,-0.2,MHD
22.68,0.2,-0.3,MHD
21.96,-0.2,-0.2,MHD
21.852,0,-0.1,MHD
22.212,0.1,-0.7,MHD
22.644,0.1,-0.3,MHD
23.112,0.1,-0.8,MHD
23.724,0.2,-0.1,MHD
23.148,-0.2,-0.2,MHD
24.048,0.3,-0.3,MHD
23.904,0,0.1,MHD
25.344,0.4,0.4,MHD
25.956,0.2,0.1,MHD
24.984,-0.3,-0.1,MHD
24.084,-0.3,0.6,MHD
26.1,0.6,0.1,MHD
27.288,0.3,0.3,MHD
27.612,0.1,0.4,MHD
27.036,-0.2,-0.1,MHD
24.984,-0.6,-0.4,MHD
23.58,-0.4,0.1,MHD
19.692,-1.1,-0.4,MHD
17.424,-0.6,0,MHD
16.452,-0.3,-0.9,MHD
17.712,0.4,-0.1,MHD
16.668,-0.3,-0.5,MHD
17.64,0.3,0.3,MHD
16.704,-0.3,0.1,MHD
18.468,0.5,-0.2,MHD
19.08,0.2,-0.2,MHD
19.728,0.2,-0.2,MHD
20.988,0.4,0,MHD
21.78,0.2,0.2,MHD
22.5,0.2,0.2,MHD
22.392,0,0.3,MHD
21.96,-0.1,0,MHD
22.032,0,0.1,MHD
23.112,0.3,0.5,MHD
22.536,-0.2,-0.5,MHD
23.472,0.3,0.3,MHD
24.192,0.2,-0.1,MHD
24.912,0.2,0.3,MHD
25.38,0.1,0.4,MHD
25.452,0,0.2,MHD
25.524,0,0.3,MHD
25.956,0.1,0.2,MHD
26.352,0.1,0.2,MHD
26.46,0,-0.1,MHD
26.784,0.1,0,MHD
28.368,0.4,0.5,MHD
27.252,-0.3,0.1,MHD
27.612,0.1,-0.5,MHD
28.008,0.1,-0.3,MHD
28.08,0,0.4,MHD
28.44,0.1,0.3,MHD
27.324,-0.3,0.1,MHD
25.452,-0.5,0.6,MHD
22.248,-0.9,0,MHD
18.18,-1.1,-1.2,MHD
13.176,-1.4,-1.1,MHD
11.088,-0.6,0.1,MHD
8.352,-0.8,-1.2,MHD
8.568,0.1,-0.4,MHD
12.384,1.1,-1.2,MHD
15.012,0.7,-0.6,MHD
9.612,-1.5,-0.2,MHD
10.404,0.2,0.4,MHD
16.74,1.8,-0.4,MHD
18.216,0.4,-0.2,MHD
18.864,0.2,-0.7,MHD
17.388,-0.4,-0.9,MHD
19.404,0.6,-0.4,MHD
17.784,-0.4,0.2,MHD
16.164,-0.5,0.9,MHD
14.724,-0.4,0.2,MHD
19.728,1.4,0.3,MHD
21.564,0.5,0.6,MHD
21.564,0,0.3,MHD
21.348,-0.1,0.9,MHD
20.88,-0.1,-0.2,MHD
20.088,-0.2,0,MHD
19.872,-0.1,0.7,MHD
18.972,-0.3,0.4,MHD
15.696,-0.9,-0.3,MHD
11.448,-1.2,0.2,MHD
9.936,-0.4,0.2,MHD
6.012,-1.1,-1.6,MHD
3.708,-0.6,-1.7,MHD
3.42,-0.1,-0.1,MHD
4.32,0.3,-0.7,MHD
2.484,-0.5,-2,MHD
7.38,1.4,-0.7,MHD
11.16,1.1,0.5,MHD
12.78,0.5,0.2,MHD
12.96,0.1,-0.2,MHD
14.328,0.4,0.2,MHD
14.148,0,-0.2,MHD
15.516,0.4,0.2,MHD
15.552,0,-0.2,MHD
15.408,0,-0.1,MHD
16.416,0.3,-0.3,MHD
17.676,0.4,0.4,MHD
18.18,0.1,0.3,MHD
18.216,0,-0.1,MHD
19.332,0.3,0.8,MHD
18.648,-0.2,0.4,MHD
13.428,-1.5,-0.4,MHD
13.968,0.2,-0.2,MHD
10.368,-1,0.3,MHD
13.104,0.8,-0.1,MHD
9.612,-1,0,MHD
9.324,-0.1,-0.4,MHD
8.82,-0.1,-0.4,MHD
9.468,0.2,-0.1,MHD
9.864,0.1,-0.2,MHD
9.864,0,-0.2,MHD
9.936,0,0.4,MHD
11.304,0.4,0.4,MHD
11.484,0,0.5,MHD
11.664,0.1,0.1,MHD
11.772,0,-0.1,MHD
12.096,0.1,0.2,MHD
12.78,0.2,-0.5,MHD
12.348,-0.1,-0.2,MHD
13.68,0.4,-0.2,MHD
13.824,0,0.3,MHD
14.04,0.1,0,MHD
14.22,0.1,0,MHD
13.5,-0.2,-0.4,MHD
14.292,0.2,-1,MHD
13.968,-0.1,0.2,MHD
13.824,0,0.1,MHD
13.464,-0.1,0.3,MHD
12.312,-0.3,-0.1,MHD
12.312,0,0,MHD
12.96,0.2,0.4,MHD
12.168,-0.2,-0.6,MHD
10.872,-0.4,0.1,MHD
11.376,0.1,-1.1,MHD
12.024,0.2,-0.1,MHD
11.844,0,-0.5,MHD
13.104,0.4,-0.2,MHD
13.212,0,-0.3,MHD
14.58,0.4,-0.2,MHD
14.976,0.1,-0.1,MHD
15.192,0.1,0,MHD
15.228,0,0.3,MHD
15.336,0,0.1,MHD
15.552,0.1,-0.5,MHD
15.408,0,-0.1,MHD
15.768,0.1,0.2,MHD
15.768,0,0,MHD
16.128,0.1,0.6,MHD
15.624,-0.1,0.3,MHD
16.092,0.1,1.3,MHD
15.804,-0.1,-0.2,MHD
14.544,-0.4,0.5,MHD
17.388,0.8,0.3,MHD
17.532,0,0.1,MHD
19.26,0.5,-0.2,MHD
20.232,0.3,0.3,MHD
19.728,-0.1,-0.5,MHD
20.376,0.2,0.1,MHD
21.564,0.3,0.2,MHD
21.132,-0.1,-0.1,MHD
17.496,-1,0.4,MHD
20.376,0.8,1,MHD
20.808,0.1,-0.2,MHD
18.072,-0.8,0.5,MHD
20.16,0.6,-0.2,MHD
21.24,0.3,-0.5,MHD
21.528,0.1,0.4,MHD
21.744,0.1,-0.2,MHD
21.96,0.1,-1,MHD
22.608,0.2,-0.5,MHD
23.364,0.2,0.2,MHD
23.328,0,0.4,MHD
23.292,0,0.1,MHD
23.22,0,0.3,MHD
22.032,-0.3,-1,MHD
20.592,-0.4,0.2,MHD
17.532,-0.9,0,MHD
16.056,-0.4,0,MHD
14.76,-0.4,0.5,MHD
14.364,-0.1,-0.2,MHD
14.94,0.2,0.3,MHD
15.624,0.2,0.4,MHD
16.308,0.2,0.1,MHD
16.812,0.1,0.1,MHD
18.108,0.4,0.2,MHD
18.792,0.2,-0.2,MHD
19.332,0.2,-0.4,MHD
20.016,0.2,-0.4,MHD
20.268,0.1,0.2,MHD
20.772,0.1,-0.4,MHD
20.124,-0.2,-0.3,MHD
19.728,-0.1,-0.1,MHD
20.268,0.1,0.4,MHD
20.34,0,-0.2,MHD
20.556,0.1,-0.2,MHD
20.772,0.1,0.2,MHD
21.204,0.1,0.3,MHD
22.104,0.3,0,MHD
22.392,0.1,0,MHD
22.572,0,0,MHD
22.248,-0.1,0.2,MHD
23.112,0.2,0.4,MHD
23.04,0,0.6,MHD
23.04,0,-0.3,MHD
22.968,0,0.6,MHD
23.4,0.1,0.2,MHD
23.148,-0.1,0.2,MHD
22.788,-0.1,0.2,MHD
22.32,-0.1,-0.2,MHD
16.812,-1.5,-0.6,MHD
20.952,1.2,0.1,MHD
21.492,0.1,-0.1,MHD
20.304,-0.3,0.4,MHD
16.848,-1,-0.3,MHD
15.732,-0.3,-0.4,MHD
15.12,-0.2,0,MHD
15.084,0,-0.2,MHD
15.264,0,-0.2,MHD
15.804,0.1,0,MHD
15.84,0,-0.1,MHD
13.716,-0.6,-0.2,MHD
15.876,0.6,-0.1,MHD
16.416,0.1,0.5,MHD
17.1,0.2,0.2,MHD
15.912,-0.3,-0.2,MHD
17.568,0.5,-0.3,MHD
17.676,0,0.5,MHD
16.596,-0.3,0.1,MHD
16.236,-0.1,0.1,MHD
15.588,-0.2,0.2,MHD
15.48,0,-0.2,MHD
15.372,0,0,MHD
11.304,-1.1,0.1,MHD
16.128,1.3,0.3,MHD
16.92,0.2,0.3,MHD
16.56,-0.1,-0.2,MHD
16.488,0,-0.3,MHD
17.892,0.4,1.4,MHD
15.984,-0.5,1.6,MHD
15.12,-0.2,0.6,MHD
15.264,0,0.1,MHD
14.58,-0.2,0.2,MHD
14.868,0.1,0.4,MHD
16.092,0.3,0.2,MHD
16.416,0.1,-0.1,MHD
16.164,-0.1,-0.5,MHD
17.208,0.3,0,MHD
17.568,0.1,0,MHD
17.28,-0.1,-0.1,MHD
16.92,-0.1,0.1,MHD
15.732,-0.3,-0.3,MHD
15.624,0,-0.3,MHD
15.228,-0.1,0,MHD
14.832,-0.1,0.1,MHD
15.264,0.1,0.2,MHD
14.4,-0.2,-0.6,MHD
14.508,0,-0.1,MHD
14.868,0.1,-0.2,MHD
14.652,-0.1,-0.6,MHD
14.292,-0.1,0.1,MHD
14.58,0.1,-0.1,MHD
15.408,0.2,-0.1,MHD
16.524,0.3,0.6,MHD
17.676,0.3,0.9,MHD
18.288,0.2,0.5,MHD
18.324,0,0.3,MHD
17.1,-0.3,-0.2,MHD
17.136,0,0.8,MHD
16.38,-0.2,0.5,MHD
15.228,-0.3,0,MHD
16.272,0.3,-0.1,MHD
17.28,0.3,0.3,MHD
18.828,0.4,1.2,MHD
19.656,0.2,0.2,MHD
19.08,-0.2,0.2,MHD
20.232,0.3,0.3,MHD
20.268,0,0.2,MHD
20.052,-0.1,-0.5,MHD
19.656,-0.1,-0.3,MHD
20.016,0.1,-0.5,MHD
21.384,0.4,0,MHD
21.888,0.1,-0.4,MHD
22.464,0.2,0.2,MHD
22.284,0,-0.7,MHD
22.86,0.2,-1,MHD
24.084,0.3,-0.3,MHD
24.588,0.1,-0.3,MHD
25.272,0.2,-0.3,MHD
26.244,0.3,0.1,MHD
26.676,0.1,-0.1,MHD
27.036,0.1,-0.2,MHD
27.288,0.1,-0.5,MHD
27.396,0,-0.4,MHD
26.82,-0.2,-0.2,MHD
25.596,-0.3,-0.3,MHD
23.544,-0.6,0.2,MHD
22.896,-0.2,0.7,MHD
21.312,-0.4,0.4,MHD
21.024,-0.1,0.2,MHD
20.808,-0.1,0.1,MHD
20.916,0,-0.2,MHD
20.448,-0.1,-0.2,MHD
21.456,0.3,0.5,MHD
20.916,-0.2,-0.1,MHD
20.124,-0.2,-0.8,MHD
19.404,-0.2,-0.8,MHD
18.54,-0.2,0,MHD
18.828,0.1,0,MHD
19.836,0.3,0.3,MHD
20.412,0.2,0.2,MHD
21.276,0.2,0.3,MHD
22.284,0.3,0.3,MHD
22.356,0,0,MHD
22.86,0.1,0.3,MHD
23.184,0.1,0.3,MHD
23.076,0,0.2,MHD
23.148,0,-0.9,MHD
23.04,0,0,MHD
23.292,0.1,0.2,MHD
22.968,-0.1,0,MHD
22.392,-0.2,0.2,MHD
22.176,-0.1,-0.2,MHD
22.068,0,-0.3,MHD
19.98,-0.6,-0.1,MHD
17.316,-0.7,-0.4,MHD
16.092,-0.3,-0.3,MHD
15.66,-0.1,0,MHD
16.236,0.2,0,MHD
16.2,0,-0.4,MHD
15.156,-0.3,-0.2,MHD
15.372,0.1,0,MHD
11.952,-1,-0.4,MHD
8.424,-1,0,MHD
7.632,-0.2,0,MHD
7.884,0.1,-0.2,MHD
8.532,0.2,-0.5,MHD
5.94,-0.7,0.6,MHD
9.828,1.1,-0.1,MHD
11.736,0.5,-0.1,MHD
12.96,0.3,-0.7,MHD
14.22,0.4,-0.2,MHD
14.976,0.2,-0.2,MHD
14.796,0,-0.2,MHD
15.156,0.1,-0.1,MHD
15.768,0.2,0.1,MHD
15.948,0,-0.5,MHD
16.164,0.1,0.1,MHD
16.92,0.2,0.2,MHD
16.416,-0.1,0.2,MHD
16.776,0.1,-0.2,MHD
17.316,0.1,0.4,MHD
15.336,-0.6,-0.2,MHD
17.964,0.7,0.1,MHD
17.892,0,-0.2,MHD
17.136,-0.2,-0.4,MHD
15.264,-0.5,0.2,MHD
13.5,-0.5,-0.3,MHD
13.968,0.1,-0.2,MHD
12.636,-0.4,0.7,MHD
9.18,-1,-0.2,MHD
7.668,-0.4,0.6,MHD
7.452,-0.1,-0.6,MHD
5.076,-0.7,-0.4,MHD
4.068,-0.3,0.3,MHD
3.78,-0.1,-0.1,MHD
3.168,-0.2,0.1,MHD
2.232,-0.3,-0.7,MHD
1.044,-0.3,-0.6,MHD
2.016,0.3,-0.2,MHD
3.744,0.5,-0.7,MHD
1.044,-0.8,-0.9,MHD
0,-0.3,0.3,MHD
0,0,0.1,MHD
7.2,2,0.9,MHD
7.884,0.2,1.3,MHD
7.056,-0.2,-0.3,MHD
7.092,0,-0.4,MHD
7.092,0,-0.1,MHD
7.668,0.2,0,MHD
9.9,0.6,0.6,MHD
10.188,0.1,0.8,MHD
11.988,0.5,-0.1,MHD
13.14,0.3,0.4,MHD
13.86,0.2,0.9,MHD
14.904,0.3,0.7,MHD
12.924,-0.6,-0.2,MHD
14.652,0.5,-0.1,MHD
13.428,-0.3,0.3,MHD
14.544,0.3,0.5,MHD
12.96,-0.4,0.4,MHD
13.536,0.2,-0.8,MHD
15.66,0.6,0.2,MHD
16.164,0.1,-0.1,MHD
16.2,0,0,MHD
16.452,0.1,0.6,MHD
16.092,-0.1,0.4,MHD
16.2,0,0.3,MHD
16.704,0.1,0.2,MHD
17.424,0.2,0.1,MHD
17.748,0.1,0,MHD
18.396,0.2,0.3,MHD
18.072,-0.1,0.5,MHD
17.568,-0.1,0,MHD
16.776,-0.2,-0.3,MHD
15.804,-0.3,0.4,MHD
14.94,-0.2,0.2,MHD
13.968,-0.3,0.1,MHD
11.556,-0.7,0.4,MHD
10.728,-0.2,0.5,MHD
10.152,-0.2,0.2,MHD
9.648,-0.1,0.2,MHD
9.072,-0.2,0,MHD
7.956,-0.3,-0.3,MHD
5.724,-0.6,0.1,MHD
6.12,0.1,-0.4,MHD
7.164,0.3,0.5,MHD
3.096,-1.1,-0.7,MHD
8.856,1.6,-0.4,MHD
5.868,-0.8,-0.5,MHD
6.3,0.1,-0.5,MHD
7.38,0.3,0,MHD
7.848,0.1,0,MHD
7.884,0,-0.1,MHD
7.848,0,-0.2,MHD
7.416,-0.1,-0.2,MHD
7.92,0.1,-0.3,MHD
7.344,-0.2,-0.3,MHD
8.1,0.2,0,MHD
7.776,-0.1,-0.3,MHD
6.84,-0.3,-0.2,MHD
6.3,-0.2,-0.3,MHD
6.12,-0.1,-0.1,MHD
5.832,-0.1,-0.3,MHD
5.76,0,0,MHD
5.868,0,-0.2,MHD
3.492,-0.7,-0.3,MHD
0.9,-0.7,-0.1,MHD
0,-0.3,-0.2,MHD
0,0,-0.2,MHD
0,0,0.1,MHD
0,0,0,MHD
0,0,0,MHD
0,0,0.1,MHD
0,0,0.1,MHD
0,0,0,MHD
0,0,0,MHD
0,0,0,MHD
0,0,0,MHD
0,0,0,MHD
0,0,0,MHD
0,0,0,MHD
0,0,0,MHD
0,0,0,MHD
0,0,0,MHD
0,0,0,MHD
0,0,0,MHD
0,0,0,MHD
0,0,0,MHD
0,0,0,MHD
0,0,0,MHD
0,0,0,MHD
0,0,0,MHD
1.296,0.4,-0.7,MHD
3.708,0.7,0.4,MHD
3.744,0,0.5,MHD
3.996,0.1,0.7,MHD
4.572,0.2,-0.3,MHD
4.572,0,-0.1,MHD
4.824,0.1,-0.4,MHD
5.112,0.1,0.1,MHD
4.68,-0.1,0.2,MHD
4.536,0,0,MHD
4.968,0.1,0.1,MHD
4.608,-0.1,-0.2,MHD
4.572,0,0.4,MHD
4.032,-0.2,0,MHD
4.536,0.1,0.3,MHD
4.5,0,0.4,MHD
4.572,0,0.3,MHD
4.248,-0.1,0.3,MHD
4.392,0,0.2,MHD
4.176,-0.1,0.2,MHD
4.356,0.1,0.1,MHD
4.356,0,-0.1,MHD
4.356,0,0.2,MHD
4.392,0,0.1,MHD
4.536,0,0,MHD
4.5,0,0.2,MHD
4.644,0,0.1,MHD
4.536,0,-0.2,MHD
4.572,0,0.3,MHD
4.644,0,0.4,MHD
4.536,0,0.2,MHD
4.392,0,0.2,MHD
4.5,0,0,MHD
4.284,-0.1,0,MHD
4.572,0.1,-0.1,MHD
4.752,0.1,0,MHD
4.5,-0.1,0.2,MHD
4.32,-0.1,0,MHD
4.464,0,0,MHD
4.536,0,0,MHD
4.248,-0.1,-0.2,MHD
4.5,0.1,0,MHD
4.176,-0.1,0.2,MHD
4.212,0,0.1,MHD
3.996,-0.1,0.3,MHD
3.564,-0.1,0,MHD
0.72,-0.8,-0.5,MHD
0,-0.2,-0.4,MHD
0,0,-0.1,MHD
0,0,0.2,MHD
0,0,0.1,MHD
0,0,0,MHD
0,0,0,MHD
0,0,0.2,MHD
0,0,0.2,MHD
0,0,0,MHD
0.576,0.2,0.7,MHD
0.54,0,1,MHD
0,-0.2,-0.2,MHD
0.54,0.2,-0.3,MHD
1.8,0.4,-0.4,MHD
0,-0.5,0.6,MHD
0.756,0.2,-0.4,MHD
0,-0.2,0.2,MHD
0,0,-0.5,MHD
1.224,0.3,0.5,MHD
1.08,0,1.3,MHD
0.864,-0.1,0.3,MHD
0.9,0,-0.4,MHD
0.972,0,0.3,MHD
0.612,-0.1,0.7,MHD
0.792,0.1,0.8,MHD
2.592,0.5,0.3,MHD
2.844,0.1,0.3,MHD
1.44,-0.4,0.4,MHD
1.8,0.1,-0.4,MHD
0.684,-0.3,-0.1,MHD
1.62,0.3,-0.8,MHD
2.34,0.2,0.1,MHD
1.224,-0.3,0.1,MHD
1.116,0,0.5,MHD
1.188,0,0.6,MHD
1.692,0.1,-0.1,MHD
1.656,0,-0.1,MHD
0.684,-0.3,0.2,MHD
0.828,0,-0.2,MHD
1.512,0.2,-0.6,MHD
0,-0.4,0.4,MHD
0,0,-0.5,MHD
0,0,-0.2,MHD
0,0,-0.2,MHD
0,0,-0.1,MHD
0,0,-0.1,MHD
0,0,-0.2,MHD
0,0,-0.1,MHD
0,0,0,MHD
0,0,0.1,MHD
0,0,0,MHD
0,0,0,MHD
0,0,0,MHD
0,0,0,MHD
0,0,0,MHD
0,0,0,MHD
0,0,0,MHD
0,0,0,MHD
0,0,0,MHD
0,0,0,MHD
0,0,0,MHD
0,0,0,MHD
0,0,0,MHD
0,0,0,MHD
0,0,0,MHD
0,0,0,MHD
0,0,0,MHD
0,0,0,MHD
0,0,0,MHD
0,0,0,MHD
0,0,0,MHD
0,0,0,MHD
0,0,0,MHD
0,0,0,MHD
0,0,0,MHD
0,0,0,MHD
0,0,0,MHD
0,0,0,MHD
0,0,0,MHD
0,0,0,MHD
0,0,0,MHD
0,0,0,MHD
0,0,0,MHD
0,0,0,MHD
0,0,0,MHD
0,0,0,MHD
0,0,0,MHD
0,0,0,MHD
0,0,0,MHD
0,0,0,MHD
0,0,0,MHD
0,0,0,MHD
0,0,0,MHD
0,0,0,MHD
0,0,0,MHD
0,0,0,MHD
0,0,0,MHD
0,0,0,MHD
0,0,0,MHD
0,0,0,MHD
0,0,0,MHD
0,0,0,MHD
0,0,-0.4,MHD
0,0,-0.1,MHD
0,0,-0.5,MHD
0,0,-0.2,MHD
0,0,0,MHD
0,0,-0.1,MHD
0,0,-0.1,MHD
0,0,0,MHD
0,0,0.1,MHD
0,0,0.1,MHD
0.864,0.2,0.1,MHD
0.648,-0.1,-0.6,MHD
0.9,0.1,-0.8,MHD
0.756,0,-0.7,MHD
1.584,0.2,-0.1,MHD
2.88,0.4,-0.7,MHD
1.764,-0.3,-0.6,MHD
1.116,-0.2,0.3,MHD
2.124,0.3,0.4,MHD
2.7,0.2,-0.2,MHD
3.852,0.3,0.7,MHD
3.996,0,0.6,MHD
3.852,0,0,MHD
4.644,0.2,0.9,MHD
3.672,-0.3,0.4,MHD
0.792,-0.8,-0.4,MHD
0,-0.2,-0.2,MHD
0,0,0,MHD
0,0,0.1,MHD
0,0,-0.1,MHD
0,0,0.2,MHD
0,0,-0.2,MHD
0,0,0,MHD
0,0,0,MHD
0,0,0,MHD
0,0,0,MHD
0,0,0,MHD
0,0,0,MHD
0,0,0,MHD
0,0,0,MHD
0,0,0,MHD
0,0,0,MHD
1.26,0.4,0,MHD
3.816,0.7,-0.2,MHD
4.788,0.3,0.3,MHD
6.876,0.6,0.2,MHD
7.2,0.1,0.1,MHD
7.596,0.1,-0.1,MHD
7.164,-0.1,-0.1,MHD
6.948,-0.1,-0.5,MHD
6.876,0,-0.4,MHD
5.976,-0.3,0,MHD
5.796,0,-0.1,MHD
6.336,0.2,0,MHD
5.904,-0.1,-0.3,MHD
3.708,-0.6,-0.2,MHD
3.96,0.1,0.4,MHD
5.184,0.3,0.9,MHD
4.752,-0.1,-0.5,MHD
3.924,-0.2,-0.8,MHD
2.7,-0.3,-0.7,MHD
2.88,0.1,-0.6,MHD
3.636,0.2,-0.5,MHD
5.616,0.6,0.2,MHD
4.428,-0.3,-0.7,MHD
4.86,0.1,-0.2,MHD
4.968,0,0.2,MHD
3.492,-0.4,0.2,MHD
1.98,-0.4,0.2,MHD
1.116,-0.2,0,MHD
0,-0.3,-0.1,MHD
0.4608,0,0,MHD
0.072,-0.1,-0.5,MHD
0.6408,0.2,0,MHD
0.3276,-0.1,0.4,MHD
0.1872,0,-0.2,MHD
0.3708,0.1,0,MHD
0.4572,0,-0.4,MHD
0.4824,0,-0.1,MHD
0.5472,0,-0.3,MHD
0.5112,0,-0.2,MHD
0.5436,0,-0.3,MHD
0.576,0,-0.1,MHD
0.5436,0,0,MHD
0.5472,0,0,MHD
0.5616,0,0,MHD
0,-0.2,0,MHD
0,0,0,MHD
0,0,-0.5,MHD
0,0,0,MHD
0,0,-0.1,MHD
0,0,0,MHD
0,0,0,MHD
0,0,0,MHD
0,0,0,MHD
0,0,0,MHD
0,0,0,MHD
0,0,0,MHD
0,0,0,MHD
0,0,0,MHD
0,0,0,MHD
0,0,0,MHD
0,0,0,MHD
0,0,0,MHD
0,0,0,MHD
0,0,0,MHD
0,0,0,MHD
0,0,0,MHD
0,0,0,MHD
0,0,0,MHD
0,0,0,MHD
0,0,0,MHD
0,0,0,MHD
0,0,0,MHD
0,0,0,MHD
0,0,0,MHD
0,0,0,MHD
0,0,0,MHD
0,0,0,MHD
0,0,0,MHD
0,0,0,MHD
0,0,0,MHD
0,0,0,MHD
0,0,0,MHD
0,0,0,MHD
0,0,0,MHD
0,0,0,MHD
0,0,0,MHD
0,0,0,MHD
0,0,0,MHD
0,0,0,MHD
0,0,0,MHD
0,0,0,MHD
0,0,0,MHD
0,0,0,MHD
0,0,0,MHD
0,0,0,MHD
0,0,0,MHD
0,0,0,MHD
0,0,0,MHD
0,0,0,MHD
0,0,0,MHD
0,0,0,MHD
0,0,0,MHD
0,0,0,MHD
0,0,0,MHD
0,0,0,MHD
0,0,0,MHD
0,0,0,MHD
0,0,0,MHD
0,0,0,MHD
0,0,0,MHD
0,0,0,MHD
0,0,0,MHD
0,0,0,MHD
0,0,0,MHD
0,0,0,MHD
0,0,0,MHD
0,0,0,MHD
0,0,0,MHD
0,0,0,MHD
0,0,0,MHD
0,0,0,MHD
0,0,0,MHD
0,0,0,MHD
0,0,0,MHD
0,0,0,MHD
0,0,0,MHD
0,0,0,MHD
0,0,0,MHD
0,0,0,MHD
0,0,0,MHD
0,0,0,MHD
0,0,0,MHD
0,0,0,MHD
0,0,0,MHD
0,0,0,MHD
0,0,0,MHD
0,0,0,MHD
0,0,0,MHD
0,0,0,MHD
0,0,0,MHD
0,0,0,MHD
0,0,0,MHD
0,0,0,MHD
0,0,0,MHD
0,0,0,MHD
0,0,0,MHD
0,0,0,MHD
0,0,0,MHD
0,0,0,MHD
0,0,0,MHD
0.8568,0.2,-3.4,MHD
1.17,0.1,-0.1,MHD
1.638,0.1,-0.2,MHD
2.0808,0.1,-0.3,MHD
2.5272,0.1,-0.2,MHD
3.0564,0.1,-0.1,MHD
3.6108,0.2,-0.3,MHD
4.1472,0.1,-0.4,MHD
4.5648,0.1,-0.2,MHD
4.9644,0.1,0,MHD
5.2452,0.1,-0.2,MHD
5.4684,0.1,0.2,MHD
5.526,0,0.1,MHD
5.544,0,0,MHD
5.5476,0,0.1,MHD
5.4432,0,-0.2,MHD
5.364,0,-0.2,MHD
5.2668,0,0.1,MHD
5.2416,0,0.1,MHD
5.2056,0,0.2,MHD
5.1948,0,-0.5,MHD
5.0544,0,0.1,MHD
4.8924,0,0.5,MHD
4.7988,0,0.1,MHD
4.7088,0,0.4,MHD
4.7628,0,0.7,MHD
4.77,0,0.4,MHD
4.8456,0,0.3,MHD
4.9968,0,0.6,MHD
5.1552,0,0.2,MHD
5.328,0,0.9,MHD
5.5476,0.1,0.5,MHD
6.8472,0.4,-0.1,MHD
5.7528,-0.3,0.1,MHD
6.0732,0.1,-0.2,MHD
6.3648,0.1,0,MHD
6.6132,0.1,0.3,MHD
6.894,0.1,0.6,MHD
7.1136,0.1,0.8,MHD
7.254,0,0.7,MHD
7.3476,0,0.1,MHD
7.3764,0,0.6,MHD
7.5348,0,0.6,MHD
7.668,0,0.8,MHD
7.65,0,1.3,MHD
7.6968,0,1,MHD
7.7076,0,1.9,MHD
7.7688,0,1.1,MHD
7.6572,0,0.6,MHD
7.6536,0,0.7,MHD
7.5024,0,-0.5,MHD
7.4268,0,0.7,MHD
7.4196,0,0.6,MHD
7.3764,0,1.1,MHD
7.4052,0,1.7,MHD
7.416,0,1.3,MHD
7.5672,0,0.8,MHD
7.7184,0,1.2,MHD
8.0748,0.1,0,MHD
8.2728,0.1,0.6,MHD
8.658,0.1,0.3,MHD
9.036,0.1,0.1,MHD
9.4608,0.1,-0.2,MHD
9.9108,0.1,-0.7,MHD
10.188,0.1,-0.3,MHD
10.4472,0.1,-0.1,MHD
10.4544,0,0.1,MHD
10.4004,0,-0.5,MHD
10.1664,-0.1,0.1,MHD
10.152,0,0.2,MHD
9.9756,0,0.1,MHD
9.8604,0,-0.5,MHD
9.4068,-0.1,0.6,MHD
9.0036,-0.1,0.6,MHD
8.8128,-0.1,0.7,MHD
8.7552,0,0.8,MHD
8.7516,0,0.4,MHD
8.676,0,-0.7,MHD
8.6976,0,0.3,MHD
8.6796,0,0.8,MHD
8.8344,0,-0.9,MHD
8.9604,0,-0.5,MHD
9.288,0.1,1,MHD
9.5688,0.1,-0.6,MHD
9.6732,0,-1.3,MHD
9.702,0,0.4,MHD
9.9576,0.1,-0.5,MHD
10.2996,0.1,-0.8,MHD
10.5984,0.1,-1.1,MHD
10.8036,0.1,-0.2,MHD
10.6956,0,-1.3,MHD
10.5048,-0.1,-1.8,MHD
10.2996,-0.1,-1.9,MHD
10.2096,0,-2,MHD
10.0332,0,-1.7,MHD
9.774,-0.1,-1.9,MHD
9.2628,-0.1,-1.7,MHD
8.7336,-0.1,-1.2,MHD
8.3052,-0.1,-1,MHD
7.9704,-0.1,-1,MHD
7.8048,0,-1,MHD
7.5132,-0.1,-1.6,MHD
7.164,-0.1,-0.9,MHD
6.678,-0.1,-0.8,MHD
6.3936,-0.1,-0.7,MHD
6.3216,0,-1,MHD
6.4368,0,-0.8,MHD
6.6708,0.1,-0.2,MHD
6.9228,0.1,-0.4,MHD
7.2936,0.1,0,MHD
7.6068,0.1,0.1,MHD
8.1144,0.1,-0.5,MHD
8.7732,0.2,0.8,MHD
9.4248,0.2,0.5,MHD
10.0584,0.2,-0.4,MHD
10.62,0.2,1.2,MHD
11.0448,0.1,1,MHD
11.358,0.1,0.3,MHD
11.6244,0.1,0.2,MHD
11.7396,0,0.4,MHD
12.0996,0.1,0.4,MHD
12.5028,0.1,-0.1,MHD
12.8628,0.1,0.4,MHD
13.122,0.1,-0.4,MHD
13.302,0,0.6,MHD
13.4964,0.1,0.4,MHD
13.6548,0,0.3,MHD
13.8132,0,0.1,MHD
13.9284,0,0,MHD
14.004,0,-0.4,MHD
13.9176,0,0,MHD
13.842,0,0.2,MHD
13.7196,0,0.5,MHD
13.8348,0,0.1,MHD
14.0436,0.1,0.9,MHD
14.1588,0,0.8,MHD
14.4252,0.1,0.4,MHD
14.7204,0.1,0.4,MHD
14.9724,0.1,0.4,MHD
15.156,0.1,-0.2,MHD
15.318,0,-0.3,MHD
15.3468,0,-0.3,MHD
15.4224,0,-0.7,MHD
15.4548,0,-0.7,MHD
15.3576,0,-0.3,MHD
15.2316,0,-0.7,MHD
15.1848,0,-0.6,MHD
15.0912,0,-0.5,MHD
14.9184,0,-0.9,MHD
14.8608,0,-0.4,MHD
14.7672,0,-0.5,MHD
14.832,0,-1,MHD
14.8284,0,-0.7,MHD
14.8176,0,-0.8,MHD
14.9688,0,-1,MHD
15.2316,0.1,-0.6,MHD
15.3108,0,-0.3,MHD
15.4548,0,-0.4,MHD
15.7104,0.1,0.6,MHD
15.8688,0,-0.2,MHD
16.0236,0,-0.1,MHD
16.0956,0,-0.1,MHD
16.0776,0,-0.4,MHD
15.9192,0,0.3,MHD
15.7104,-0.1,-0.5,MHD
15.4944,-0.1,-0.3,MHD
15.2028,-0.1,-0.5,MHD
14.9292,-0.1,-0.3,MHD
14.6844,-0.1,-0.2,MHD
14.4792,-0.1,-0.3,MHD
14.238,-0.1,-0.2,MHD
13.9356,-0.1,1.3,MHD
13.824,0,-0.4,MHD
13.8276,0,-0.3,MHD
13.896,0,-0.1,MHD
14.0544,0,-0.4,MHD
14.1876,0,-0.1,MHD
14.2308,0,-0.1,MHD
14.3352,0,-0.3,MHD
14.436,0,-0.2,MHD
14.598,0,-0.4,MHD
14.814,0.1,2.6,MHD
14.94,0,-0.1,MHD
15.0264,0,3.3,MHD
15.0768,0,2.3,MHD
14.9508,0,0.2,MHD
14.8572,0,0.1,MHD
14.8392,0,0.3,MHD
14.7564,0,0.3,MHD
14.7744,0,0.1,MHD
14.8356,0,0.1,MHD
14.8176,0,0,MHD
14.724,0,0.1,MHD
14.6952,0,-0.2,MHD
14.6376,0,-0.1,MHD
14.4432,-0.1,0.1,MHD
14.436,0,-0.8,MHD
14.5332,0,-0.3,MHD
14.688,0,-0.6,MHD
14.832,0,-1.1,MHD
14.8932,0,-1.6,MHD
14.9688,0,-0.2,MHD
15.0768,0,0.1,MHD
15.0588,0,0.3,MHD
15.0444,0,1.8,MHD
15.2388,0.1,0.7,MHD
15.2532,0,2.2,MHD
15.2676,0,1.6,MHD
15.2568,0,1.1,MHD
15.1848,0,1.7,MHD
14.9796,-0.1,0.7,MHD
14.85,0,-0.1,MHD
14.7348,0,-0.1,MHD
14.4288,-0.1,0.4,MHD
14.0184,-0.1,0.4,MHD
13.5288,-0.1,0.2,MHD
13.05,-0.1,-0.9,MHD
12.5712,-0.1,-0.4,MHD
12.0852,-0.1,-1.2,MHD
11.3904,-0.2,-0.2,MHD
10.8288,-0.2,-0.5,MHD
10.2312,-0.2,0,MHD
9.8532,-0.1,-0.4,MHD
9.6588,-0.1,-0.4,MHD
9.6192,0,-0.1,MHD
9.6696,0,-0.2,MHD
9.9072,0.1,-0.8,MHD
10.0332,0,-0.9,MHD
10.1196,0,-0.2,MHD
10.5048,0.1,0.1,MHD
11.0304,0.1,-0.3,MHD
11.6028,0.2,-0.4,MHD
12.0132,0.1,-0.3,MHD
12.5352,0.1,0,MHD
12.9852,0.1,-0.9,MHD
13.3272,0.1,-1.3,MHD
13.6368,0.1,-1,MHD
13.8096,0,-0.5,MHD
14.0148,0.1,-0.2,MHD
14.2632,0.1,-0.2,MHD
14.4576,0.1,0.2,MHD
14.67,0.1,-0.3,MHD
14.8968,0.1,-0.2,MHD
15.0192,0,-0.1,MHD
15.1668,0,-0.5,MHD
15.3396,0,0.6,MHD
15.3072,0,0.4,MHD
15.4584,0,1.1,MHD
15.7536,0.1,-0.5,MHD
15.8436,0,-0.1,MHD
15.7752,0,1,MHD
15.5628,-0.1,0.2,MHD
15.3324,-0.1,0.6,MHD
15.1704,0,0,MHD
14.9868,-0.1,0.2,MHD
14.8824,0,0.4,MHD
14.8968,0,3.7,MHD
14.9004,0,0.7,MHD
14.688,-0.1,0.3,MHD
14.5872,0,0,MHD
14.7744,0.1,0.5,MHD
15.0768,0.1,0.1,MHD
15.3612,0.1,-0.1,MHD
15.5052,0,-0.7,MHD
15.6564,0,-1.6,MHD
15.6852,0,-0.6,MHD
15.5772,0,-0.5,MHD
15.4152,0,-0.5,MHD
15.2028,-0.1,-0.3,MHD
14.7708,-0.1,-0.5,MHD
14.0148,-0.2,0.6,MHD
13.0464,-0.3,-0.7,MHD
12.0456,-0.3,0.2,MHD
11.2248,-0.2,0,MHD
10.4796,-0.2,0.3,MHD
9.8712,-0.2,0.2,MHD
9.3456,-0.1,-0.6,MHD
8.8632,-0.1,-0.8,MHD
8.5428,-0.1,-0.7,MHD
8.4528,0,-0.8,MHD
8.4996,0,-0.4,MHD
8.7912,0.1,-0.3,MHD
9.198,0.1,-0.4,MHD
9.6408,0.1,-0.3,MHD
9.9936,0.1,0.1,MHD
10.332,0.1,-0.5,MHD
10.62,0.1,-0.8,MHD
10.8828,0.1,0.2,MHD
10.944,0,0.5,MHD
10.9368,0,0.3,MHD
10.9224,0,0.4,MHD
10.8108,0,0.9,MHD
10.5912,-0.1,0.6,MHD
10.4292,0,1.1,MHD
10.3104,0,0.7,MHD
10.152,0,0.4,MHD
10.0656,0,0.5,MHD
10.152,0,0.6,MHD
10.4292,0.1,0.8,MHD
10.7676,0.1,0.3,MHD
11.2824,0.1,0,MHD
11.8836,0.2,0.4,MHD
12.636,0.2,0.3,MHD
13.1184,0.1,-0.7,MHD
13.4172,0.1,0.5,MHD
13.7988,0.1,-0.1,MHD
14.2272,0.1,-0.4,MHD
14.4828,0.1,0.2,MHD
14.634,0,0.4,MHD
14.8248,0.1,0.4,MHD
14.8536,0,-0.1,MHD
14.7276,0,0.4,MHD
14.4108,-0.1,0.6,MHD
14.2056,-0.1,0.5,MHD
14.094,0,0.2,MHD
13.7664,-0.1,0.2,MHD
13.3308,-0.1,0,MHD
12.8412,-0.1,0.9,MHD
12.438,-0.1,0.7,MHD
12.0564,-0.1,0,MHD
11.6244,-0.1,0.7,MHD
11.2644,-0.1,0.3,MHD
11.0088,-0.1,0.4,MHD
10.5372,-0.1,2.1,MHD
9.9648,-0.2,1.7,MHD
9.2268,-0.2,0.5,MHD
8.5536,-0.2,0.4,MHD
8.0568,-0.1,0.4,MHD
7.6536,-0.1,-0.1,MHD
7.3152,-0.1,0.2,MHD
7.182,0,-0.4,MHD
7.1784,0,-0.5,MHD
7.0812,0,-0.8,MHD
7.2864,0.1,-0.1,MHD
7.5708,0.1,-2.1,MHD
8.1288,0.2,-1.5,MHD
8.676,0.2,-0.6,MHD
9.036,0.1,-1.2,MHD
9.2844,0.1,-0.8,MHD
9.4716,0.1,-0.8,MHD
9.288,-0.1,-1.2,MHD
8.9244,-0.1,-0.8,MHD
8.8056,0,0,MHD
8.5896,-0.1,-0.6,MHD
8.6256,0,-0.2,MHD
8.7624,0,-0.4,MHD
8.9604,0.1,0.2,MHD
9.2628,0.1,-0.3,MHD
9.5616,0.1,-0.6,MHD
9.8532,0.1,-0.3,MHD
10.458,0.2,-0.3,MHD
11.124,0.2,-0.5,MHD
11.6496,0.1,-0.8,MHD
12.1284,0.1,-0.3,MHD
12.456,0.1,0,MHD
12.6252,0,0,MHD
12.8016,0,0.7,MHD
12.9888,0.1,-0.3,MHD
13.2012,0.1,0.1,MHD
13.3704,0,0.3,MHD
13.3236,0,0.5,MHD
13.32,0,0.5,MHD
13.3452,0,-0.3,MHD
13.4604,0,0.3,MHD
13.6296,0,0.3,MHD
13.8708,0.1,0.4,MHD
14.1156,0.1,0.6,MHD
14.2452,0,0,MHD
14.2128,0,2,MHD
14.2272,0,1,MHD
14.3244,0,1.1,MHD
14.472,0,0.9,MHD
14.6088,0,0.3,MHD
14.6016,0,-1.5,MHD
14.6268,0,-0.2,MHD
14.5296,0,-0.4,MHD
14.418,0,-0.1,MHD
14.328,0,0.4,MHD
14.4648,0,-0.4,MHD
14.3352,0,-1.2,MHD
14.1768,0,0,MHD
13.9824,-0.1,-1.6,MHD
13.7124,-0.1,-0.2,MHD
13.608,0,-0.8,MHD
13.5144,0,-0.9,MHD
13.1364,-0.1,0.1,MHD
12.78,-0.1,-0.4,MHD
12.6,0,-0.6,MHD
12.3084,-0.1,-0.8,MHD
12.0492,-0.1,0.7,MHD
11.6928,-0.1,-0.4,MHD
11.376,-0.1,-0.6,MHD
11.1204,-0.1,0.2,MHD
10.9368,-0.1,0.2,MHD
10.5984,-0.1,-0.6,MHD
10.746,0,0.4,MHD
10.62,0,0,MHD
10.404,-0.1,-1.1,MHD
10.1916,-0.1,-1.6,MHD
10.1016,0,2.1,MHD
10.4148,0.1,-1.9,MHD
10.6704,0.1,-1.2,MHD
11.0376,0.1,-2.3,MHD
11.2824,0.1,-1.9,MHD
11.5776,0.1,-0.6,MHD
11.7684,0.1,-1,MHD
12.2328,0.1,-1,MHD
12.6288,0.1,-0.5,MHD
13.0212,0.1,-0.7,MHD
13.5648,0.2,-0.3,MHD
13.7664,0.1,-0.1,MHD
13.8888,0,-0.2,MHD
13.9284,0,-0.4,MHD
13.9212,0,-0.1,MHD
13.9968,0,-0.1,MHD
14.0796,0,0.1,MHD
14.1408,0,-0.2,MHD
14.1912,0,0,MHD
14.3964,0.1,0.4,MHD
14.6448,0.1,0.3,MHD
14.7924,0,0.5,MHD
14.9976,0.1,0.7,MHD
15.2028,0.1,0.7,MHD
15.5844,0.1,0.7,MHD
15.7572,0,0.4,MHD
15.948,0.1,0,MHD
15.966,0,0.5,MHD
15.9948,0,0.7,MHD
15.9588,0,0.4,MHD
15.6888,-0.1,0.5,MHD
15.6024,0,2.1,MHD
15.5628,0,1.6,MHD
15.4188,0,-0.2,MHD
15.1704,-0.1,-0.1,MHD
14.9508,-0.1,0.4,MHD
14.6556,-0.1,-0.3,MHD
14.3568,-0.1,0.5,MHD
14.1048,-0.1,0.4,MHD
13.6656,-0.1,0.2,MHD
13.0968,-0.2,0,MHD
12.2868,-0.2,0.2,MHD
11.4912,-0.2,0.2,MHD
10.8324,-0.2,0,MHD
10.1232,-0.2,-0.5,MHD
9.558,-0.2,0.9,MHD
9.0396,-0.1,0.3,MHD
8.5752,-0.1,0.2,MHD
8.1,-0.1,-0.1,MHD
7.6248,-0.1,-0.2,MHD
7.4952,0,-0.6,MHD
7.6464,0,-0.2,MHD
7.6968,0,0.1,MHD
7.6536,0,0.1,MHD
7.6464,0,0.7,MHD
7.7076,0,1.2,MHD
7.884,0,1.5,MHD
8.0928,0.1,1.5,MHD
8.2656,0,-1.6,MHD
8.4996,0.1,-0.7,MHD
8.7336,0.1,1.2,MHD
8.9424,0.1,0.6,MHD
9.0072,0,1.5,MHD
9.126,0,1.5,MHD
9.5148,0.1,0.7,MHD
9.7128,0.1,1.8,MHD
9.9216,0.1,-1.3,MHD
10.1268,0.1,0.7,MHD
10.3788,0.1,0.8,MHD
10.5804,0.1,0.7,MHD
10.494,0,0.9,MHD
10.3608,0,2,MHD
10.2168,0,1.5,MHD
9.8244,-0.1,1.2,MHD
9.1332,-0.2,1.4,MHD
8.5104,-0.2,1.3,MHD
7.8444,-0.2,-0.2,MHD
7.29,-0.2,-0.6,MHD
6.7068,-0.2,-0.3,MHD
6.228,-0.1,0.4,MHD
5.922,-0.1,0.8,MHD
5.634,-0.1,0.3,MHD
5.7132,0,0.1,MHD
6.0588,0.1,-0.1,MHD
6.4044,0.1,-0.1,MHD
6.804,0.1,-0.3,MHD
7.2972,0.1,-0.3,MHD
7.6752,0.1,-0.3,MHD
8.0532,0.1,-0.4,MHD
8.2692,0.1,-0.2,MHD
8.478,0.1,-0.3,MHD
8.712,0.1,-0.7,MHD
8.8344,0,-0.5,MHD
9.0036,0,-0.3,MHD
9.1224,0,-0.5,MHD
9.0612,0,0.4,MHD
8.7408,-0.1,-0.4,MHD
8.2224,-0.1,-0.4,MHD
7.5024,-0.2,0.1,MHD
6.966,-0.1,-0.1,MHD
6.3972,-0.2,-0.1,MHD
5.8464,-0.2,-0.2,MHD
5.2128,-0.2,-0.3,MHD
4.392,-0.2,0.2,MHD
3.6216,-0.2,-0.2,MHD
2.9232,-0.2,0.1,MHD
2.3112,-0.2,0,MHD
1.9656,-0.1,0,MHD
1.8288,0,0.1,MHD
1.6272,-0.1,0,MHD
1.5012,0,0,MHD
0.5976,0,0,MHD
0.2736,-0.1,0.9,MHD
0.1152,0,0.5,MHD
0.2736,0,0.4,MHD
0.396,0,-0.3,MHD
0.2592,0,-1.4,MHD
0.5328,0.1,0.2,MHD
0.54,0,0.4,MHD
0.4968,0,0.3,MHD
0.4896,0,0.3,MHD
0.4284,0,0,MHD
0.3204,0,-0.3,MHD
0.4752,0,0.2,MHD
0.54,0,0,MHD
0.81,0.1,0,MHD
0.5184,-0.1,-0.1,MHD
0.5184,0,-0.3,MHD
0.5436,0,-0.2,MHD
0.5112,0,-0.2,MHD
0.5256,0,-0.1,MHD
0.4968,0,-0.1,MHD
0.4824,0,0,MHD
0.468,0,-0.1,MHD
0.4572,0,0.1,MHD
0.4104,0,0,MHD
0.3708,0,0.1,MHD
0,-0.1,-0.1,MHD
0,0,-0.1,MHD
0,0,-0.1,MHD
0,0,0,MHD
0,0,0,MHD
0,0,0,MHD
0,0,0,MHD
0,0,0,MHD
0,0,0,MHD
0,0,0,MHD
0,0,0,MHD
0,0,0,MHD
0,0,0,MHD
0,0,0,MHD
0,0,0,MHD
0,0,0,MHD
0,0,0,MHD
0,0,0,MHD
0,0,0,MHD
0,0,0,MHD
0,0,0,MHD
0,0,0,MHD
0,0,0,MHD
0,0,0,MHD
0,0,0,MHD
0,0,0,MHD
0,0,0,MHD
0,0,0,MHD
0.8676,0.2,-2.3,MHD
1.3104,0.1,-0.1,MHD
1.7964,0.1,0,MHD
2.2824,0.1,0,MHD
2.808,0.1,0,MHD
3.3408,0.1,-0.2,MHD
3.8808,0.2,0.1,MHD
4.464,0.2,0.2,MHD
5.0292,0.2,0,MHD
5.4648,0.1,0.3,MHD
5.6772,0.1,0.2,MHD
5.9112,0.1,-0.1,MHD
6.1092,0.1,0.2,MHD
6.3,0.1,0.2,MHD
6.4548,0,0.2,MHD
6.5844,0,0.1,MHD
6.7788,0.1,0.2,MHD
6.9264,0,0.4,MHD
7.0308,0,0.6,MHD
7.1856,0,0.5,MHD
7.3764,0.1,-0.1,MHD
7.4808,0,0.4,MHD
7.6176,0,0.5,MHD
7.776,0,0.5,MHD
7.9056,0,0.1,MHD
8.1324,0.1,0.1,MHD
8.2764,0,0,MHD
8.4528,0,0.1,MHD
8.5788,0,0.5,MHD
8.6796,0,0,MHD
8.784,0,-0.3,MHD
8.9028,0,-0.3,MHD
8.982,0,-0.2,MHD
9.0396,0,-0.3,MHD
9.144,0,-0.5,MHD
9.1404,0,-0.7,MHD
9.162,0,-0.7,MHD
9.1872,0,-0.3,MHD
9.1404,0,-0.3,MHD
9.0504,0,-0.1,MHD
8.9424,0,-0.1,MHD
8.9424,0,-0.1,MHD
8.9928,0,0.1,MHD
8.9892,0,0,MHD
8.9676,0,0,MHD
8.964,0,0.1,MHD
8.9928,0,0.3,MHD
8.9496,0,0,MHD
8.8776,0,0.4,MHD
8.9712,0,-0.2,MHD
9.036,0,0.4,MHD
8.9676,0,0.1,MHD
8.8884,0,0,MHD
8.8452,0,0.4,MHD
8.6976,0,0.1,MHD
8.5932,0,-0.2,MHD
8.3052,-0.1,-0.8,MHD
8.1036,-0.1,-0.6,MHD
7.884,-0.1,-0.3,MHD
7.614,-0.1,-0.1,MHD
7.254,-0.1,-0.1,MHD
7.0884,0,0.1,MHD
6.9012,-0.1,-0.2,MHD
6.75,0,0.1,MHD
6.7212,0,0.2,MHD
6.6528,0,0.1,MHD
6.7464,0,0.1,MHD
6.8292,0,0.4,MHD
7.0848,0.1,0.2,MHD
7.326,0.1,0.9,MHD
7.6644,0.1,1.5,MHD
7.7616,0,1.2,MHD
7.902,0,0,MHD
8.01,0,0,MHD
8.0928,0,1.5,MHD
8.1396,0,0.5,MHD
8.0928,0,0.1,MHD
8.0352,0,0.5,MHD
8.0784,0,0.1,MHD
8.0604,0,-0.5,MHD
8.0532,0,-0.3,MHD
8.0136,0,-0.3,MHD
7.9344,0,-0.2,MHD
7.9344,0,-0.1,MHD
7.8912,0,0,MHD
7.8696,0,0.1,MHD
7.8192,0,0.1,MHD
7.6932,0,0.5,MHD
7.5528,0,0.7,MHD
7.4412,0,0.4,MHD
7.4268,0,0.1,MHD
7.416,0,0.1,MHD
7.4916,0,0,MHD
7.614,0,0.4,MHD
7.7868,0,0,MHD
8.19,0.1,-0.5,MHD
7.9992,-0.1,0.2,MHD
8.3052,0.1,0.2,MHD
8.5176,0.1,0,MHD
8.7336,0.1,0.1,MHD
8.8344,0,0.3,MHD
8.9568,0,0.4,MHD
9.0792,0,0.2,MHD
9.0504,0,0.5,MHD
8.9136,0,0.3,MHD
8.7696,0,0.1,MHD
8.6364,0,-0.3,MHD
8.4888,0,-0.1,MHD
8.298,-0.1,-0.2,MHD
7.7688,-0.1,-0.7,MHD
7.524,-0.1,-1.1,MHD
7.5024,0,-0.8,MHD
7.416,0,-0.7,MHD
7.3692,0,-0.4,MHD
7.2864,0,-0.6,MHD
7.182,0,-0.8,MHD
7.1208,0,-0.5,MHD
7.1676,0,-0.5,MHD
7.182,0,-0.4,MHD
7.182,0,-0.6,MHD
7.3836,0.1,-0.8,MHD
7.4232,0,-0.9,MHD
7.65,0.1,-0.7,MHD
7.794,0,-1,MHD
8.064,0.1,-1.1,MHD
8.3376,0.1,-1.1,MHD
8.622,0.1,-0.9,MHD
8.8488,0.1,-0.3,MHD
8.982,0,0,MHD
9.1116,0,-0.5,MHD
9.1368,0,-0.3,MHD
9.1332,0,-0.6,MHD
9.0648,0,-1,MHD
9.1368,0,-0.9,MHD
9.18,0,-0.5,MHD
9.2232,0,-0.8,MHD
9.1332,0,-0.1,MHD
9.0468,0,0,MHD
9.0432,0,0,MHD
9,0,0.3,MHD
8.9604,0,0.1,MHD
8.9712,0,0.5,MHD
9.0468,0,1.1,MHD
9.018,0,0.1,MHD
8.9856,0,0.2,MHD
8.9028,0,-0.2,MHD
8.9208,0,0,MHD
8.838,0,0.3,MHD
8.7444,0,0,MHD
8.7228,0,-0.1,MHD
8.6148,0,0.1,MHD
8.5032,0,0,MHD
8.4456,0,0.6,MHD
8.2476,-0.1,1,MHD
7.8732,-0.1,0.9,MHD
7.2756,-0.2,1,MHD
6.5088,-0.2,0.5,MHD
5.7528,-0.2,0.5,MHD
4.9932,-0.2,0.4,MHD
4.158,-0.2,0.2,MHD
3.3912,-0.2,0.5,MHD
2.646,-0.2,0.1,MHD
1.8072,-0.2,-0.2,MHD
0,-0.5,0,MHD
0,0,-0.1,MHD
0,0,0.1,MHD
0,0,0,MHD
0,0,0,MHD
0,0,0,MHD
0,0,0,MHD
0,0,0,MHD
0,0,0,MHD
0,0,0,MHD
0,0,0,MHD
0,0,0,MHD
0,0,0,MHD
0,0,0,MHD
0,0,0,MHD
0,0,0,MHD
0,0,0,MHD
0,0,0,MHD
0,0,0,MHD
0,0,0,MHD
0,0,0,MHD
0,0,0,MHD
0,0,0,MHD
0,0,0,MHD
0,0,0,MHD
0,0,0,MHD
0,0,0,MHD
0,0,0,MHD
0,0,0,MHD
0,0,0,MHD
0,0,0,MHD
0,0,0,MHD
0.9036,0.1,0.3,MHD
1.476,0.2,0.6,MHD
2.0844,0.2,0.5,MHD
2.7108,0.2,0.4,MHD
3.3732,0.2,0.7,MHD
3.9816,0.2,0.1,MHD
4.6764,0.2,0.1,MHD
5.382,0.2,-0.1,MHD
6.0372,0.2,0,MHD
6.6564,0.2,-0.2,MHD
7.1568,0.1,-0.9,MHD
7.3944,0.1,-0.3,MHD
7.5708,0,-0.4,MHD
7.6572,0,-0.3,MHD
7.7256,0,-0.3,MHD
7.8264,0,-0.5,MHD
7.848,0,-0.5,MHD
7.8696,0,-0.4,MHD
7.8876,0,0.1,MHD
7.9128,0,-0.5,MHD
7.8912,0,-0.6,MHD
7.884,0,-0.2,MHD
7.9344,0,-1,MHD
7.956,0,-0.6,MHD
7.9164,0,-1,MHD
7.7976,0,-0.9,MHD
7.6536,0,-0.3,MHD
7.4988,0,-0.2,MHD
7.3368,0,-0.1,MHD
7.3224,0,-0.2,MHD
7.1892,0,-0.1,MHD
7.0884,0,0.3,MHD
6.9876,0,-0.1,MHD
6.9588,0,0,MHD
7.002,0,0.2,MHD
7.1352,0,0.4,MHD
7.3152,0.1,-0.2,MHD
7.5312,0.1,-0.3,MHD
7.758,0.1,-0.3,MHD
7.8984,0,0.3,MHD
8.0964,0.1,0.6,MHD
8.2296,0,0.1,MHD
8.388,0,-0.2,MHD
8.5464,0,0.3,MHD
8.7336,0.1,0,MHD
8.7768,0,-0.6,MHD
9,0.1,0.3,MHD
9.1476,0,0.7,MHD
9.2664,0,-0.5,MHD
9.5472,0.1,0,MHD
9.8208,0.1,0,MHD
10.062,0.1,-0.3,MHD
10.3428,0.1,0,MHD
10.6164,0.1,0.5,MHD
10.8756,0.1,0.1,MHD
11.2824,0.1,-0.2,MHD
11.5164,0.1,0.1,MHD
11.646,0,0.4,MHD
11.8332,0.1,0.7,MHD
11.7288,0,-0.5,MHD
11.646,0,0.3,MHD
11.6244,0,-0.3,MHD
11.5776,0,0.2,MHD
11.5128,0,-0.2,MHD
11.4372,0,-0.5,MHD
11.376,0,0,MHD
11.2572,0,-0.1,MHD
11.2788,0,-0.4,MHD
11.232,0,-0.1,MHD
11.0916,0,-0.1,MHD
10.8252,-0.1,-0.2,MHD
10.4436,-0.1,-0.1,MHD
10.3536,0,0.1,MHD
10.3176,0,-1,MHD
10.2744,0,-0.5,MHD
10.0332,-0.1,-1,MHD
9.9036,0,-0.9,MHD
9.7092,-0.1,-0.8,MHD
9.6588,0,-0.5,MHD
9.864,0.1,0.2,MHD
10.1448,0.1,-0.2,MHD
10.5768,0.1,-0.2,MHD
10.6704,0,0.1,MHD
10.6848,0,0,MHD
10.7064,0,-0.6,MHD
10.962,0.1,-0.2,MHD
11.1132,0,-0.6,MHD
11.2644,0,-0.6,MHD
11.124,0,-0.2,MHD
11.1024,0,-0.2,MHD
11.1312,0,0,MHD
11.1492,0,-0.2,MHD
11.1024,0,0.4,MHD
11.1132,0,0.4,MHD
11.1564,0,0.6,MHD
11.2068,0,0.6,MHD
11.2356,0,0.5,MHD
11.3328,0,0.4,MHD
11.5488,0.1,0.5,MHD
11.6388,0,0.1,MHD
11.6856,0,0.1,MHD
11.7252,0,-0.2,MHD
11.826,0,-0.3,MHD
11.9376,0,-0.1,MHD
11.9952,0,-0.2,MHD
11.988,0,-0.1,MHD
11.9952,0,0.1,MHD
11.9736,0,0,MHD
12.0168,0,0.1,MHD
11.9448,0,0.2,MHD
11.8908,0,0.1,MHD
11.8512,0,0,MHD
11.7756,0,-0.4,MHD
11.7432,0,-0.5,MHD
11.7252,0,-0.4,MHD
11.664,0,-0.3,MHD
11.5704,0,-0.8,MHD
11.5704,0,-0.2,MHD
11.5416,0,-0.3,MHD
11.5704,0,-0.3,MHD
11.6136,0,-0.1,MHD
11.6316,0,-0.1,MHD
11.6892,0,-0.2,MHD
11.6748,0,-0.2,MHD
11.6352,0,-0.2,MHD
11.6676,0,-0.3,MHD
11.772,0,-0.3,MHD
11.8368,0,0.1,MHD
11.9088,0,-0.1,MHD
11.952,0,0,MHD
12.0492,0,0.1,MHD
12.0528,0,-0.2,MHD
12.0672,0,-0.2,MHD
12.0924,0,-0.2,MHD
12.132,0,0,MHD
12.1896,0,-0.1,MHD
12.1752,0,0,MHD
12.1392,0,-0.1,MHD
12.0564,0,0,MHD
11.9808,0,0.1,MHD
11.9484,0,0.2,MHD
11.988,0,0,MHD
11.9376,0,0.2,MHD
11.9232,0,-0.1,MHD
11.8908,0,-0.1,MHD
11.772,0,0,MHD
11.7756,0,-0.3,MHD
11.7468,0,-0.1,MHD
11.7072,0,-0.1,MHD
11.6784,0,-0.1,MHD
11.6316,0,-0.4,MHD
11.6352,0,-0.2,MHD
11.6748,0,-0.3,MHD
11.7216,0,-0.2,MHD
11.718,0,-0.2,MHD
11.844,0,0,MHD
11.8944,0,-0.4,MHD
11.8908,0,-0.2,MHD
11.9412,0,-0.2,MHD
12.114,0,-0.2,MHD
12.1716,0,-0.2,MHD
12.1968,0,0,MHD
12.2436,0,0.2,MHD
12.1716,0,0,MHD
12.1716,0,-0.3,MHD
12.0744,0,0.2,MHD
11.9412,0,0.2,MHD
11.8584,0,0.3,MHD
11.7252,0,0.4,MHD
11.5272,-0.1,0,MHD
11.3616,0,0.1,MHD
11.1852,0,0.1,MHD
10.9728,-0.1,-0.1,MHD
10.8036,0,-0.2,MHD
10.638,0,-0.2,MHD
10.4328,-0.1,0.3,MHD
10.26,0,-0.2,MHD
10.0764,-0.1,-0.2,MHD
9.9684,0,0.1,MHD
9.7992,0,0.4,MHD
9.6012,-0.1,0.2,MHD
9.3744,-0.1,0.1,MHD
9.2016,0,0.2,MHD
9.1368,0,0.4,MHD
9.1584,0,0.3,MHD
9.2592,0,0.4,MHD
9.4176,0,0.6,MHD
9.6264,0.1,0.6,MHD
9.8316,0.1,0.2,MHD
10.1088,0.1,0.4,MHD
10.3968,0.1,0.1,MHD
10.728,0.1,0.3,MHD
11.1312,0.1,0.2,MHD
11.4624,0.1,0.2,MHD
11.7072,0.1,0.4,MHD
11.9448,0.1,0.3,MHD
12.1788,0.1,0.1,MHD
12.3804,0.1,-0.3,MHD
12.5856,0.1,-0.3,MHD
12.672,0,-0.5,MHD
12.906,0.1,0,MHD
13.0392,0,-0.5,MHD
13.1148,0,-0.6,MHD
13.1868,0,0.1,MHD
13.2444,0,0,MHD
13.2624,0,-0.3,MHD
13.1868,0,-0.2,MHD
13.0932,0,0.1,MHD
12.8664,-0.1,0,MHD
12.6288,-0.1,0.1,MHD
12.2148,-0.1,0.1,MHD
11.9916,-0.1,0.1,MHD
11.7612,-0.1,0.1,MHD
11.5668,-0.1,0,MHD
11.3688,-0.1,0,MHD
11.2536,0,0.2,MHD
11.214,0,0.2,MHD
11.0988,0,0.1,MHD
11.0304,0,-0.2,MHD
10.9836,0,-0.2,MHD
10.9332,0,-0.2,MHD
10.7928,0,0.1,MHD
10.6668,0,0.1,MHD
10.5012,0,-0.1,MHD
10.3428,0,0,MHD
10.1088,-0.1,0.2,MHD
9.8604,-0.1,-0.6,MHD
9.6552,-0.1,-0.3,MHD
9.5112,0,-0.1,MHD
9.396,0,0.2,MHD
9.3348,0,0.3,MHD
9.2808,0,0.2,MHD
9.1512,0,0.4,MHD
8.9892,0,0.3,MHD
8.7804,-0.1,0.5,MHD
8.5644,-0.1,0.3,MHD
8.3808,-0.1,0.5,MHD
8.2008,0,0.4,MHD
7.9452,-0.1,0.1,MHD
7.7004,-0.1,0.4,MHD
7.4628,-0.1,0,MHD
7.1172,-0.1,0.4,MHD
6.5484,-0.2,0.6,MHD
5.9976,-0.2,0.4,MHD
5.2668,-0.2,0.4,MHD
4.5396,-0.2,0.3,MHD
3.7836,-0.2,0.2,MHD
3.1176,-0.2,0.2,MHD
2.4768,-0.2,0.3,MHD
1.8432,-0.2,0.1,MHD
0,-0.5,0.2,MHD
0,0,0.2,MHD
0,0,0.1,MHD
0,0,0,MHD
0,0,0,MHD
0,0,0,MHD
0,0,0,MHD
0,0,0,MHD
0,0,0,MHD
0,0,0,MHD
0,0,0,MHD
0,0,0,MHD
0,0,0,MHD
0,0,0,MHD
0,0,0,MHD
0,0,0,MHD
0,0,0,MHD
0,0,0,MHD
0,0,0,MHD
0,0,0,MHD
0,0,0,MHD
0,0,0,MHD
0,0,0,MHD
0,0,0,MHD
0,0,0,MHD
0,0,0,MHD
0,0,0,MHD
0,0,0,MHD
0,0,0,MHD
0,0,0,MHD
0,0,0,MHD
0,0,0,MHD
0,0,0,MHD
0,0,0,MHD
0,0,0,MHD
0,0,0,MHD
0,0,0,MHD
0,0,0,MHD
0,0,0,MHD
0,0,0,MHD
0,0,0,MHD
0,0,0,MHD
0,0,0,MHD
0,0,0,MHD
0,0,0,MHD
0,0,0,MHD
0,0,0,MHD
0,0,0,MHD
0,0,0,MHD
0,0,0,MHD
0,0,0,MHD
1.116,0.3,-3.3,MHD
1.3824,0.1,-0.1,MHD
1.5228,0,-0.1,MHD
1.53,0,0.1,MHD
0,-0.4,0.1,MHD
0,0,0.1,MHD
0,0,0.1,MHD
0,0,0,MHD
0,0,0,MHD
0,0,0,MHD
1.4184,0.4,0,MHD
1.6164,0.1,0.1,MHD
1.89,0.1,-0.1,MHD
2.0844,0.1,-0.1,MHD
2.2284,0,-0.1,MHD
2.3004,0,0.1,MHD
2.3724,0,-0.1,MHD
2.4372,0,0,MHD
2.5524,0,0,MHD
2.7108,0,-0.2,MHD
2.7252,0,-0.1,MHD
2.8476,0,0,MHD
3.024,0,0,MHD
3.4668,0.1,0.2,MHD
3.9672,0.1,0.3,MHD
4.518,0.2,0.4,MHD
5.1012,0.2,0.7,MHD
5.7672,0.2,1,MHD
6.3396,0.2,0,MHD
6.7572,0.1,0.1,MHD
7.1028,0.1,0.3,MHD
7.3224,0.1,0.1,MHD
7.6032,0.1,0.1,MHD
7.8048,0.1,0.5,MHD
8.028,0.1,0.7,MHD
8.2512,0.1,0.4,MHD
8.5104,0.1,0.4,MHD
8.6868,0,0,MHD
8.9064,0.1,0.5,MHD
9.09,0.1,0.4,MHD
9.2844,0.1,0.3,MHD
9.4608,0,0.3,MHD
9.5616,0,0.8,MHD
9.7236,0,0.4,MHD
9.8712,0,0.5,MHD
10.2312,0.1,0.5,MHD
10.746,0.1,0.3,MHD
11.2608,0.1,0.4,MHD
11.7252,0.1,-0.1,MHD
12.1536,0.1,0.1,MHD
12.5676,0.1,-0.2,MHD
13.0536,0.1,-0.2,MHD
13.5108,0.1,0,MHD
14.0004,0.1,0.1,MHD
14.436,0.1,-0.1,MHD
14.6844,0.1,-0.3,MHD
14.6556,0,-0.3,MHD
14.4936,0,-0.1,MHD
14.1804,-0.1,-0.1,MHD
13.8312,-0.1,-0.2,MHD
13.5504,-0.1,0,MHD
13.3092,-0.1,-0.2,MHD
13.1796,0,-0.1,MHD
13.0716,0,-0.2,MHD
13.0608,0,-0.1,MHD
13.0068,0,0.1,MHD
13.1184,0,-0.4,MHD
13.3524,0.1,-0.1,MHD
13.7124,0.1,-0.1,MHD
14.1516,0.1,-0.2,MHD
14.526,0.1,-0.1,MHD
14.8104,0.1,-0.3,MHD
14.9364,0,-0.2,MHD
15.0372,0,-0.4,MHD
15.0696,0,0.2,MHD
15.0768,0,-1.1,MHD
14.9472,0,-1,MHD
14.6988,-0.1,-0.6,MHD
14.4648,-0.1,-0.4,MHD
14.238,-0.1,0.2,MHD
13.9032,-0.1,0.1,MHD
13.5756,-0.1,0,MHD
13.2156,-0.1,-0.1,MHD
12.7584,-0.1,0.3,MHD
12.6036,0,0.4,MHD
12.564,0,0,MHD
12.6468,0,-0.2,MHD
12.8196,0,-0.1,MHD
13.0104,0.1,-0.3,MHD
13.1832,0,0.2,MHD
13.4208,0.1,0.4,MHD
13.6656,0.1,0.3,MHD
14.0184,0.1,-0.2,MHD
14.4648,0.1,0.1,MHD
14.6268,0,0,MHD
14.652,0,0.2,MHD
14.6448,0,-0.2,MHD
14.6448,0,0.1,MHD
14.4936,0,-0.3,MHD
14.3496,0,0.1,MHD
14.184,0,0,MHD
13.9932,-0.1,0,MHD
13.8816,0,0,MHD
13.6692,-0.1,-0.4,MHD
13.3812,-0.1,-0.3,MHD
13.1652,-0.1,-0.2,MHD
12.8268,-0.1,0,MHD
12.3984,-0.1,-0.5,MHD
12.042,-0.1,0.1,MHD
11.5884,-0.1,-0.2,MHD
11.052,-0.1,-0.4,MHD
10.5012,-0.2,-0.5,MHD
9.7776,-0.2,-0.3,MHD
8.6796,-0.3,-0.3,MHD
7.5204,-0.3,-0.1,MHD
6.3252,-0.3,0.3,MHD
5.3316,-0.3,0.2,MHD
4.6548,-0.2,0,MHD
4.3416,-0.1,-0.1,MHD
4.3128,0,0,MHD
4.4712,0,-0.3,MHD
4.7088,0.1,-0.2,MHD
5.1336,0.1,-0.1,MHD
5.9976,0.2,0,MHD
7.0524,0.3,0.2,MHD
8.2476,0.3,0.2,MHD
9.3744,0.3,0.1,MHD
10.3644,0.3,0.1,MHD
11.0808,0.2,-0.1,MHD
11.4804,0.1,0.2,MHD
11.8512,0.1,0.1,MHD
12.24,0.1,0.4,MHD
12.5208,0.1,0.4,MHD
12.7692,0.1,0.9,MHD
12.9456,0,0.6,MHD
12.9744,0,0.5,MHD
13.068,0,0,MHD
13.086,0,0.2,MHD
13.0536,0,0,MHD
13.1256,0,-0.1,MHD
13.2372,0,0.3,MHD
13.2588,0,0.2,MHD
13.3128,0,0.3,MHD
13.3668,0,0,MHD
13.4352,0,0.1,MHD
13.4172,0,0.2,MHD
13.2588,0,0.4,MHD
13.0212,-0.1,0.1,MHD
12.7728,-0.1,-0.1,MHD
12.42,-0.1,0.5,MHD
12.0564,-0.1,0.1,MHD
11.736,-0.1,0.1,MHD
11.4948,-0.1,0.1,MHD
11.286,-0.1,-0.1,MHD
11.1348,0,0,MHD
11.0592,0,-0.1,MHD
11.0052,0,0.3,MHD
11.0376,0,0.1,MHD
11.25,0.1,0,MHD
11.5488,0.1,-0.3,MHD
11.7684,0.1,-0.2,MHD
11.9988,0.1,-0.6,MHD
12.1248,0,-0.7,MHD
12.2184,0,0.1,MHD
12.1716,0,-0.6,MHD
12.096,0,-0.6,MHD
11.9664,0,-0.5,MHD
11.88,0,-0.4,MHD
11.6172,-0.1,-0.4,MHD
11.376,-0.1,0.1,MHD
11.178,-0.1,-0.1,MHD
11.1276,0,-0.2,MHD
11.0808,0,0,MHD
11.0052,0,-0.1,MHD
11.088,0,0.1,MHD
11.2284,0,0,MHD
11.4372,0.1,-0.2,MHD
11.6748,0.1,-0.2,MHD
11.8872,0.1,0.1,MHD
12.0528,0,0.4,MHD
12.2472,0.1,-0.1,MHD
12.2976,0,0.1,MHD
12.4308,0,0.4,MHD
12.546,0,0,MHD
12.5568,0,-0.3,MHD
12.5208,0,-0.1,MHD
12.5316,0,-0.3,MHD
12.5208,0,0.1,MHD
12.5208,0,0.3,MHD
12.4956,0,0.3,MHD
12.4632,0,0.1,MHD
12.2508,-0.1,-0.1,MHD
11.9808,-0.1,0.2,MHD
11.7648,-0.1,-0.1,MHD
11.5848,0,-0.5,MHD
11.4408,0,-0.3,MHD
11.3076,0,-0.8,MHD
11.1096,-0.1,-0.7,MHD
10.9584,0,-0.9,MHD
10.9692,0,-0.8,MHD
10.926,0,-0.2,MHD
11.0844,0,-0.3,MHD
11.25,0,-0.3,MHD
11.43,0,-0.3,MHD
11.5164,0,0.2,MHD
11.6856,0,0.2,MHD
11.7648,0,0,MHD
11.8944,0,0.4,MHD
11.9916,0,0.6,MHD
11.97,0,0.1,MHD
11.7972,0,0.1,MHD
11.538,-0.1,0.3,MHD
11.3436,-0.1,0,MHD
11.232,0,-0.5,MHD
11.2608,0,0.3,MHD
11.1132,0,-0.1,MHD
11.0196,0,0.3,MHD
10.8936,0,0,MHD
10.7928,0,0.2,MHD
10.6416,0,0.1,MHD
10.7352,0,0.3,MHD
10.836,0,0.1,MHD
10.8684,0,0,MHD
10.7928,0,0.2,MHD
10.71,0,0.5,MHD
10.6632,0,0,MHD
10.5336,0,-0.2,MHD
10.4904,0,-0.1,MHD
10.4544,0,0.5,MHD
10.512,0,0.1,MHD
10.5696,0,-0.1,MHD
10.6668,0,0.1,MHD
10.6812,0,-0.6,MHD
10.8072,0,0,MHD
10.9224,0,-0.2,MHD
11.1168,0.1,0.3,MHD
11.3544,0.1,0,MHD
11.4516,0,0.1,MHD
11.6064,0,0.2,MHD
11.736,0,-0.1,MHD
11.8476,0,0.4,MHD
11.9304,0,0.4,MHD
12.0744,0,0.3,MHD
12.1032,0,0.3,MHD
12.0888,0,0.1,MHD
12.0744,0,0,MHD
12.0852,0,-0.2,MHD
12.1428,0,0.1,MHD
12.1356,0,-0.1,MHD
12.168,0,0,MHD
12.1752,0,-0.1,MHD
12.1356,0,0.4,MHD
12.0888,0,0.2,MHD
12.0888,0,0,MHD
12.0456,0,0.5,MHD
11.952,0,0.1,MHD
11.8008,0,0.2,MHD
11.592,-0.1,-0.3,MHD
11.3364,-0.1,-0.1,MHD
11.1348,-0.1,-0.5,MHD
10.9152,-0.1,0.1,MHD
10.764,0,0,MHD
10.6416,0,-0.2,MHD
10.5804,0,0.7,MHD
10.5444,0,0.3,MHD
10.4868,0,0.4,MHD
10.4688,0,0.6,MHD
10.5588,0,0.2,MHD
10.8324,0.1,0.1,MHD
11.0304,0.1,0.1,MHD
11.2392,0.1,-0.2,MHD
11.52,0.1,-0.5,MHD
11.79,0.1,-0.1,MHD
11.988,0.1,-0.5,MHD
12.132,0,-0.1,MHD
12.3768,0.1,-0.1,MHD
12.6252,0.1,-0.6,MHD
12.87,0.1,-0.3,MHD
12.8952,0,-0.2,MHD
12.9384,0,-0.1,MHD
12.9708,0,-0.4,MHD
12.9564,0,-0.5,MHD
12.8988,0,-0.4,MHD
12.8304,0,-0.2,MHD
12.7548,0,0.1,MHD
12.6612,0,0,MHD
12.6396,0,-0.2,MHD
12.5208,0,-0.2,MHD
12.4848,0,-0.2,MHD
12.3984,0,0.1,MHD
12.2868,0,-0.1,MHD
12.1032,-0.1,0,MHD
11.8764,-0.1,0.1,MHD
11.6784,-0.1,-0.3,MHD
11.502,0,0.1,MHD
11.3004,-0.1,0,MHD
11.0304,-0.1,-0.2,MHD
10.8288,-0.1,0.1,MHD
10.62,-0.1,-0.1,MHD
10.3932,-0.1,0.5,MHD
10.224,0,0.1,MHD
10.0656,0,0,MHD
9.9792,0,0.1,MHD
9.882,0,0.1,MHD
9.8208,0,0.1,MHD
9.8856,0,-0.1,MHD
9.972,0,-0.1,MHD
10.0908,0,-0.2,MHD
10.26,0,-0.4,MHD
10.386,0,-0.1,MHD
10.5264,0,-0.1,MHD
10.6488,0,-0.1,MHD
10.7028,0,0.6,MHD
10.8612,0,0.3,MHD
11.052,0.1,0.1,MHD
11.1384,0,0.1,MHD
11.1492,0,-0.2,MHD
11.142,0,-0.1,MHD
11.052,0,-0.2,MHD
11.0052,0,-0.4,MHD
10.908,0,0,MHD
10.8828,0,-0.7,MHD
10.908,0,-0.5,MHD
10.8468,0,-0.4,MHD
10.7244,0,-0.6,MHD
10.566,0,-0.8,MHD
10.4472,0,-0.4,MHD
10.3104,0,-0.4,MHD
10.2168,0,0.2,MHD
10.1484,0,0,MHD
10.0872,0,0,MHD
9.954,0,-0.1,MHD
9.7884,0,-0.1,MHD
9.612,0,0.2,MHD
9.4968,0,0.9,MHD
9.432,0,0.3,MHD
9.3276,0,0.3,MHD
9.2196,0,0.3,MHD
9.054,0,0.4,MHD
8.9244,0,0.6,MHD
8.802,0,0.2,MHD
8.6652,0,0.1,MHD
8.604,0,0.2,MHD
8.5032,0,0.4,MHD
8.3628,0,-0.2,MHD
8.082,-0.1,0.2,MHD
7.7832,-0.1,0.1,MHD
7.4628,-0.1,0.1,MHD
7.1604,-0.1,0.1,MHD
6.8256,-0.1,0,MHD
6.4404,-0.1,0.1,MHD
6.012,-0.1,-0.1,MHD
5.4252,-0.2,0,MHD
4.6764,-0.2,0,MHD
3.9276,-0.2,-0.1,MHD
3.294,-0.2,-0.1,MHD
2.7396,-0.2,0,MHD
2.2212,-0.1,0.1,MHD
1.7208,-0.1,0.1,MHD
0,-0.5,0.1,MHD
0,0,0.1,MHD
0,0,0,MHD
0,0,0,MHD
0,0,0,MHD
0,0,0,MHD
0,0,0,MHD
0,0,0,MHD
0,0,0,MHD
0,0,0,MHD
0,0,0,MHD
0,0,0,MHD
0,0,0,MHD
0,0,0,MHD
0,0,0,MHD
0,0,0,MHD
0,0,0,MHD
0,0,0,MHD
0,0,0,MHD
0,0,0,MHD
0,0,0,MHD
0,0,0,MHD
0,0,0,MHD
0,0,0,MHD
0,0,0,MHD
0,0,0,MHD
0,0,0,MHD
0,0,0,MHD
0,0,0,MHD
0,0,0,MHD
0,0,0,MHD
0,0,0,MHD
0,0,0,MHD
0,0,0,MHD
0,0,0,MHD
0,0,0,MHD
0,0,0,MHD
0,0,0,MHD
0,0,0,MHD
0,0,0,MHD
0,0,0,MHD
0,0,0,MHD
0,0,0,MHD
0,0,0,MHD
0.6624,0.2,-2.1,MHD
1.1196,0.1,0,MHD
1.6776,0.2,0.1,MHD
2.2608,0.2,0.1,MHD
2.8044,0.2,-0.1,MHD
3.438,0.2,-0.2,MHD
4.0716,0.2,-0.3,MHD
4.7268,0.2,-0.3,MHD
5.346,0.2,-0.2,MHD
5.8572,0.1,0.2,MHD
6.2316,0.1,0,MHD
6.462,0.1,0,MHD
6.588,0,0.1,MHD
6.6636,0,0.1,MHD
6.7716,0,0.1,MHD
6.7572,0,0.3,MHD
6.6996,0,0.3,MHD
6.714,0,0.4,MHD
6.7104,0,0.4,MHD
6.6852,0,0.4,MHD
6.624,0,0,MHD
6.5088,0,-0.1,MHD
6.21,-0.1,-0.4,MHD
5.5836,-0.2,-0.4,MHD
4.932,-0.2,-0.3,MHD
4.338,-0.2,-0.4,MHD
3.7692,-0.2,-0.2,MHD
3.1392,-0.2,-0.2,MHD
2.4984,-0.2,-0.3,MHD
1.8756,-0.2,-0.3,MHD
0,-0.5,-0.1,MHD
0,0,-0.2,MHD
0,0,-0.2,MHD
0,0,0,MHD
0,0,0,MHD
0,0,0,MHD
0,0,0,MHD
0,0,0,MHD
0,0,0,MHD
0,0,0,MHD
0,0,0,MHD
0,0,0,MHD
0,0,0,MHD
0,0,0,MHD
0,0,0,MHD
0,0,0,MHD
0.792,0.2,-0.8,MHD
1.3032,0.1,0,MHD
1.8108,0.1,-0.1,MHD
2.4588,0.2,-0.1,MHD
3.0456,0.2,0.3,MHD
3.6612,0.2,0.4,MHD
4.2372,0.2,0.3,MHD
4.8384,0.2,0.2,MHD
5.4108,0.2,0,MHD
5.8068,0.1,0,MHD
5.9868,0.1,0.1,MHD
5.8968,0,0.3,MHD
5.9184,0,0.1,MHD
5.832,0,0.1,MHD
5.7888,0,0.4,MHD
5.7744,0,0.9,MHD
5.6484,0,0.6,MHD
5.4684,-0.1,0.5,MHD
5.2272,-0.1,0.6,MHD
4.9824,-0.1,0.4,MHD
4.7196,-0.1,0.3,MHD
4.4964,-0.1,0,MHD
3.9852,-0.1,0.2,MHD
3.4128,-0.2,0.2,MHD
2.8692,-0.2,0.2,MHD
2.2608,-0.2,0.2,MHD
1.7964,-0.1,0.3,MHD
0,-0.5,0.4,MHD
0,0,0.4,MHD
0,0,0.3,MHD
0,0,0,MHD
0,0,0,MHD
0,0,0,MHD
0,0,0,MHD
0,0,0,MHD
0,0,0,MHD
0,0,0,MHD
0,0,0,MHD
0,0,0,MHD
0,0,0,MHD
0,0,0,MHD
0,0,0,MHD
0,0,0,MHD
0,0,0,MHD
0,0,0,MHD
0,0,0,MHD
0,0,0,MHD
0,0,0,MHD
0,0,0,MHD
0,0,0,MHD
0,0,0,MHD
0,0,0,MHD
0,0,0,MHD
0,0,0,MHD
0,0,0,MHD
0,0,0,MHD
0,0,0,MHD
0,0,0,MHD
0,0,0,MHD
0,0,0,MHD
0,0,0,MHD
0,0,0,MHD
0,0,0,MHD
0,0,0,MHD
0,0,0,MHD
0,0,0,MHD
0,0,0,MHD
0,0,0,MHD
0,0,0,MHD
0,0,0,MHD
0,0,0,MHD
0,0,0,MHD
0,0,0,MHD
0,0,0,MHD
0,0,0,MHD
0,0,0,MHD
0,0,0,MHD
0,0,0,MHD
0,0,0,MHD
0,0,0,MHD
0,0,0,MHD
0,0,0,MHD
0,0,0,MHD
0,0,0,MHD
0,0,0,MHD
0,0,0,MHD
0,0,0,MHD
0,0,0,MHD
0,0,0,MHD
0,0,0,MHD
0,0,0,MHD
0,0,0,MHD
0,0,0,MHD
0,0,0,MHD
0,0,0,MHD
0,0,0,MHD
0,0,0,MHD
0,0,0,MHD
0,0,0,MHD
0,0,0,MHD
0,0,0,MHD
0,0,0,MHD
0,0,0,MHD
0,0,0,MHD
0,0,0,MHD
0,0,0,MHD
0,0,0,MHD
0,0,0,MHD
0,0,0,MHD
0,0,0,MHD
0,0,0,MHD
0,0,0,MHD
0,0,0,MHD
0,0,0,MHD
0,0,0,MHD
0,0,0,MHD
0,0,0,MHD
0,0,0,MHD
0,0,0,MHD
0,0,0,MHD
0,0,0,MHD
0,0,0,MHD
0,0,0,MHD
0,0,0,MHD
0,0,0,MHD
0,0,0,MHD
0,0,0,MHD
0,0,0,MHD
0,0,0,MHD
0,0,0,MHD
0,0,0,MHD
0,0,0,MHD
0,0,0,MHD
0,0,0,MHD
0,0,0,MHD
0,0,0,MHD
0,0,0,MHD
0,0,0,MHD
0,0,0,MHD
0,0,0,MHD
0,0,0,MHD
0,0,0,MHD
0,0,0,MHD
0,0,0,MHD
0,0,0,MHD
0,0,0,MHD
0,0,0,MHD
0,0,0,MHD
0,0,0,MHD
0,0,0,MHD
0,0,0,MHD
0,0,0,MHD
0,0,0,MHD
0,0,0,MHD
0.2628,0.1,3.1,MHD
0,-0.1,0.1,MHD
0,0,0.1,MHD
0,0,0.1,MHD
0,0,0,MHD
0,0,0,MHD
0,0,0,MHD
0,0,0,MHD
0,0,0,MHD
0,0,0,MHD
0,0,0,MHD
0,0,0,MHD
0,0,0,MHD
0,0,0,MHD
0,0,0,MHD
0,0,0,MHD
0,0,0,MHD
0,0,0,MHD
0,0,0,MHD
0,0,0,MHD
0,0,0,MHD
0,0,0,MHD
0,0,0,MHD
0,0,0,MHD
0,0,0,MHD
0,0,0,MHD
0,0,0,MHD
0,0,0,MHD
0,0,0,MHD
0,0,0,MHD
0,0,0,MHD
0,0,0,MHD
0,0,0,MHD
0,0,0,MHD
0,0,0,MHD
0,0,0,MHD
0,0,0,MHD
0,0,0,MHD
0,0,0,MHD
0,0,0,MHD
0,0,0,MHD
0,0,0,MHD
0,0,0,MHD
0,0,0,MHD
0,0,0,MHD
0,0,0,MHD
0,0,0,MHD
0,0,0,MHD
0,0,0,MHD
0,0,0,MHD
0,0,0,MHD
0,0,0,MHD
0,0,0,MHD
0,0,0,MHD
0,0,0,MHD
0,0,0,MHD
0,0,0,MHD
0,0,0,MHD
0,0,0,MHD
0,0,0,MHD
0,0,0,MHD
0,0,0,MHD
0,0,0,MHD
0,0,0,MHD
0,0,0,MHD
0,0,0,MHD
0,0,0,MHD
0,0,0,MHD
0,0,0,MHD
0,0,0,MHD
0,0,0,MHD
0,0,0,MHD
0,0,0,MHD
0,0,0,MHD
0,0,0,MHD
0,0,0,MHD
0,0,0,MHD
0,0,0,MHD
0,0,0,MHD
0,0,0,MHD
0,0,0,MHD
0,0,0,MHD
0,0,0,MHD
0,0,0,MHD
0,0,0,MHD
0,0,0,MHD
0,0,0,MHD
0,0,0,MHD
0,0,0,MHD
0,0,0,MHD
0,0,0,MHD
0,0,0,MHD
0,0,0,MHD
0,0,0,MHD
0,0,0,MHD
0,0,0,MHD
0,0,0,MHD
0,0,0,MHD
0,0,0,MHD
0,0,0,MHD
0,0,0,MHD
0,0,0,MHD
0,0,0,MHD
0,0,0,MHD
0,0,0,MHD
0,0,0,MHD
0,0,0,MHD
0,0,0,MHD
0,0,0,MHD
0,0,0,MHD
0,0,0,MHD
0,0,0,MHD
0,0,0,MHD
0,0,0,MHD
0,0,0,MHD
0,0,0,MHD
0,0,0,MHD
0,0,0,MHD
0,0,0,MHD
0,0,0,MHD
0,0,0,MHD
0,0,0,MHD
0,0,0,MHD
2.3076,0,0,MHD
2.0844,-0.1,0,MHD
2.1312,0.2,-2.4,MHD
0,-0.6,-2.4,MHD
3.3084,0.9,1.4,MHD
2.2464,-0.3,-2.9,MHD
1.5264,-0.2,-0.9,MHD
0,-0.4,1.5,MHD
1.746,0.5,1.1,MHD
0,-0.5,-0.6,MHD
0.9936,0.3,0.5,MHD
0.7236,-0.1,-0.8,MHD
0,-0.2,0.3,MHD
0,0,0,MHD
0,0,-0.5,MHD
0,0,-1.3,MHD
0,0,-0.3,MHD
0,0,-1,MHD
0,0,0.3,MHD
0,0,0.3,MHD
0,0,-0.1,MHD
0,0,-0.1,MHD
0,0,0.9,MHD
0.7236,0.2,0.5,MHD
0.846,0,-0.2,MHD
0.9252,0,-0.3,MHD
0,-0.3,0,MHD
0,0,-0.1,MHD
0,0,-0.3,MHD
0,0,0,MHD
0,0,0,MHD
0,0,0,MHD
0,0,0,MHD
0,0,0,MHD
0,0,0,MHD
0,0,0.8,MHD
0,0,-0.1,MHD
0,0,0.3,MHD
0,0,0,MHD
0,0,0,MHD
0,0,0.1,MHD
0,0,0.2,MHD
0,0,0.3,MHD
0,0,0.5,MHD
1.6128,0.4,0,MHD
0,-0.4,-0.3,MHD
0,0,-0.8,MHD
0,0,-0.6,MHD
1.1484,0.3,-0.8,MHD
0,-0.3,-0.9,MHD
0,0,-0.7,MHD
0,0,-1.1,MHD
0,0,0,MHD
1.35,0.4,-1.4,MHD
0,-0.4,-0.6,MHD
0,0,-0.6,MHD
0,0,-0.1,MHD
1.6632,0.5,-0.1,MHD
1.8504,0.1,-0.4,MHD
2.2356,0.1,-0.6,MHD
2.6892,0.1,1.2,MHD
3.3768,0.2,0.4,MHD
4.0104,0.2,-0.6,MHD
4.6152,0.2,-0.6,MHD
5.3424,0.2,-1,MHD
6.2712,0.3,-0.5,MHD
7.0632,0.2,-1.5,MHD
7.8768,0.2,-1.6,MHD
8.5644,0.2,-1.1,MHD
9.1944,0.2,-1.4,MHD
9.7776,0.2,-1.1,MHD
10.2996,0.1,-1,MHD
10.7172,0.1,-1,MHD
11.1312,0.1,-1.4,MHD
11.5128,0.1,-0.8,MHD
11.79,0.1,-0.4,MHD
11.9052,0,-0.4,MHD
12.114,0.1,-0.4,MHD
12.366,0.1,-0.4,MHD
12.0096,-0.1,-0.6,MHD
11.592,-0.1,-1.2,MHD
11.1276,-0.1,-1.3,MHD
10.6056,-0.1,-1.1,MHD
10.332,-0.1,-1.3,MHD
10.1916,0,-0.2,MHD
10.0728,0,-0.7,MHD
10.296,0.1,-0.6,MHD
10.3932,0,-0.7,MHD
10.5912,0.1,-1.9,MHD
11.1744,0.2,-0.7,MHD
11.6568,0.1,-2,MHD
12.24,0.2,-1.1,MHD
12.9384,0.2,-1.3,MHD
13.3776,0.1,-1.3,MHD
13.77,0.1,-0.9,MHD
14.13,0.1,-0.5,MHD
14.3892,0.1,-0.6,MHD
14.6232,0.1,-0.2,MHD
14.6088,0,-0.5,MHD
14.4,-0.1,-0.3,MHD
14.0904,-0.1,-0.5,MHD
13.5792,-0.1,0.1,MHD
12.8736,-0.2,-0.1,MHD
12.0024,-0.2,-0.4,MHD
11.1276,-0.2,-0.3,MHD
10.3572,-0.2,-0.8,MHD
9.6876,-0.2,-0.8,MHD
9.3924,-0.1,-1.2,MHD
9.3348,0,-1,MHD
9.63,0.1,-0.4,MHD
10.152,0.1,-0.5,MHD
10.908,0.2,-0.9,MHD
11.8656,0.3,-0.9,MHD
12.5964,0.2,-0.4,MHD
12.9852,0.1,-0.3,MHD
13.0176,0,-0.2,MHD
12.7044,-0.1,0,MHD
11.8476,-0.2,-0.4,MHD
10.9044,-0.3,-0.1,MHD
9.8964,-0.3,-1.5,MHD
8.8956,-0.3,0.2,MHD
7.848,-0.3,0.5,MHD
6.876,-0.3,0.3,MHD
6.3108,-0.2,0.2,MHD
6.0264,-0.1,1.7,MHD
6.0552,0,-0.2,MHD
6.3468,0.1,-0.4,MHD
6.75,0.1,-0.7,MHD
7.1892,0.1,-0.2,MHD
7.8084,0.2,0.4,MHD
8.4888,0.2,0.6,MHD
9.2124,0.2,0.5,MHD
9.8964,0.2,0.3,MHD
10.6632,0.2,0.3,MHD
11.5236,0.2,0.4,MHD
12.366,0.2,-1.2,MHD
13.0752,0.2,-1.8,MHD
13.9932,0.3,0,MHD
14.9652,0.3,0.6,MHD
15.84,0.2,0.3,MHD
16.398,0.2,2.2,MHD
16.9884,0.2,2.6,MHD
17.298,0.1,0.9,MHD
17.3484,0,0.7,MHD
17.4348,0,-0.6,MHD
17.496,0,0.5,MHD
17.5752,0,0.8,MHD
17.586,0,1,MHD
17.5212,0,0.8,MHD
17.1756,-0.1,0.8,MHD
17.1252,0,0.7,MHD
16.8444,-0.1,0.1,MHD
16.9308,0,0.8,MHD
17.1792,0.1,0.5,MHD
17.3232,0,0.5,MHD
17.406,0,0.4,MHD
17.5428,0,0.2,MHD
17.4492,0,0.6,MHD
17.4456,0,0.1,MHD
17.7984,0.1,0.5,MHD
17.9028,0,0.5,MHD
18.216,0.1,0.5,MHD
18.2628,0,0.4,MHD
18.3132,0,-0.5,MHD
18.2304,0,-0.4,MHD
18.1116,0,0,MHD
17.9496,0,-0.2,MHD
17.8128,0,-1.9,MHD
17.4456,-0.1,-0.4,MHD
16.848,-0.2,-0.6,MHD
16.3404,-0.1,0.1,MHD
15.7428,-0.2,0.4,MHD
15.1848,-0.2,0.2,MHD
14.5188,-0.2,-0.2,MHD
14.1264,-0.1,-0.2,MHD
13.8816,-0.1,-0.7,MHD
13.5684,-0.1,-0.7,MHD
13.2624,-0.1,-0.5,MHD
12.8736,-0.1,-0.5,MHD
12.6288,-0.1,-0.1,MHD
12.5676,0,-0.5,MHD
12.402,0,-0.3,MHD
12.3588,0,3.4,MHD
12.0636,-0.1,-0.2,MHD
11.9124,0,0.4,MHD
11.7576,0,1.6,MHD
11.7504,0,-0.5,MHD
11.8872,0,3.1,MHD
11.8584,0,0.2,MHD
11.6892,0,0.2,MHD
11.376,-0.1,0.4,MHD
11.1132,-0.1,-0.1,MHD
10.8108,-0.1,0.1,MHD
10.5984,-0.1,0.2,MHD
9.9972,-0.2,0,MHD
9.4968,-0.1,-0.2,MHD
9.0396,-0.1,-0.1,MHD
8.4708,-0.2,-0.2,MHD
7.956,-0.1,-0.1,MHD
7.3296,-0.2,-0.3,MHD
6.8724,-0.1,0.1,MHD
6.5232,-0.1,0.7,MHD
6.1308,-0.1,0.2,MHD
5.6088,-0.1,0.1,MHD
5.2488,-0.1,0.1,MHD
4.824,-0.1,0.1,MHD
4.3056,-0.1,-0.1,MHD
3.9168,-0.1,0.2,MHD
3.5424,-0.1,0.2,MHD
3.2328,-0.1,0,MHD
2.9376,-0.1,0.1,MHD
0,-0.8,0,MHD
1.998,0.6,0,MHD
1.7604,-0.1,0,MHD
1.548,-0.1,-0.1,MHD
0,-0.4,-0.1,MHD
0,0,-0.2,MHD
0,0,-0.1,MHD
0,0,0,MHD
0,0,0,MHD
0,0,0,MHD
1.0656,0.3,-0.8,MHD
1.224,0,-0.3,MHD
0,-0.3,-0.3,MHD
0,0,-0.2,MHD
0,0,-0.3,MHD
0,0,0,MHD
0,0,0,MHD
0,0,0,MHD
0,0,0,MHD
0,0,0,MHD
0,0,0,MHD
0,0,0,MHD
0,0,0,MHD
0,0,0,MHD
0,0,0,MHD
0,0,0,MHD
0,0,0,MHD
0,0,0,MHD
0,0,0,MHD
0,0,0,MHD
0,0,0,MHD
0,0,0,MHD
0,0,0,MHD
0,0,0,MHD
0,0,0,MHD
0.8388,0.2,-3.3,MHD
0,-0.2,-0.3,MHD
0,0,-0.3,MHD
0,0,0,MHD
0,0,0,MHD
0,0,0,MHD
0,0,0,MHD
0,0,0,MHD
0,0,0,MHD
1.0188,0.3,-0.5,MHD
1.2672,0.1,0,MHD
1.5264,0.1,0,MHD
1.764,0.1,0.1,MHD
1.9116,0,0.1,MHD
2.0808,0,0.2,MHD
2.2896,0.1,-0.1,MHD
2.4912,0.1,-0.2,MHD
2.592,0,0,MHD
2.5452,0,-0.2,MHD
2.4696,0,-0.1,MHD
2.3328,0,0,MHD
2.196,0,-0.2,MHD
2.1852,0,0.1,MHD
0,-0.6,0.2,MHD
0,0,0,MHD
2.502,0.7,0,MHD
2.4948,0,0,MHD
2.5668,0,0,MHD
2.7864,0.1,-0.1,MHD
0,-0.8,0,MHD
3.1356,0.9,0,MHD
3.4344,0.1,1.2,MHD
3.7728,0.1,1,MHD
4.2516,0.1,-0.5,MHD
4.5216,0.1,-0.6,MHD
4.9608,0.1,-0.6,MHD
5.5116,0.2,-0.9,MHD
5.9976,0.1,-0.1,MHD
6.3288,0.1,-0.5,MHD
6.7788,0.1,-0.2,MHD
7.1208,0.1,0,MHD
7.4736,0.1,0,MHD
7.9452,0.1,-1,MHD
8.226,0.1,0.8,MHD
8.7192,0.1,0,MHD
9.1548,0.1,-0.1,MHD
9.5724,0.1,0,MHD
10.17,0.2,-0.1,MHD
10.8,0.2,-0.1,MHD
11.4552,0.2,-0.1,MHD
12.132,0.2,0,MHD
12.6504,0.1,0,MHD
12.9888,0.1,-0.1,MHD
13.4604,0.1,0.4,MHD
14.0364,0.2,0.1,MHD
14.5296,0.1,0,MHD
14.8716,0.1,-0.2,MHD
15.1488,0.1,-3,MHD
15.516,0.1,-2.3,MHD
15.7572,0.1,-2.7,MHD
16.0344,0.1,-0.7,MHD
16.38,0.1,-0.4,MHD
16.668,0.1,-0.8,MHD
16.9416,0.1,-0.2,MHD
16.9128,0,-0.9,MHD
17.0316,0,1.3,MHD
17.3088,0.1,1,MHD
17.5968,0.1,2,MHD
17.7876,0.1,-0.1,MHD
18.1512,0.1,0.4,MHD
18.3996,0.1,0.1,MHD
18.6048,0.1,0.7,MHD
18.7092,0,1.1,MHD
18.8208,0,0.7,MHD
19.1052,0.1,0.9,MHD
19.2528,0,1,MHD
19.242,0,0.8,MHD
19.1412,0,0.4,MHD
19.062,0,0.5,MHD
18.9144,0,0.4,MHD
18.6444,-0.1,0.7,MHD
18.486,0,0.9,MHD
18.4068,0,0.6,MHD
18.2484,0,0.4,MHD
17.7984,-0.1,0.6,MHD
17.7732,0,-0.1,MHD
17.7444,0,-1.2,MHD
17.7804,0,-0.1,MHD
17.8056,0,-0.2,MHD
18.0036,0.1,0.1,MHD
17.9136,0,0,MHD
17.7264,-0.1,-0.2,MHD
17.568,0,0,MHD
17.4384,0,-0.2,MHD
16.9452,-0.1,0.1,MHD
16.1676,-0.2,0,MHD
15.516,-0.2,-0.1,MHD
14.5764,-0.3,-0.1,MHD
13.5756,-0.3,0.3,MHD
12.3696,-0.3,0.3,MHD
10.098,2.8,-0.1,MHD
9.0108,-0.3,0.1,MHD
8.1684,-0.2,-0.3,MHD
7.4016,-0.2,0.2,MHD
6.7824,-0.2,-0.5,MHD
6.3396,-0.1,-0.4,MHD
6.2532,0,-0.8,MHD
6.2496,0,-0.1,MHD
6.5664,0.1,0.9,MHD
7.1712,0.2,0.6,MHD
7.8516,0.2,0.2,MHD
8.5716,0.2,0,MHD
9.3528,0.2,0.3,MHD
10.2708,0.3,0.2,MHD
11.1528,0.2,-1,MHD
11.9088,0.2,-0.1,MHD
12.3696,0.1,-0.2,MHD
12.78,0.1,-0.4,MHD
13.1472,0.1,-0.3,MHD
13.5108,0.1,-1.5,MHD
13.9104,0.1,-0.3,MHD
14.2848,0.1,-0.2,MHD
14.8032,0.1,-2.5,MHD
15.2496,0.1,-1.9,MHD
15.6816,0.1,-1.7,MHD
16.1316,0.1,-0.4,MHD
16.794,0.2,-0.3,MHD
17.442,0.2,-0.5,MHD
17.91,0.1,-0.3,MHD
18.4392,0.1,-0.1,MHD
18.792,0.1,-0.1,MHD
19.1196,0.1,-0.1,MHD
19.206,0,-0.1,MHD
19.2168,0,0.5,MHD
19.2384,0,0.2,MHD
19.2636,0,-0.1,MHD
19.1196,0,0,MHD
18.9,-0.1,0.5,MHD
18.7992,0,0.2,MHD
18.3888,-0.1,2,MHD
17.9712,-0.1,0.1,MHD
17.6004,-0.1,0.2,MHD
17.1792,-0.1,0.1,MHD
16.8156,-0.1,0.1,MHD
16.5348,-0.1,0.3,MHD
16.272,-0.1,0.3,MHD
16.1352,0,0.1,MHD
16.2036,0,0.2,MHD
16.3656,0,3,MHD
16.7616,0.1,0.2,MHD
17.2764,0.1,0.7,MHD
17.7048,0.1,0.7,MHD
18.1728,0.1,0.9,MHD
18.5076,0.1,0.9,MHD
18.756,0.1,0.3,MHD
18.9324,0,0.5,MHD
18.864,0,0.1,MHD
18.8316,0,-0.1,MHD
18.6444,-0.1,-0.1,MHD
18.4248,-0.1,-0.1,MHD
17.9748,-0.1,-0.3,MHD
17.6724,-0.1,-0.2,MHD
17.4492,-0.1,0.3,MHD
17.4132,0,-0.2,MHD
17.478,0,0,MHD
17.4816,0,0.4,MHD
17.7876,0.1,0.1,MHD
17.9388,0,0,MHD
18.0828,0,-0.2,MHD
18.2556,0,-0.7,MHD
18.648,0.1,-0.3,MHD
19.1304,0.1,-1.6,MHD
19.6488,0.1,-1.7,MHD
19.9728,0.1,-1.2,MHD
20.2608,0.1,-0.6,MHD
20.6136,0.1,-0.2,MHD
20.8152,0.1,-0.3,MHD
20.8404,0,0,MHD
20.844,0,0.1,MHD
20.7576,0,0.3,MHD
20.6388,0,0.5,MHD
20.0592,-0.2,0.6,MHD
19.332,-0.2,1.3,MHD
18.54,-0.2,1.3,MHD
17.7696,-0.2,0.4,MHD
17.0964,-0.2,0.4,MHD
16.4052,-0.2,0.2,MHD
15.9264,-0.1,0.5,MHD
15.3972,-0.1,0.4,MHD
14.886,-0.1,0.2,MHD
14.4396,-0.1,0.4,MHD
14.3244,0,0.4,MHD
14.1912,0,0.4,MHD
14.3928,0.1,0.2,MHD
14.598,0.1,0.2,MHD
14.9076,0.1,0.2,MHD
15.4224,0.1,3.3,MHD
15.7824,0.1,0.2,MHD
16.5528,0.1,0.5,MHD
16.5852,0,0.3,MHD
16.5744,0,0,MHD
16.5816,0,0,MHD
16.4556,0,0.1,MHD
16.074,-0.1,0.1,MHD
15.606,-0.1,0.4,MHD
15.2784,-0.1,0.2,MHD
15.138,0,0.7,MHD
15.3108,0,0.5,MHD
15.444,0,0.1,MHD
15.4728,0,0.2,MHD
15.7752,0.1,-0.1,MHD
15.9948,0.1,0.3,MHD
16.1208,0,-0.2,MHD
16.4376,0.1,-0.4,MHD
16.6536,0.1,-0.5,MHD
17.1072,0.1,-0.3,MHD
17.4816,0.1,-0.4,MHD
17.8128,0.1,-0.8,MHD
18.1188,0.1,-1.1,MHD
19.0188,0.1,-0.8,MHD
19.1412,0,-1.3,MHD
19.476,0.1,-1.3,MHD
19.7208,0.1,-1,MHD
19.8684,0,-0.4,MHD
20.034,0,-0.2,MHD
19.8504,-0.1,-2.3,MHD
19.494,-0.1,-2.3,MHD
19.0656,-0.1,-2.1,MHD
18.81,-0.1,-0.8,MHD
0,0,0,MHD
0,0,-0.5,MHD
0,0,-2.5,MHD
0,0,2.9,MHD
6.8256,-0.4,-3.4,MHD
6.7716,0,1.1,MHD
4.5432,-0.6,0.9,MHD
1.5588,-0.8,0.2,MHD
0.9108,-0.2,0.8,MHD
1.4976,0.2,-3.8,MHD
5.1372,1,1.6,MHD
4.4172,-0.2,0.1,MHD
3.942,-0.1,0.5,MHD
3.2256,-0.2,-1.5,MHD
2.6064,-0.2,0.6,MHD
2.1024,-0.1,-0.1,MHD
1.9692,0,0.5,MHD
2.2716,0.1,0.4,MHD
2.664,0.1,0,MHD
3.024,0.1,2.1,MHD
3.2544,0.1,1.3,MHD
3.2688,0,0.1,MHD
3.3912,0,0.6,MHD
3.546,0,0.3,MHD
3.7296,0.1,0,MHD
3.7836,0,-0.6,MHD
3.1716,-0.1,0,MHD
2.2176,-0.1,-0.3,MHD
1.7244,-0.1,-0.2,MHD
0,-0.5,-0.2,MHD
0,0,-0.3,MHD
0,0,-0.1,MHD
0,0,0,MHD
0,0,0,MHD
0,0,0,MHD
0,0,0,MHD
0,0,0,MHD
0,0,0,MHD
0,0,0,MHD
0,0,0,MHD
0,0,0,MHD
0,0,0,MHD
0.9108,0.3,-2.4,MHD
1.0332,0,-0.3,MHD
1.2564,0.1,-0.3,MHD
1.5048,0.1,-0.4,MHD
1.7892,0.1,-0.3,MHD
2.1492,0.1,-0.5,MHD
2.52,0.1,-0.5,MHD
2.8908,0.1,-0.3,MHD
3.3732,0.1,-0.2,MHD
4.0068,0.2,-0.4,MHD
4.8744,0.2,-0.4,MHD
5.9076,0.3,-0.6,MHD
6.7032,0.2,-1.1,MHD
7.452,0.2,-0.7,MHD
8.1288,0.2,-1,MHD
8.532,0.1,-0.8,MHD
8.8488,0.1,-0.7,MHD
9.1116,0.1,-0.8,MHD
9.306,0.1,-1.5,MHD
9.4608,0,-1,MHD
9.3888,0,-1.1,MHD
9.1692,-0.1,-1.3,MHD
9.1368,0,-1,MHD
9.306,0,-1.8,MHD
9.63,0.1,-1.4,MHD
10.2744,0.2,-1.3,MHD
10.9476,0.2,-1.1,MHD
11.556,0.2,-2,MHD
12.114,0.2,-1.1,MHD
12.6072,0.1,-1.3,MHD
13.1148,0.1,-2.6,MHD
13.7124,0.2,-1.9,MHD
14.436,0.2,-1.9,MHD
15.0696,0.2,-1.8,MHD
15.6132,0.2,-2.3,MHD
16.0524,0.1,-1.6,MHD
16.5276,0.1,-1.2,MHD
16.7976,0.1,-1.5,MHD
17.1216,0.1,-1.6,MHD
17.2944,0,-1,MHD
17.2836,0,-1.3,MHD
16.9452,-0.1,-0.8,MHD
16.3368,-0.2,-0.5,MHD
15.6744,-0.2,-0.3,MHD
14.886,-0.2,-0.4,MHD
14.058,-0.2,-0.9,MHD
13.3812,-0.2,-0.9,MHD
13.0032,-0.1,-0.9,MHD
12.4524,-0.2,-0.6,MHD
12.0636,-0.1,-1,MHD
11.8404,-0.1,-0.8,MHD
11.7,0,-0.7,MHD
11.6568,0,-0.8,MHD
11.5776,0,-0.2,MHD
11.5668,0,-0.3,MHD
11.6856,0,2.1,MHD
11.7648,0,0.5,MHD
11.7648,0,-0.4,MHD
11.7504,0,-0.2,MHD
11.5344,-0.1,-0.5,MHD
11.1852,-0.1,-0.7,MHD
10.8288,-0.1,-0.8,MHD
10.3788,-0.1,1.3,MHD
9.6984,-0.2,-0.2,MHD
8.982,-0.2,-0.5,MHD
8.2188,-0.2,-0.4,MHD
7.4952,-0.2,-0.3,MHD
6.9264,-0.2,-0.2,MHD
6.5484,-0.1,-0.6,MHD
6.2784,-0.1,-0.3,MHD
6.2604,0,0.2,MHD
6.2568,0,-0.3,MHD
6.2964,0,0.4,MHD
6.4728,0,0.7,MHD
6.8976,0.1,0.3,MHD
7.0884,0.1,0.5,MHD
7.29,0.1,0.4,MHD
7.344,0,0.3,MHD
7.3512,0,0.4,MHD
7.3872,0,0.9,MHD
7.3944,0,0.5,MHD
7.542,0,0.8,MHD
7.8192,0.1,0.4,MHD
8.2476,0.1,0.3,MHD
8.4996,0.1,0.6,MHD
8.9712,0.1,0.6,MHD
9.4284,0.1,0,MHD
9.81,0.1,-0.1,MHD
10.3284,0.1,-1.7,MHD
11.034,0.2,-0.3,MHD
11.7684,0.2,0.1,MHD
12.5496,0.2,1.5,MHD
13.356,0.2,1.1,MHD
14.2524,0.2,0.8,MHD
15.1848,0.3,-0.3,MHD
16.0488,0.2,-0.6,MHD
16.758,0.2,-0.8,MHD
17.5896,0.2,0.3,MHD
18.1944,0.2,-0.2,MHD
18.5364,0.1,0.3,MHD
18.6552,0,-0.3,MHD
18.7056,0,0.6,MHD
18.8028,0,-0.3,MHD
18.81,0,-0.1,MHD
18.8532,0,0.2,MHD
18.7704,0,0,MHD
18.5544,-0.1,0.3,MHD
18.2088,-0.1,-0.1,MHD
17.892,-0.1,-0.2,MHD
17.8956,0,-0.5,MHD
18.1008,0.1,-0.4,MHD
18.2412,0,-1.8,MHD
18.2556,0,-0.3,MHD
18.3168,0,-0.4,MHD
18.3888,0,0.3,MHD
18.6408,0.1,3,MHD
19.0188,0.1,-0.2,MHD
19.4328,0.1,-0.3,MHD
19.9116,0.1,0.8,MHD
20.0268,0,0.1,MHD
20.052,0,0.2,MHD
20.3076,0.1,0.2,MHD
20.6352,0.1,0.1,MHD
20.9196,0.1,0,MHD
21.2544,0.1,0.1,MHD
21.7656,0.1,-0.1,MHD
22.338,0.2,1.8,MHD
24.1776,-0.5,0.3,MHD
22.3668,-0.5,0.7,MHD
19.6812,-0.7,1.4,MHD
19.62,0,0.1,MHD
17.6112,-0.6,0.3,MHD
17.2368,-0.1,-0.4,MHD
17.1072,0,0.4,MHD
17.7984,0.2,0.9,MHD
17.4456,-0.1,0.4,MHD
18.3852,0.3,0.7,MHD
16.9488,-0.4,0.3,MHD
17.8596,0.3,0.8,MHD
20.3436,0.7,0.5,MHD
22.3092,0.5,0.6,MHD
23.0256,0.2,0.6,MHD
24.246,0.3,0.6,MHD
23.7096,-0.1,0.3,MHD
24.0264,0.1,0.3,MHD
22.1868,-0.5,0.4,MHD
21.3876,-0.2,0.3,MHD
21.3948,0,-0.3,MHD
21.0744,-0.1,-0.5,MHD
23.1876,0.6,0.4,MHD
22.176,-0.3,1.9,MHD
20.4732,-0.5,0.6,MHD
19.3824,-0.3,-0.7,MHD
20.7828,0.4,-1.4,MHD
23.1264,0.7,-1.1,MHD
24.9408,0.5,0.3,MHD
25.2864,0.1,-0.7,MHD
24.2712,-0.3,-0.8,MHD
26.1576,0.5,-0.7,MHD
27.4932,0.4,-0.9,MHD
27.9144,0.1,-0.8,MHD
27.558,-0.1,-1.8,MHD
25.3188,-0.6,-2.5,MHD
24.75,-0.2,-1,MHD
23.0076,-0.5,-0.8,MHD
21.8304,-0.3,-1.6,MHD
22.23,0.1,-0.7,MHD
22.8924,0.2,-0.9,MHD
24.6492,0.5,-0.9,MHD
24.5304,0,-1.4,MHD
25.4808,0.3,-0.4,MHD
25.9056,0.1,-0.4,MHD
25.5744,-0.1,-0.8,MHD
27.1944,0.5,-1,MHD
29.394,0.6,-1.5,MHD
30.2004,0.2,-1.6,MHD
29.25,-0.3,-0.7,MHD
29.1096,0,-0.1,MHD
30.4164,0.4,-0.5,MHD
31.9464,0.4,-0.2,MHD
31.8024,0,0.5,MHD
30.2616,-0.4,0.3,MHD
29.1888,-0.3,0,MHD
28.4724,-0.2,-0.5,MHD
25.4196,-0.8,-0.5,MHD
22.9212,-0.7,0,MHD
20.0376,-0.8,0.1,MHD
18.2376,-0.5,-0.4,MHD
16.632,-0.4,-0.8,MHD
14.7348,-0.5,0.9,MHD
11.1132,-1,1.2,MHD
10.1556,-0.3,0.2,MHD
8.9676,-0.3,-1.2,MHD
9.9576,0.3,-0.1,MHD
7.3872,-0.7,-0.1,MHD
4.104,-0.9,-0.7,MHD
5.886,0.5,-0.2,MHD
7.6572,0.5,-0.5,MHD
8.2188,0.2,0.5,MHD
9.4752,0.3,0,MHD
10.7136,0.3,-0.1,MHD
12.9564,0.6,-1,MHD
12.87,0,-0.5,MHD
14.7132,0.5,-0.4,MHD
15.786,0.3,-0.3,MHD
17.064,0.4,-0.1,MHD
18.882,0.5,-0.2,MHD
20.6496,0.5,-0.4,MHD
23.1876,0.7,-0.3,MHD
26.01,0.8,-0.4,MHD
27.3708,0.4,0.7,MHD
29.1852,0.5,-0.4,MHD
28.5984,-0.2,-0.3,MHD
28.2672,-0.1,-0.3,MHD
29.142,0.2,0,MHD
30.6864,0.4,-0.2,MHD
33.2892,0.7,0,MHD
34.5348,0.3,0.1,MHD
34.5348,0,0.3,MHD
34.4376,0,0.3,MHD
33.6744,-0.2,0.4,MHD
32.1696,-0.4,0.3,MHD
30.654,-0.4,0.3,MHD
29.9088,-0.2,-0.3,MHD
27.4284,-0.7,-0.1,MHD
26.9568,-0.1,-0.1,MHD
28.584,0.5,0.1,MHD
29.0736,0.1,0.2,MHD
28.512,-0.2,0,MHD
28.224,-0.1,-0.4,MHD
25.6284,-0.7,0,MHD
23.184,-0.7,0.2,MHD
20.682,-0.7,0,MHD
20.7252,0,0.2,MHD
21.042,0.1,0.6,MHD
21.6,0.2,0.5,MHD
23.9652,0.7,0.3,MHD
24.354,0.1,1.1,MHD
24.7932,0.1,0.3,MHD
25.8444,0.3,1.2,MHD
27.072,0.3,0.1,MHD
27.6552,0.2,0.1,MHD
27.7452,0,-1,MHD
29.7972,0.6,-0.1,MHD
30.4272,0.2,0.3,MHD
29.2428,-0.3,1.4,MHD
28.44,-0.2,1.2,MHD
25.0668,-0.9,-0.1,MHD
22.482,-0.7,1,MHD
18.0936,-1.2,-0.2,MHD
15.5052,-0.7,-0.5,MHD
15.552,0,-0.2,MHD
13.8708,-0.5,-0.3,MHD
11.268,-0.7,-0.8,MHD
11.394,0,-0.6,MHD
11.4408,0,-1.1,MHD
11.466,0,0.4,MHD
9.576,-0.5,-0.8,MHD
6.8508,-0.8,-0.3,MHD
5.8716,-0.3,-0.3,MHD
7.236,0.4,-0.4,MHD
8.4672,0.3,-0.6,MHD
10.1124,0.5,-0.1,MHD
9.702,-0.1,0,MHD
8.9496,-0.2,0,MHD
9.2448,0.1,0.1,MHD
7.632,-0.4,0.1,MHD
9.1728,0.4,0.3,MHD
7.2684,-0.5,-0.4,MHD
6.4692,-0.2,-0.4,MHD
6.9264,0.1,0.9,MHD
7.8444,0.3,-0.4,MHD
8.8056,0.3,-0.4,MHD
8.6868,0,-0.6,MHD
7.074,-0.4,-0.5,MHD
7.1892,0,-0.4,MHD
6.6996,-0.1,-0.7,MHD
7.1712,0.1,-0.2,MHD
6.3504,-0.2,-0.2,MHD
7.9524,0.4,-0.2,MHD
9.7488,0.5,-0.1,MHD
12.4128,0.7,1.8,MHD
12.5424,0,-0.3,MHD
14.6988,0.6,2.3,MHD
16.1064,0.4,0,MHD
17.6292,0.4,2.3,MHD
19.9656,0.6,2.1,MHD
17.9208,-0.6,0.2,MHD
18.0324,0,0.1,MHD
16.6392,-0.4,0.2,MHD
17.5644,0.3,-0.1,MHD
16.398,-0.3,0.3,MHD
15.4044,-0.3,0,MHD
15.8112,0.1,0.4,MHD
16.3548,0.2,-0.1,MHD
18.5796,0.6,0.3,MHD
20.0124,0.4,0.3,MHD
19.3716,-0.2,0.4,MHD
19.386,0,0.3,MHD
19.6992,0.1,2,MHD
21.2256,0.4,0.1,MHD
22.4532,0.3,-0.5,MHD
23.8104,0.4,0,MHD
24.5196,0.2,-0.1,MHD
24.408,0,-0.1,MHD
24.12,-0.1,0.5,MHD
24.4476,0.1,0.2,MHD
24.4764,0,-0.1,MHD
23.0796,-0.4,-0.6,MHD
21.888,-0.3,-0.5,MHD
21.798,0,0.7,MHD
21.9024,0,-0.3,MHD
21.8304,0,-0.2,MHD
22.8852,0.3,-0.5,MHD
24.2424,0.4,0,MHD
24.2568,0,0,MHD
23.256,-0.3,-0.3,MHD
21.7656,-0.4,0.2,MHD
20.9268,-0.2,0.4,MHD
21.2328,0.1,2.2,MHD
19.908,-0.4,-0.3,MHD
17.928,-0.6,-0.6,MHD
16.4376,-0.4,0.1,MHD
15.3072,-0.3,-0.6,MHD
14.4576,-0.2,-1.5,MHD
15.5628,0.3,-0.4,MHD
15.6528,0,-0.1,MHD
17.5284,0.5,0.1,MHD
16.6932,-0.2,-0.4,MHD
17.8812,0.3,-0.4,MHD
20.106,0.6,-0.6,MHD
22.95,0.8,0,MHD
24.2208,0.4,-0.1,MHD
25.884,0.5,-0.6,MHD
23.7132,-0.6,0,MHD
22.6188,-0.3,-1.6,MHD
20.682,-0.5,-0.2,MHD
21.834,0.3,-0.2,MHD
21.9204,0,0.1,MHD
20.97,-0.3,-0.1,MHD
20.016,-0.3,0.2,MHD
18.1332,-0.5,0.1,MHD
15.7716,-0.7,0.2,MHD
17.3304,0.4,0.6,MHD
18.1584,0.2,1.6,MHD
19.3284,0.3,2.4,MHD
20.1672,0.2,-1.1,MHD
20.7216,0.2,0.2,MHD
20.592,0,0,MHD
21.7368,0.3,0.1,MHD
22.0716,0.1,-0.9,MHD
22.8564,0.2,0,MHD
22.2012,-0.2,0.1,MHD
23.4504,0.3,0.4,MHD
23.1048,-0.1,0.7,MHD
24.1884,0.3,-0.6,MHD
23.1444,-0.3,0.4,MHD
23.5044,0.1,-0.8,MHD
21.9456,-0.4,0.2,MHD
24.1848,0.6,0.1,MHD
24.6924,0.1,-0.1,MHD
23.5512,-0.3,0,MHD
23.0472,-0.1,0.7,MHD
19.242,-1.1,0.1,MHD
18.5868,-0.2,0.9,MHD
16.6068,-0.6,0.5,MHD
18.4716,0.5,0.7,MHD
18.8208,0.1,0.2,MHD
19.3896,0.2,0.4,MHD
17.4276,-0.5,0.1,MHD
15.336,-0.6,0.1,MHD
15.2136,0,0,MHD
16.5564,0.4,-0.1,MHD
15.876,-0.2,0.1,MHD
13.7844,-0.6,0.1,MHD
13.2048,-0.2,0.1,MHD
13.302,0,0,MHD
16.0992,0.8,0,MHD
20.232,1.1,0.1,MHD
20.3472,0,0.1,MHD
19.494,-0.2,0.1,MHD
20.7468,0.3,0.4,MHD
21.5676,0.2,0.2,MHD
20.0304,-0.4,0.1,MHD
17.2116,-0.8,0.3,MHD
15.6024,-0.4,0,MHD
12.3336,-0.9,-0.3,MHD
9.216,-0.9,0.4,MHD
5.1768,-1.1,0,MHD
0,-1.4,0.2,MHD
0,0,-0.1,MHD
0,0,-0.2,MHD
0,0,0,MHD
0,0,0,MHD
0,0,0,MHD
0,0,0,MHD
0,0,0,MHD
0,0,0,MHD
0,0,0,MHD
0,0,0,MHD
0,0,0,MHD
0,0,0,MHD
0,0,0,MHD
0,0,0,MHD
0,0,0,MHD
4.842,1.3,-1.1,MHD
4.9176,0,-1.5,MHD
5.0256,0,-0.8,MHD
0,-1.4,-0.9,MHD
0,0,-0.7,MHD
0,0,-0.1,MHD
0,0,0,MHD
0,0,0,MHD
0,0,0,MHD
0,0,0,MHD
0,0,0,MHD
0,0,0,MHD
0,0,0,MHD
0,0,0,MHD
0,0,0,MHD
0,0,0,MHD
0,0,0,MHD
0,0,0,MHD
0,0,0,MHD
0,0,-0.9,MHD
0,0,0.3,MHD
0,0,-0.1,MHD
0,0,-0.2,MHD
0,0,-0.1,MHD
0,0,-1.9,MHD
0,0,-0.6,MHD
0,0,-2.5,MHD
0,0,-3.2,MHD
0,0,-2.5,MHD
0,0,-2.8,MHD
0,0,-3.2,MHD
0,0,-0.8,MHD
0,0,-0.9,MHD
0,0,-0.7,MHD
0,0,-0.8,MHD
0,0,-1,MHD
3.0528,0.8,-1,MHD
2.5992,-0.1,-1.1,MHD
2.2716,-0.1,-1.3,MHD
1.9764,-0.1,-0.8,MHD
0,-0.5,-0.3,MHD
0,0,-0.4,MHD
1.5624,0.4,-0.1,MHD
1.5264,0,-0.1,MHD
1.53,0,-0.1,MHD
1.4652,0,0,MHD
1.5012,0,-0.3,MHD
1.6704,0,-0.1,MHD
1.7532,0,0.2,MHD
1.8432,0,-0.2,MHD
1.9008,0,-0.2,MHD
1.9296,0,-0.2,MHD
1.8504,0,0.1,MHD
1.7532,0,-0.2,MHD
1.6812,0,-0.1,MHD
1.5804,0,-0.1,MHD
1.548,0,-0.1,MHD
0,-0.4,-0.3,MHD
0,0,-0.2,MHD
0,0,-0.3,MHD
0,0,0,MHD
0,0,0,MHD
1.4904,0.4,0.2,MHD
0,-0.4,0.1,MHD
2.682,0.7,-1.5,MHD
3.4416,0.2,-0.2,MHD
4.158,0.2,0.5,MHD
4.9392,0.2,0,MHD
5.8752,0.3,-0.1,MHD
0,-1.6,-0.2,MHD
7.848,2.2,-0.1,MHD
8.5356,0.2,-0.5,MHD
9.0792,0.2,-0.2,MHD
9.5508,0.1,-0.9,MHD
9.9,0.1,-0.7,MHD
10.0224,0,-0.9,MHD
10.1736,0,-0.5,MHD
10.4292,0.1,-0.6,MHD
10.5588,0,-0.5,MHD
10.602,0,-0.8,MHD
10.6416,0,-0.2,MHD
10.8036,0,-0.6,MHD
10.9152,0,-0.1,MHD
10.9296,0,-0.1,MHD
11.034,0,1.7,MHD
11.0484,0,1.7,MHD
10.9944,0,1.4,MHD
11.016,0,1.7,MHD
10.9224,0,1.3,MHD
10.7568,0,0.4,MHD
10.4724,-0.1,1.5,MHD
10.224,-0.1,0.2,MHD
10.1124,0,-0.1,MHD
10.0476,0,-0.1,MHD
10.0152,0,-0.4,MHD
10.0368,0,-0.4,MHD
10.0224,0,-0.1,MHD
9.9144,0,0,MHD
9.8964,0,1.9,MHD
9.918,0,1.3,MHD
9.9684,0,0.2,MHD
10.0368,0,-0.1,MHD
10.0908,0,-0.2,MHD
10.0584,0,0,MHD
9.954,0,0,MHD
9.936,0,-0.4,MHD
9.9576,0,-0.4,MHD
10.1124,0,-0.5,MHD
10.1844,0,-1.1,MHD
10.3572,0,-0.9,MHD
10.7064,0.1,-1.7,MHD
10.854,0,-0.3,MHD
10.8936,0,-1.3,MHD
10.962,0,-1.5,MHD
11.0664,0,-1,MHD
11.124,0,-1.2,MHD
11.2716,0,-1.4,MHD
11.2824,0,-0.6,MHD
11.4192,0,-0.5,MHD
11.4444,0,-0.7,MHD
11.1636,-0.1,-0.7,MHD
10.9944,0,-1,MHD
10.9764,0,-0.7,MHD
11.0232,0,0.1,MHD
10.9872,0,0.3,MHD
10.8756,0,-0.8,MHD
10.7496,0,-1.1,MHD
10.4544,-0.1,-0.9,MHD
10.0476,-0.1,-0.9,MHD
9.72,-0.1,-0.7,MHD
9.6228,0,-0.8,MHD
9.4788,0,-0.2,MHD
9.2052,-0.1,-1.1,MHD
8.9676,-0.1,0.3,MHD
8.7984,0,-0.4,MHD
8.8092,0,1.5,MHD
8.856,0,1.4,MHD
8.892,0,-0.3,MHD
9.0396,0,0.7,MHD
9.1836,0,-0.6,MHD
9.1584,0,0.1,MHD
9.2556,0,-0.4,MHD
9.396,0,0.2,MHD
9.684,0.1,0.6,MHD
9.8424,0,-0.1,MHD
9.9,0,0.2,MHD
9.9,0,2.3,MHD
10.2096,0.1,1.3,MHD
10.5876,0.1,2.1,MHD
10.9512,0.1,0.6,MHD
11.4912,0.2,-3.5,MHD
11.97,0.1,0.2,MHD
12.276,0.1,-0.6,MHD
12.3696,0,-0.4,MHD
12.5892,0.1,-0.6,MHD
12.9672,0.1,-0.7,MHD
13.5,0.1,-0.6,MHD
14.0832,0.2,0.3,MHD
14.67,0.2,0.3,MHD
15.3288,0.2,0.9,MHD
15.9804,0.2,1.4,MHD
16.5996,0.2,0,MHD
17.3448,0.2,0,MHD
18.0504,0.2,0.2,MHD
18.7416,0.2,-0.4,MHD
19.4004,0.2,1.2,MHD
19.9476,0.2,1.7,MHD
20.2032,0.1,-0.5,MHD
20.3076,0,-2.1,MHD
20.3904,0,0.1,MHD
20.4336,0,2.7,MHD
20.4444,0,3.6,MHD
20.3976,0,0.9,MHD
20.4408,0,1.4,MHD
20.448,0,1.9,MHD
20.2392,-0.1,1.6,MHD
19.9044,-0.1,0.5,MHD
19.7316,0,0.8,MHD
19.6272,0,0.7,MHD
19.5408,0,0.6,MHD
19.458,0,0.6,MHD
19.35,0,0.4,MHD
19.3032,0,0.4,MHD
19.1988,0,0.5,MHD
19.044,0,0.6,MHD
19.0008,0,0.6,MHD
18.954,0,0.1,MHD
18.6372,-0.1,0,MHD
18.2448,-0.1,0.3,MHD
17.8956,-0.1,0.4,MHD
17.4348,-0.1,0.4,MHD
16.8876,-0.2,0.5,MHD
16.3656,-0.1,0.3,MHD
15.9012,-0.1,0.5,MHD
15.5556,-0.1,0.6,MHD
15.1056,-0.1,0.3,MHD
14.6844,-0.1,0.4,MHD
14.5836,0,2.8,MHD
14.5548,0,2.6,MHD
14.3784,0,0.1,MHD
14.3424,0,0.1,MHD
14.2344,0,0.3,MHD
14.0364,-0.1,0.3,MHD
13.8672,0,0.1,MHD
13.9896,0,-0.4,MHD
14.3424,0.1,-0.3,MHD
14.7168,0.1,-0.1,MHD
15.0012,0.1,0.1,MHD
15.264,0.1,0.3,MHD
15.858,0.2,0.4,MHD
16.4664,0.2,0.2,MHD
17.1468,0.2,2,MHD
17.8668,0.2,0.1,MHD
18.5472,0.2,-2,MHD
19.1844,0.2,-3.1,MHD
19.7028,0.1,-0.6,MHD
20.1132,0.1,-0.7,MHD
20.4048,0.1,-1.8,MHD
20.6748,0.1,-1.2,MHD
20.7072,0,-0.6,MHD
22.3092,0.4,-1,MHD
20.9376,-0.4,-1,MHD
21.1032,0,-0.8,MHD
21.2796,0,-0.4,MHD
21.42,0,-0.4,MHD
21.582,0,-0.6,MHD
21.7692,0.1,-1.3,MHD
22.0032,0.1,-0.7,MHD
22.3668,0.1,-0.6,MHD
22.662,0.1,-0.5,MHD
22.9608,0.1,-0.2,MHD
22.9608,0,-0.1,MHD
22.8456,0,-0.1,MHD
22.6872,0,-0.4,MHD
22.176,-0.1,-0.9,MHD
21.2148,-0.3,-0.8,MHD
20.7468,-0.1,-0.4,MHD
20.3868,-0.1,-0.2,MHD
20.196,-0.1,-0.1,MHD
20.3544,0,-0.3,MHD
20.8044,0.1,-0.2,MHD
21.2112,0.1,-0.2,MHD
21.6252,0.1,-0.2,MHD
22.2264,0.2,0.1,MHD
24.8112,0.7,0.2,MHD
24.7644,0,-0.3,MHD
25.182,0.1,-0.9,MHD
23.9184,-0.4,-0.1,MHD
22.1148,-0.5,0,MHD
21.6108,-0.1,0.5,MHD
20.952,-0.2,0.1,MHD
19.4004,-0.4,-0.5,MHD
18.9432,-0.1,-0.4,MHD
18.936,0,-0.8,MHD
19.9116,0.3,-0.7,MHD
20.304,0.1,-0.7,MHD
21.3264,0.3,-0.4,MHD
20.6316,-0.2,-0.1,MHD
20.5956,0,-0.3,MHD
17.694,-0.8,-0.3,MHD
15.9192,-0.5,-0.1,MHD
14.7924,-0.3,0,MHD
13.1868,-0.4,0.1,MHD
13.3236,0,0.1,MHD
13.3308,0,0.2,MHD
10.9908,-0.7,-0.1,MHD
11.5704,0.2,-0.2,MHD
11.232,-0.1,-0.4,MHD
12.5496,0.4,0.3,MHD
12.2472,-0.1,-0.4,MHD
11.4768,-0.2,-0.4,MHD
12.2868,0.2,-0.6,MHD
12.9852,0.2,0,MHD
14.1696,0.3,-0.1,MHD
15.822,0.5,0.5,MHD
16.7004,0.2,0.7,MHD
17.1036,0.1,0.3,MHD
18.7668,0.5,0.3,MHD
19.9728,0.3,0.3,MHD
19.9944,0,0.6,MHD
19.98,0,-0.1,MHD
19.4148,-0.2,-0.1,MHD
20.0124,0.2,-1.2,MHD
19.5264,-0.1,-1.3,MHD
20.7468,0.3,-1.2,MHD
22.0824,0.4,-0.3,MHD
21.474,-0.2,-0.2,MHD
21.9204,0.1,-0.3,MHD
22.5972,0.2,-0.2,MHD
21.2796,-0.4,-0.6,MHD
19.7064,-0.4,0.1,MHD
20.484,0.2,-0.2,MHD
20.5056,0,-0.2,MHD
21.294,0.2,-1.6,MHD
22.3812,0.3,-1,MHD
22.0788,-0.1,-0.5,MHD
21.3264,-0.2,-0.5,MHD
19.7352,-0.4,-0.5,MHD
16.3188,-0.9,-0.3,MHD
17.3484,0.3,-0.1,MHD
15.4584,-0.5,-0.9,MHD
15.0552,-0.1,0,MHD
15.516,0.1,-0.3,MHD
15.5484,0,0.2,MHD
17.3592,0.5,1.1,MHD
18.2988,0.3,-0.1,MHD
18.2376,0,0,MHD
18.6408,0.1,0.1,MHD
17.4132,-0.3,-0.1,MHD
18.6408,0.3,-0.1,MHD
17.6508,-0.3,-0.1,MHD
15.9408,-0.5,-0.2,MHD
15.0228,-0.3,-0.1,MHD
14.0328,-0.3,0.5,MHD
15.0372,0.3,0.5,MHD
12.9312,-0.6,0.4,MHD
12.4956,-0.1,-0.1,MHD
12.87,0.1,-0.1,MHD
13.3236,0.1,-0.1,MHD
12.3588,-0.3,0.1,MHD
13.0212,0.2,0.9,MHD
12.1572,-0.2,-0.1,MHD
10.8216,-0.4,-1.3,MHD
12.4308,0.4,-0.2,MHD
14.3784,0.5,-0.4,MHD
15.1452,0.2,-0.3,MHD
15.0552,0,-0.3,MHD
15.174,0,-0.2,MHD
15.9948,0.2,-0.2,MHD
16.6572,0.2,0.1,MHD
16.0272,-0.2,-0.2,MHD
14.292,-0.5,-0.4,MHD
12.0168,-0.6,-0.2,MHD
13.3704,0.4,-0.2,MHD
12.6144,-0.2,-0.5,MHD
11.358,-0.3,-0.3,MHD
11.4048,0,-0.1,MHD
8.9784,-0.7,-0.3,MHD
8.8992,0,-0.2,MHD
8.2116,-0.2,-0.3,MHD
9.0828,0.2,-0.4,MHD
9.1476,0,-0.2,MHD
10.332,0.3,-0.3,MHD
10.9548,0.2,-0.3,MHD
11.3184,0.1,3,MHD
11.3256,0,2,MHD
9.9576,-0.4,-0.3,MHD
11.0052,0.3,-0.4,MHD
9.6264,-0.4,-0.4,MHD
10.2024,0.2,-0.7,MHD
10.7316,0.1,-1,MHD
12.4956,0.5,1,MHD
14.94,0.7,0.9,MHD
14.8896,0,-0.7,MHD
14.7816,0,-0.6,MHD
15.5196,0.2,-0.7,MHD
15.4044,0,-0.7,MHD
15.4476,0,-0.9,MHD
16.0956,0.2,-0.5,MHD
16.3944,0.1,-0.4,MHD
17.7624,0.4,-1,MHD
19.5444,0.5,-0.6,MHD
17.8776,-0.5,-1,MHD
17.8128,0,0.2,MHD
15.6132,-0.6,-0.2,MHD
14.0904,-0.4,-0.6,MHD
11.1456,-0.8,-0.7,MHD
7.938,-0.9,1.1,MHD
4.8672,-0.9,-0.5,MHD
0,-1.4,-0.5,MHD
0,0,0.2,MHD
0,0,-0.2,MHD
0,0,0,MHD
0,0,0,MHD
0,0,0,MHD
0,0,0,MHD
8.9064,2.5,-0.2,MHD
10.1016,0.3,-0.2,MHD
10.782,0.2,4,MHD
10.7316,0,2.7,MHD
11.16,0.1,3,MHD
13.6656,0.7,1.9,MHD
14.2596,0.2,0.3,MHD
14.274,0,-0.1,MHD
13.8132,-0.1,0.2,MHD
13.6944,0,0.6,MHD
13.6908,0,1.4,MHD
13.0788,-0.2,0.3,MHD
13.8348,0.2,0.1,MHD
13.9212,0,0.3,MHD
12.8628,-0.3,0.2,MHD
12.7404,0,0.6,MHD
13.7628,0.3,0.1,MHD
12.852,-0.3,-0.1,MHD
12.9168,0,-0.3,MHD
11.5632,-0.4,-0.5,MHD
12.78,0.3,0.2,MHD
13.9212,0.3,-0.9,MHD
16.2504,0.6,-0.5,MHD
15.4224,-0.2,-0.3,MHD
15.3072,0,0.2,MHD
16.6572,0.4,0.2,MHD
19.2132,0.7,0.1,MHD
19.7856,0.2,0,MHD
21.132,0.4,-0.1,MHD
21.1104,0,-0.3,MHD
20.754,-0.1,-0.1,MHD
20.6172,0,0.5,MHD
20.52,0,0.2,MHD
21.6684,0.3,-0.1,MHD
19.5444,-0.6,0,MHD
18.18,-0.4,0.3,MHD
16.2,-0.6,-0.1,MHD
17.4384,0.3,0,MHD
17.0784,-0.1,-0.1,MHD
16.5132,-0.2,0,MHD
15.9408,-0.2,1,MHD
12.5712,-0.9,-0.2,MHD
8.1108,-1.2,-0.5,MHD
7.4484,-0.2,-0.7,MHD
6.8616,-0.2,0.2,MHD
3.996,-0.8,0.6,MHD
0,-1.1,0.2,MHD
0,0,0.2,MHD
0,0,0.7,MHD
0,0,0,MHD
0,0,0,MHD
0,0,0,MHD
0,0,0,MHD
0,0,0,MHD
0,0,0,MHD
0,0,0,MHD
0,0,0,MHD
0,0,0,MHD
0,0,0,MHD
0,0,0,MHD
0,0,0,MHD
0,0,0,MHD
0,0,0,MHD
0,0,0,MHD
0,0,0,MHD
0,0,0,MHD
0,0,0,MHD
0,0,0,MHD
0,0,0,MHD
0,0,0,MHD
0,0,0,MHD
0,0,0,MHD
0,0,0,MHD
0,0,0,MHD
0,0,0,MHD
0,0,0,MHD
0,0,0,MHD
0,0,0,MHD
0,0,0,MHD
0,0,0,MHD
0,0,0,MHD
0,0,0,MHD
0,0,0,MHD
0,0,0,MHD
0,0,0,MHD
0,0,0,MHD
0,0,0,MHD
0,0,0,MHD
0,0,0,MHD
0,0,0,MHD
0,0,0,MHD
0,0,0,MHD
0,0,0,MHD
0,0,0,MHD
0,0,0,MHD
0,0,0,MHD
0,0,0,MHD
0,0,0,MHD
0,0,0,MHD
0,0,0,MHD
0,0,0,MHD
9.4428,2.6,2.5,MHD
11.4408,0.6,0.1,MHD
13.0752,0.5,0.1,MHD
12.9996,0,0.1,MHD
13.0644,0,-0.1,MHD
14.7744,0.5,0.1,MHD
13.3488,-0.4,0.7,MHD
13.3812,0,0.1,MHD
14.706,0.4,-0.1,MHD
15.3288,0.2,-0.2,MHD
14.4576,-0.2,-0.2,MHD
17.4636,0.8,-0.1,MHD
19.1664,0.5,0,MHD
21.3624,0.6,0.1,MHD
21.9636,0.2,0,MHD
0,0,0,MHD
0,0,1.2,MHD
0,0,-0.4,MHD
0,0,-0.2,MHD
0,0,0.8,MHD
0,0,0,MHD
0,0,-0.4,MHD
0,0,-0.5,MHD
1.7748,0.5,-0.2,MHD
1.7064,0,-0.4,MHD
1.6092,0,0,MHD
1.728,0,-0.4,MHD
1.7028,0,-0.2,MHD
1.6812,0,0,MHD
1.8468,0,-0.3,MHD
1.8,0,-0.5,MHD
1.7928,0,-0.8,MHD
1.7964,0,-0.5,MHD
1.8072,0,-1.2,MHD
1.6056,-0.1,0.3,MHD
0,-0.4,-0.2,MHD
1.3248,0.4,0.3,MHD
1.4796,0,0.3,MHD
1.6092,0,0.3,MHD
1.5948,0,-0.3,MHD
1.6344,0,-0.6,MHD
1.6524,0,-0.4,MHD
1.6884,0,0.2,MHD
1.5696,0,0,MHD
1.5552,0,-0.3,MHD
0,-0.4,0,MHD
0,0,-0.4,MHD
0,0,0.2,MHD
0,0,0,MHD
0,0,0,MHD
0,0,0,MHD
0,0,0,MHD
0,0,0,MHD
0,0,0,MHD
0,0,0,MHD
0,0,0,MHD
0,0,0,MHD
0,0,0,MHD
0,0,0,MHD
0,0,0,MHD
0,0,0,MHD
0,0,0,MHD
0,0,0,MHD
0,0,0,MHD
0,0,0,MHD
0,0,0,MHD
0,0,0,MHD
0,0,0,MHD
0,0,0,MHD
0,0,0,MHD
0,0,0,MHD
0,0,0,MHD
0,0,0,MHD
0,0,0,MHD
0,0,0,MHD
0,0,0,MHD
0,0,0,MHD
0.9828,0.3,0.4,MHD
1.1484,0,0,MHD
1.3464,0.1,-0.1,MHD
1.6848,0.1,-0.1,MHD
2.0196,0.1,0,MHD
2.484,0.1,0.1,MHD
2.9952,0.1,-0.1,MHD
3.5496,0.2,-0.2,MHD
4.1256,0.2,-0.2,MHD
4.6872,0.2,-0.2,MHD
5.238,0.2,-0.2,MHD
5.6808,0.1,-0.2,MHD
6.2532,0.2,-0.2,MHD
6.7752,0.1,-0.3,MHD
7.3116,0.1,-0.2,MHD
7.7328,0.1,-0.5,MHD
8.0856,0.1,-0.7,MHD
8.514,0.1,-0.6,MHD
8.8344,0.1,-0.8,MHD
8.9172,0,-0.7,MHD
9.0144,0,-0.6,MHD
9.2916,0.1,-0.6,MHD
9.4752,0.1,-0.5,MHD
9.5184,0,-1.7,MHD
9.5832,0,-2,MHD
9.7128,0,-0.4,MHD
9.8424,0,-0.5,MHD
10.0728,0.1,-0.6,MHD
10.4508,0.1,-1.8,MHD
10.8072,0.1,-0.7,MHD
11.016,0.1,-1.3,MHD
11.0484,0,0.5,MHD
11.016,0,-0.3,MHD
10.98,0,-0.4,MHD
10.8144,0,-0.6,MHD
10.5588,-0.1,-0.9,MHD
10.3644,-0.1,-0.7,MHD
10.0836,-0.1,-0.5,MHD
9.8064,-0.1,-0.4,MHD
9.5004,-0.1,-0.7,MHD
9.6336,0,-0.4,MHD
9.8496,0.1,-0.1,MHD
10.0296,0,-0.3,MHD
10.2636,0.1,-0.1,MHD
10.6308,0.1,-0.2,MHD
11.1852,0.2,0,MHD
11.79,0.2,0.7,MHD
12.1392,0.1,0.1,MHD
12.438,0.1,0.2,MHD
12.8808,0.1,1.5,MHD
13.0608,0.1,-0.5,MHD
13.2156,0,-0.2,MHD
13.4748,0.1,-0.8,MHD
13.644,0,-0.6,MHD
13.5612,0,-0.8,MHD
13.2768,-0.1,-0.6,MHD
12.8952,-0.1,0.1,MHD
12.7332,0,-0.2,MHD
12.6504,0,-0.6,MHD
12.6144,0,0.3,MHD
12.5316,0,-0.1,MHD
12.5568,0,-0.2,MHD
12.4704,0,-0.1,MHD
12.5424,0,-0.2,MHD
12.7584,0.1,-0.2,MHD
12.9168,0,-0.5,MHD
12.9816,0,0.7,MHD
12.978,0,-0.5,MHD
12.8592,0,-0.9,MHD
12.6936,0,-0.6,MHD
12.4308,-0.1,-0.3,MHD
11.9916,-0.1,-0.1,MHD
11.448,-0.2,-0.8,MHD
10.9476,-0.1,-0.1,MHD
10.5624,-0.1,0.9,MHD
10.1916,-0.1,-1,MHD
9.9684,-0.1,-0.8,MHD
9.738,-0.1,-0.6,MHD
9.5724,0,-0.6,MHD
9.36,-0.1,-0.5,MHD
9.2556,0,-0.5,MHD
9.2844,0,-0.4,MHD
9.4572,0,-0.4,MHD
9.4824,0,-0.4,MHD
9.4032,0,0.2,MHD
9.4788,0,-0.2,MHD
9.3384,0,0,MHD
9.2196,0,0,MHD
9.0576,0,0.1,MHD
9.0288,0,0.3,MHD
9.1296,0,0.1,MHD
9.4212,0.1,3.5,MHD
9.8712,0.1,2,MHD
10.3608,0.1,0.8,MHD
10.9368,0.2,0,MHD
11.4048,0.1,1.7,MHD
11.9268,0.1,0.2,MHD
12.6,0.2,0.5,MHD
13.212,0.2,2,MHD
13.6008,0.1,1,MHD
13.7448,0,-0.1,MHD
13.3992,-0.1,-0.2,MHD
12.762,-0.2,-0.3,MHD
12.0492,-0.2,-0.2,MHD
11.394,-0.2,-0.5,MHD
10.6416,-0.2,-0.3,MHD
10.1088,-0.1,-1.4,MHD
9.5328,-0.2,-0.5,MHD
8.7876,-0.2,-0.5,MHD
8.3916,-0.1,-2.3,MHD
8.2476,0,-0.7,MHD
8.5752,0.1,-1.1,MHD
9.2124,0.2,-1.8,MHD
9.936,0.2,-1.4,MHD
10.71,0.2,-0.4,MHD
11.646,0.3,-0.5,MHD
12.5748,0.3,1.7,MHD
13.464,0.2,0,MHD
14.4828,0.3,0.8,MHD
15.2424,0.2,0.5,MHD
15.8364,0.2,0.9,MHD
15.9588,0,0.6,MHD
16.0092,0,-0.2,MHD
16.11,0,0,MHD
15.984,0,0.1,MHD
15.8292,0,-0.4,MHD
15.6096,-0.1,-0.3,MHD
15.3108,-0.1,-0.1,MHD
15.03,-0.1,2,MHD
14.8356,-0.1,0.8,MHD
14.7744,0,0.5,MHD
14.58,-0.1,1.5,MHD
14.4036,0,2.2,MHD
14.274,0,0.2,MHD
14.2704,0,0,MHD
14.3568,0,-0.2,MHD
14.328,0,0.1,MHD
14.3388,0,-0.4,MHD
14.3928,0,-0.1,MHD
14.5044,0,0.3,MHD
14.5152,0,1.2,MHD
14.8356,0.1,0.4,MHD
15.0372,0.1,0.2,MHD
14.7996,-0.1,0.2,MHD
14.6124,-0.1,0.1,MHD
14.2992,-0.1,0.1,MHD
14.0256,-0.1,-0.2,MHD
13.6908,-0.1,-0.1,MHD
13.3668,-0.1,-0.2,MHD
13.0968,-0.1,0,MHD
12.7584,-0.1,0,MHD
12.6252,0,0,MHD
12.4596,0,-0.2,MHD
12.5172,0,-0.3,MHD
12.4236,0,-0.4,MHD
12.5784,0,-0.2,MHD
12.7224,0,-0.2,MHD
12.924,0.1,-0.3,MHD
13.1292,0.1,-0.4,MHD
13.356,0.1,-0.1,MHD
13.5432,0.1,-0.3,MHD
13.6692,0,-0.4,MHD
13.896,0.1,-0.4,MHD
14.2452,0.1,-1,MHD
14.742,0.1,2.3,MHD
15.12,0.1,-0.9,MHD
15.5196,0.1,-0.8,MHD
15.8544,0.1,-1.4,MHD
16.2252,0.1,-0.8,MHD
16.2936,0,0,MHD
16.4664,0,-0.9,MHD
16.5672,0,1.5,MHD
16.7148,0,0.1,MHD
16.92,0.1,1.1,MHD
17.0244,0,0.2,MHD
16.9596,0,0.2,MHD
16.9308,0,1.1,MHD
16.9452,0,-0.1,MHD
16.8372,0,0.2,MHD
16.9848,0,0.3,MHD
17.1612,0,0.2,MHD
17.3412,0,0.3,MHD
17.4996,0,1,MHD
17.5716,0,0.6,MHD
17.4816,0,0.8,MHD
17.3952,0,0.6,MHD
17.3844,0,0.7,MHD
17.2332,0,0.3,MHD
17.046,-0.1,0.5,MHD
16.6536,-0.1,0.4,MHD
16.1856,-0.1,0.4,MHD
15.858,-0.1,-1.2,MHD
15.5592,-0.1,-0.9,MHD
15.3576,-0.1,0,MHD
15.4404,0,0,MHD
15.7464,0.1,-0.5,MHD
16.0308,0.1,0.3,MHD
16.416,0.1,-0.1,MHD
16.8804,0.1,-0.1,MHD
17.4456,0.2,0,MHD
17.9388,0.1,0,MHD
18.3384,0.1,0.1,MHD
18.6624,0.1,-0.2,MHD
18.918,0.1,0.2,MHD
18.9072,0,0.2,MHD
18.6876,-0.1,-0.1,MHD
18.45,-0.1,0.4,MHD
18.2952,0,-1.9,MHD
18.2052,0,-0.2,MHD
17.9568,-0.1,0,MHD
17.838,0,-0.3,MHD
17.7516,0,-0.2,MHD
17.6076,0,-0.1,MHD
17.3556,-0.1,-0.6,MHD
17.1828,0,-0.2,MHD
17.1,0,-0.3,MHD
16.9092,-0.1,-0.3,MHD
16.5456,-0.1,-0.5,MHD
16.146,-0.1,0.6,MHD
15.6852,-0.1,0.3,MHD
15.1776,-0.1,-0.1,MHD
14.5224,-0.2,-0.2,MHD
13.7628,-0.2,1.2,MHD
13.05,-0.2,-0.2,MHD
12.492,-0.2,-0.1,MHD
11.8728,-0.2,0.2,MHD
11.268,-0.2,0.2,MHD
10.7316,-0.1,0.4,MHD
10.1628,-0.2,0.6,MHD
9.8244,-0.1,0.4,MHD
9.8028,0,0.1,MHD
9.954,0,-0.1,MHD
10.1628,0.1,-2,MHD
10.4688,0.1,-0.5,MHD
10.764,0.1,-1.8,MHD
10.998,0.1,-1,MHD
11.1708,0,-0.6,MHD
11.3544,0.1,-0.2,MHD
11.628,0.1,-1.6,MHD
11.898,0.1,-1,MHD
11.736,0,-1,MHD
11.5524,-0.1,-0.9,MHD
11.502,0,-0.7,MHD
11.4444,0,-0.7,MHD
11.2752,0,-0.7,MHD
11.2248,0,-0.7,MHD
11.3364,0,-0.6,MHD
11.5056,0,-0.4,MHD
11.6028,0,-0.5,MHD
11.6676,0,0,MHD
11.898,0.1,0.8,MHD
12.0492,0,0.1,MHD
12.168,0,-0.2,MHD
12.4128,0.1,0.7,MHD
12.6864,0.1,-0.2,MHD
12.9276,0.1,0,MHD
13.176,0.1,0.5,MHD
13.392,0.1,0.1,MHD
13.6044,0.1,0.1,MHD
13.896,0.1,-0.1,MHD
14.4036,0.1,-0.2,MHD
14.9544,0.2,1.3,MHD
15.6456,0.2,0.2,MHD
16.1928,0.2,0.7,MHD
16.6644,0.1,0.3,MHD
17.1576,0.1,0,MHD
17.514,0.1,-0.7,MHD
17.8992,0.1,-0.6,MHD
18.2988,0.1,-0.2,MHD
18.72,0.1,0,MHD
18.8424,0,0.1,MHD
18.9108,0,0.4,MHD
18.9,0,0.7,MHD
18.7704,0,-0.3,MHD
18.5868,-0.1,0,MHD
18.2304,-0.1,-0.1,MHD
17.9244,-0.1,0,MHD
17.7012,-0.1,0.3,MHD
17.6508,0,2,MHD
17.4636,-0.1,2.6,MHD
17.2584,-0.1,0.1,MHD
17.136,0,0.1,MHD
17.1036,0,0.7,MHD
17.1504,0,1,MHD
17.3808,0.1,0.8,MHD
17.7336,0.1,0.4,MHD
17.946,0.1,0,MHD
17.8344,0,-0.4,MHD
17.424,-0.1,-0.7,MHD
16.974,-0.1,-0.9,MHD
16.578,-0.1,-0.9,MHD
16.2504,-0.1,-0.8,MHD
15.6996,-0.2,-0.4,MHD
15.2568,-0.1,-0.5,MHD
14.7816,-0.1,0.4,MHD
14.1984,-0.2,-0.5,MHD
13.7736,-0.1,-0.8,MHD
13.5612,-0.1,-0.6,MHD
13.6728,0,1.1,MHD
13.8636,0.1,0.6,MHD
14.1768,0.1,0,MHD
14.3568,0,-0.5,MHD
14.634,0.1,0.9,MHD
14.742,0,-0.8,MHD
14.9256,0.1,-0.6,MHD
15.2712,0.1,-0.5,MHD
15.5736,0.1,-1.1,MHD
14.9616,-0.2,-2,MHD
14.1912,-0.2,-1.1,MHD
13.5756,-0.2,-1.5,MHD
13.032,-0.2,-2,MHD
12.5028,-0.1,-1.3,MHD
11.988,-0.1,-1.8,MHD
11.7252,-0.1,-1.4,MHD
11.3688,-0.1,-1.2,MHD
11.0556,-0.1,-1.2,MHD
10.7424,-0.1,-1.2,MHD
11.232,0.1,-1.2,MHD
11.808,0.2,-1,MHD
12.384,0.2,-1.2,MHD
12.7296,0.1,-0.9,MHD
13.0536,0.1,-1,MHD
13.3596,0.1,-0.9,MHD
13.5612,0.1,-1,MHD
13.8168,0.1,-1.2,MHD
14.0832,0.1,-1,MHD
14.2236,0,-0.8,MHD
14.4756,0.1,-1,MHD
14.6484,0,-0.7,MHD
14.5584,0,-0.8,MHD
14.4792,0,-0.4,MHD
14.49,0,-0.5,MHD
14.4972,0,-0.7,MHD
14.5044,0,-0.5,MHD
14.454,0,0.3,MHD
14.3532,0,-0.1,MHD
14.3748,0,0,MHD
14.3784,0,-0.4,MHD
15.3432,0.1,3,MHD
15.7104,0.1,0.5,MHD
16.0092,0.1,0.9,MHD
16.2936,0.1,1,MHD
16.7004,0.1,2.5,MHD
17.1324,0.1,2.5,MHD
17.4888,0.1,2.1,MHD
17.9028,0.1,1.9,MHD
17.9784,0,1.7,MHD
17.9964,0,2.9,MHD
18.072,0,2,MHD
18.0396,0,1.5,MHD
18.0432,0,0.9,MHD
18.0252,0,0.3,MHD
17.8596,0,-0.5,MHD
17.6436,-0.1,0.4,MHD
17.4708,0,-0.5,MHD
17.3268,0,0.1,MHD
17.0784,-0.1,0.2,MHD
16.9956,0,0.3,MHD
16.6896,0,-2,MHD
16.4448,-0.1,-0.4,MHD
16.1532,-0.1,0.3,MHD
15.8544,-0.1,0,MHD
15.462,-0.1,-0.3,MHD
15.0948,-0.1,-1.5,MHD
14.6736,-0.1,-1,MHD
14.4072,-0.1,-0.6,MHD
14.0292,-0.1,-0.9,MHD
13.6188,-0.1,-0.3,MHD
13.0608,-0.2,-1.1,MHD
12.69,-0.1,-0.3,MHD
12.4956,-0.1,-2.3,MHD
12.3192,0,-1,MHD
12.3624,0,-0.5,MHD
12.5532,0.1,-1.6,MHD
12.564,0,-0.9,MHD
12.69,0,-1.3,MHD
12.7476,0,-1.3,MHD
12.7728,0,-1,MHD
12.942,0,1.2,MHD
13.0572,0,-0.4,MHD
12.9276,0,-0.9,MHD
12.8124,0,-1.1,MHD
12.5928,-0.1,0.5,MHD
12.3696,-0.1,2,MHD
12.4488,0,0.5,MHD
12.4236,0,-0.7,MHD
12.384,0,-0.4,MHD
12.456,0,-0.4,MHD
12.762,0.1,-0.1,MHD
13.1436,0.1,0,MHD
13.7196,0.2,0,MHD
14.3568,0.2,1.5,MHD
14.976,0.2,-0.4,MHD
15.6024,0.2,0.2,MHD
16.0956,0.1,-0.2,MHD
16.5564,0.1,0.1,MHD
17.028,0.1,-0.1,MHD
17.3988,0.1,-0.2,MHD
17.622,0.1,0,MHD
17.5428,0,0.3,MHD
17.1252,-0.1,-0.5,MHD
16.7544,-0.1,-0.1,MHD
16.3224,-0.1,-0.1,MHD
15.7716,-0.2,-0.5,MHD
15.0912,-0.2,-0.5,MHD
14.5044,-0.2,-0.3,MHD
13.95,-0.2,0,MHD
13.4748,-0.1,-0.5,MHD
13.1508,-0.1,1,MHD
12.9276,-0.1,1.3,MHD
12.924,0,0.1,MHD
12.9168,0,2.6,MHD
12.9996,0,1.1,MHD
13.0968,0,0,MHD
13.32,0.1,1,MHD
13.41,0,0.1,MHD
13.518,0,0.1,MHD
13.6836,0,0.2,MHD
13.6044,0,0.2,MHD
13.6584,0,0.3,MHD
13.788,0,0.3,MHD
13.9716,0.1,1.3,MHD
14.1192,0,0.5,MHD
14.2488,0,0.5,MHD
14.508,0.1,-0.1,MHD
14.7348,0.1,0.3,MHD
14.724,0,0.1,MHD
14.6664,0,0,MHD
14.616,0,-0.1,MHD
14.5692,0,-0.2,MHD
14.6808,0,0.8,MHD
14.7168,0,0.5,MHD
14.8176,0,0.4,MHD
14.8032,0,0.3,MHD
14.6376,0,0.2,MHD
14.616,0,0.2,MHD
14.7456,0,0.3,MHD
14.8068,0,0.2,MHD
14.9508,0,0.3,MHD
15.0912,0,0.3,MHD
15.0012,0,0.3,MHD
14.8536,0,0.5,MHD
14.6304,-0.1,-1.2,MHD
14.4432,-0.1,0.1,MHD
14.22,-0.1,-0.5,MHD
13.9464,-0.1,-0.8,MHD
13.878,0,-0.2,MHD
13.8096,0,0,MHD
13.8168,0,0.1,MHD
13.8924,0,-0.2,MHD
13.6692,-0.1,-0.2,MHD
13.5,0,-1,MHD
13.4928,0,-1,MHD
13.6332,0,-0.4,MHD
13.7808,0,-0.4,MHD
13.8852,0,-0.2,MHD
13.842,0,-0.1,MHD
13.7916,0,0,MHD
13.4892,-0.1,0.2,MHD
12.906,-0.2,0.1,MHD
12.4056,-0.1,0.5,MHD
11.6604,-0.2,0.4,MHD
10.566,-0.3,-0.1,MHD
9.2952,-0.4,-0.1,MHD
7.9128,-0.4,0,MHD
6.588,-0.4,0,MHD
5.2704,-0.4,0,MHD
4.0932,-0.3,0.7,MHD
3.1032,-0.3,0.1,MHD
2.3184,-0.2,0.3,MHD
1.7532,-0.2,0.2,MHD
0,-0.5,0,MHD
0,0,0,MHD
0,0,0,MHD
0,0,0,MHD
0,0,0,MHD
0,0,0,MHD
0,0,0,MHD
0,0,0,MHD
0,0,0,MHD
0,0,0,MHD
0,0,0,MHD
0,0,0,MHD
0,0,0,MHD
0,0,0,MHD
0,0,0,MHD
0,0,0,MHD
0,0,0,MHD
0,0,0,MHD
0,0,0,MHD
0,0,3.5,MHD
0,0,-0.1,MHD
0,0,0.1,MHD
0,0,0,MHD
0,0,0,MHD
0,0,0,MHD
0,0,0,MHD
0,0,-0.4,MHD
0,0,-0.2,MHD
0,0,-0.1,MHD
0,0,0,MHD
0,0,0,MHD
0,0,0,MHD
0,0,0,MHD
0,0,0,MHD
0,0,0,MHD
0,0,0,MHD
0,0,0,MHD
0,0,0,MHD
0,0,0,MHD
0,0,0,MHD
0,0,0,MHD
0,0,0,MHD
0,0,0,MHD
0,0,0,MHD
0,0,0,MHD
0,0,0,MHD
0,0,0,MHD
0,0,0,MHD
0,0,0,MHD
0,0,0,MHD
0,0,0,MHD
0,0,0,MHD
0,0,0,MHD
0,0,0,MHD
0,0,0,MHD
0,0,0,MHD
0,0,0,MHD
0,0,0,MHD
0,0,0,MHD
0,0,0,MHD
0,0,0,MHD
0,0,0,MHD
0,0,0,MHD
0,0,0,MHD
0,0,0,MHD
0,0,0,MHD
0,0,0,MHD
0,0,0,MHD
0,0,0,MHD
0,0,0,MHD
0,0,0,MHD
0,0,0,MHD
0,0,0,MHD
0,0,0,MHD
0,0,0,MHD
0,0,0,MHD
0,0,0,MHD
0,0,0,MHD
0,0,0,MHD
0,0,0,MHD
0,0,0,MHD
0,0,0,MHD
0,0,0,MHD
0,0,0,MHD
0,0,0,MHD
0,0,0,MHD
0,0,0,MHD
0,0,0,MHD
0,0,0,MHD
0,0,0,MHD
0,0,0,MHD
0,0,0,MHD
0,0,0,MHD
0,0,0,MHD
0,0,0,MHD
0,0,0,MHD
0,0,0,MHD
0,0,0,MHD
0,0,0,MHD
0,0,0,MHD
0,0,0,MHD
0,0,0,MHD
0,0,0,MHD
0,0,0,MHD
0,0,0,MHD
0,0,0,MHD
0,0,0,MHD
0,0,0,MHD
0,0,0,MHD
0,0,0,MHD
0,0,0,MHD
0,0,0,MHD
0,0,0,MHD
0,0,0,MHD
0,0,0,MHD
0,0,0,MHD
0,0,0,MHD
0,0,0,MHD
0,0,0,MHD
0,0,0,MHD
0,0,0,MHD
0,0,0,MHD
0,0,0,MHD
0,0,0,MHD
0,0,0,MHD
0,0,0,MHD
0,0,0,MHD
0,0,0,MHD
0,0,0,MHD
0,0,0,MHD
0,0,0,MHD
0,0,0,MHD
0,0,0,MHD
0,0,0,MHD
0,0,0,MHD
0,0,0,MHD
0,0,0,MHD
0,0,0,MHD
0,0,0,MHD
0,0,0,MHD
0,0,0,MHD
0,0,0,MHD
0,0,0,MHD
0,0,0,MHD
0,0,0,LHD
1.4112,0.4,0,LHD
1.4976,0,0,LHD
0.7992,-0.2,0,LHD
0.774,0,0,LHD
0.2844,-0.1,0,LHD
0.8748,0.2,0,LHD
0.6768,-0.1,0,LHD
1.0908,0.1,0,LHD
0.7056,-0.1,0,LHD
0.4968,-0.1,0,LHD
0.2736,-0.1,0,LHD
0.3996,0,0,LHD
0.468,0,0,LHD
0.8496,0.1,0,LHD
0,-0.2,0,LHD
0.702,0.2,0,LHD
0,-0.2,0.4,LHD
0.8208,0.2,-0.4,LHD
0,-0.2,-0.2,LHD
0,0,-0.2,LHD
0,0,-0.2,LHD
0,0,-0.1,LHD
0,0,0.1,LHD
0,0,-0.1,LHD
0,0,-0.1,LHD
0,0,-0.3,LHD
0,0,-0.2,LHD
0,0,-0.7,LHD
0,0,-0.1,LHD
0,0,0,LHD
0,0,-0.2,LHD
0,0,-0.2,LHD
0,0,-0.4,LHD
0,0,-0.4,LHD
2.1096,0.6,-0.1,LHD
2.034,0,-0.2,LHD
1.9512,0,-0.2,LHD
0,-0.5,-0.4,LHD
0,0,-0.2,LHD
2.1672,0.6,0.3,LHD
2.4048,0.1,0.1,LHD
2.556,0,0.5,LHD
2.7612,0.1,0.3,LHD
3.0816,0.1,0.2,LHD
3.4236,0.1,0.4,LHD
4.0644,0.2,0.2,LHD
0,-1.1,-0.2,LHD
0,0,0,LHD
0,0,-0.1,LHD
7.632,2.1,0,LHD
8.5644,0.3,0,LHD
9.3204,0.2,0,LHD
10.3068,0.3,-0.1,LHD
11.2824,0.3,0.2,LHD
12.3192,0.3,0,LHD
12.8736,0.2,0,LHD
13.4316,0.2,-0.4,LHD
13.9644,0.1,-0.2,LHD
14.4144,0.1,-0.1,LHD
14.9292,0.1,-0.2,LHD
15.3684,0.1,-0.3,LHD
15.8112,0.1,0,LHD
16.1316,0.1,-0.2,LHD
16.4376,0.1,-0.2,LHD
16.6032,0,0.1,LHD
16.8516,0.1,0,LHD
17.2548,0.1,0.1,LHD
17.6508,0.1,0.3,LHD
18.1872,0.1,0.4,LHD
18.5508,0.1,-0.4,LHD
19.026,0.1,-0.3,LHD
19.4976,0.1,0.1,LHD
19.9836,0.1,-0.1,LHD
20.1564,0,-0.2,LHD
20.16,0,0.1,LHD
19.9872,0,0.2,LHD
19.5012,-0.1,0,LHD
18.918,-0.2,-0.1,LHD
18.4212,-0.1,-0.2,LHD
18.1584,-0.1,-0.4,LHD
17.8776,-0.1,1.1,LHD
17.7552,0,0.2,LHD
17.748,0,0.1,LHD
18.0972,0.1,1,LHD
18.738,0.2,1.2,LHD
19.5516,0.2,0.5,LHD
20.4444,0.2,0.9,LHD
21.312,0.2,0.2,LHD
21.8556,0.2,0.2,LHD
22.356,0.1,-0.7,LHD
22.8132,0.1,-0.1,LHD
23.652,0.2,-0.1,LHD
24.318,0.2,-0.2,LHD
28.1484,1.1,-0.1,LHD
30.9384,0.8,-0.3,LHD
30.978,0,0,LHD
30.6396,-0.1,-0.7,LHD
28.9404,-0.5,-1.7,LHD
27.7812,-0.3,-0.5,LHD
26.4636,-0.4,0,LHD
26.5104,0,-0.3,LHD
25.3692,-0.3,-0.1,LHD
23.3352,-0.6,-0.3,LHD
23.3496,0,-0.4,LHD
22.7016,-0.2,-2.5,LHD
23.4648,0.2,0.9,LHD
19.4904,-1.1,-1.5,LHD
17.2368,-0.6,0,LHD
16.9344,-0.1,1.2,LHD
12.6468,-1.2,0.1,LHD
15.3864,0.8,-0.4,LHD
16.0308,0.2,0.8,LHD
17.9712,0.5,0.1,LHD
18.1044,0,0.2,LHD
18.234,0,0,LHD
19.1916,0.3,-0.6,LHD
20.9268,0.5,-1.6,LHD
21.5532,0.2,-0.3,LHD
22.77,0.3,-2,LHD
22.7484,0,-0.6,LHD
22.3992,-0.1,-0.1,LHD
23.9508,0.4,-0.7,LHD
23.2848,-0.2,0.1,LHD
23.8536,0.2,0.2,LHD
24.516,0.2,0.9,LHD
23.9976,-0.1,0.9,LHD
24.642,0.2,0.8,LHD
24.7572,0,0.9,LHD
25.3584,0.2,1.3,LHD
26.46,0.3,1.6,LHD
24.75,-0.5,1.1,LHD
23.3352,-0.4,1.2,LHD
23.0112,-0.1,0.6,LHD
24.1236,0.3,0.5,LHD
27.6012,1,-0.5,LHD
28.7352,0.3,-0.6,LHD
30.546,0.5,0,LHD
28.8684,-0.5,-0.7,LHD
27.342,-0.4,0.6,LHD
27.3384,0,-0.1,LHD
24.9264,-0.7,0,LHD
22.14,-0.8,0,LHD
20.5848,-0.4,-0.1,LHD
16.488,-1.1,-0.1,LHD
16.3656,0,-1.3,LHD
15.8796,-0.1,-0.6,LHD
17.9568,0.6,-0.4,LHD
21.3876,1,-0.3,LHD
21.3588,0,-0.3,LHD
21.7584,0.1,-0.8,LHD
22.608,0.2,0.1,LHD
23.2416,0.2,-1.1,LHD
22.0572,-0.3,-0.9,LHD
21.4056,-0.2,0.3,LHD
21.3768,0,-0.3,LHD
22.9212,0.4,0.4,LHD
24.7788,0.5,0.1,LHD
22.5612,-0.6,3.8,LHD
23.7672,0.3,2,LHD
22.2408,-0.4,0.8,LHD
20.9088,-0.4,0.8,LHD
18.1512,-0.8,-0.5,LHD
13.914,-1.2,0.1,LHD
15.8724,0.5,-0.8,LHD
15.9768,0,-1,LHD
18.36,0.7,0.6,LHD
20.8584,0.7,-2.2,LHD
20.754,0,-1.2,LHD
21.6144,0.2,0.5,LHD
21.9132,0.1,0.2,LHD
18.6804,-0.9,0.2,LHD
22.5504,1.1,0.3,LHD
21.852,-0.2,0.5,LHD
21.7512,0,-0.9,LHD
22.0536,0.1,-0.2,LHD
21.5424,-0.1,-0.4,LHD
22.446,0.3,-0.1,LHD
21.51,-0.3,0.3,LHD
22.1112,0.2,0.5,LHD
23.7636,0.5,1.1,LHD
23.112,-0.2,0.9,LHD
23.6052,0.1,1.5,LHD
25.272,0.5,1.9,LHD
28.6812,0.9,0,LHD
28.2888,-0.1,0.3,LHD
27.936,-0.1,0.6,LHD
27.9864,0,0.3,LHD
25.5384,-0.7,-0.1,LHD
25.4124,0,-0.1,LHD
23.0112,-0.7,-0.2,LHD
21.096,-0.5,-0.2,LHD
20.4624,-0.2,-0.6,LHD
21.3084,0.2,-0.4,LHD
21.294,0,-0.5,LHD
21.3156,0,-1.3,LHD
23.5116,0.6,-1.2,LHD
22.986,-0.1,-0.6,LHD
23.7852,0.2,-0.5,LHD
26.3952,0.7,-0.2,LHD
25.6968,-0.2,-0.7,LHD
26.1072,0.1,-0.3,LHD
27.2196,0.3,-0.1,LHD
27.9432,0.2,-0.3,LHD
25.668,-0.6,-0.6,LHD
25.6032,0,-0.9,LHD
25.956,0.1,-0.6,LHD
24.444,-0.4,-0.3,LHD
24.9516,0.1,-0.1,LHD
27.1656,0.6,-0.5,LHD
28.152,0.3,0.9,LHD
26.2332,-0.5,0,LHD
26.2152,0,0.9,LHD
24.642,-0.4,0.2,LHD
26.388,0.5,-0.3,LHD
27.7776,0.4,-0.2,LHD
25.3944,-0.7,-0.4,LHD
24.3612,-0.3,-1,LHD
24.3504,0,0.1,LHD
25.3584,0.3,0.2,LHD
27.4176,0.6,0.5,LHD
27.5544,0,0.7,LHD
27.2592,-0.1,0.7,LHD
27.8496,0.2,1.8,LHD
29.8656,0.6,-0.2,LHD
27.7848,-0.6,-0.3,LHD
27.4428,-0.1,0,LHD
23.994,-1,-0.2,LHD
19.836,-1.2,-0.3,LHD
18.0252,-0.5,-0.3,LHD
16.0704,-0.5,-0.5,LHD
16.9956,0.3,-0.2,LHD
17.8668,0.2,0.6,LHD
20.52,0.7,0,LHD
21.798,0.4,1,LHD
23.1624,0.4,0.3,LHD
22.2084,-0.3,0.4,LHD
23.6196,0.4,-0.3,LHD
25.9956,0.7,-1.1,LHD
27.9864,0.6,-0.7,LHD
27.2052,-0.2,-0.5,LHD
28.4868,0.4,-0.2,LHD
29.7612,0.4,0,LHD
29.196,-0.2,-0.1,LHD
29.8476,0.2,0.4,LHD
30.5424,0.2,-0.5,LHD
30.9492,0.1,-0.2,LHD
32.2272,0.4,-0.8,LHD
33.5736,0.4,-0.1,LHD
32.4432,-0.3,-0.3,LHD
31.9644,-0.1,-0.3,LHD
32.8896,0.3,-0.2,LHD
32.9436,0,0.4,LHD
33.8508,0.3,0.8,LHD
34.848,0.3,1,LHD
37.0404,0.6,1.1,LHD
36.9792,0,0,LHD
37.2816,0.1,0.1,LHD
36.2448,-0.3,0.2,LHD
35.298,-0.3,-0.1,LHD
37.566,0.6,0.1,LHD
37.098,-0.1,-0.5,LHD
36.4392,-0.2,-0.2,LHD
34.0416,-0.7,-0.7,LHD
34.5276,0.1,0,LHD
33.156,-0.4,-0.5,LHD
33.282,0,-0.4,LHD
32.8068,-0.1,-0.2,LHD
32.9328,0,-0.6,LHD
32.4216,-0.1,-0.3,LHD
33.192,0.2,-0.2,LHD
30.6756,-0.7,0,LHD
30.2976,-0.1,1.3,LHD
29.9052,-0.1,-0.3,LHD
28.8648,-0.3,0.9,LHD
27.7272,-0.3,0.3,LHD
21.6504,-1.7,-0.3,LHD
19.7316,-0.5,0.2,LHD
18.2592,-0.4,-0.2,LHD
19.4328,0.3,2.7,LHD
19.5012,0,0.3,LHD
18.7956,-0.2,-0.2,LHD
18.3096,-0.1,0.5,LHD
16.9452,-0.4,-0.3,LHD
16.83,0,0.3,LHD
16.2792,-0.2,0.5,LHD
14.67,-0.4,0.3,LHD
16.7508,0.6,0.8,LHD
19.4508,0.8,0.2,LHD
20.9052,0.4,0.6,LHD
22.1328,0.3,0.3,LHD
23.0688,0.3,0.6,LHD
25.5528,0.7,1.3,LHD
27.6012,0.6,0.6,LHD
28.1736,0.2,0.3,LHD
30.2724,0.6,0.1,LHD
30.8016,0.1,0.3,LHD
32.3316,0.4,0,LHD
31.9716,-0.1,0.4,LHD
31.1832,-0.2,-0.3,LHD
31.1724,0,-0.7,LHD
30.2796,-0.2,-0.1,LHD
30.2328,0,0.1,LHD
31.0212,0.2,-1.1,LHD
33.3504,0.6,-0.4,LHD
33.354,0,-1.6,LHD
34.4124,0.3,-0.7,LHD
34.0488,-0.1,0,LHD
31.5864,-0.7,-0.7,LHD
32.4108,0.2,-0.5,LHD
30.8196,-0.4,0.7,LHD
26.9928,-1.1,0.4,LHD
23.4324,-1,-0.6,LHD
22.4748,-0.3,0.1,LHD
20.9196,-0.4,0.1,LHD
20.8188,0,-0.6,LHD
22.3524,0.4,-0.6,LHD
25.7364,0.9,-0.3,LHD
28.1484,0.7,0.1,LHD
28.7424,0.2,-0.1,LHD
30.8628,0.6,-0.5,LHD
30.9348,0,-0.2,LHD
30.3912,-0.2,-0.2,LHD
31.8924,0.4,-0.4,LHD
32.6844,0.2,-0.6,LHD
30.7224,-0.5,0,LHD
32.6376,0.5,0.1,LHD
32.6412,0,-0.3,LHD
31.0572,-0.4,0.1,LHD
32.4468,0.4,-0.1,LHD
34.3872,0.5,-0.2,LHD
34.9848,0.2,-0.4,LHD
36.2736,0.4,-0.5,LHD
37.458,0.3,-0.5,LHD
38.3112,0.2,-0.4,LHD
37.7028,-0.2,-1.1,LHD
38.628,0.3,-0.5,LHD
38.7,0,-0.7,LHD
39.4092,0.2,-0.4,LHD
39.3732,0,-0.9,LHD
37.1988,-0.6,-1.4,LHD
33.7428,-1,-1.4,LHD
30.978,-0.8,0.2,LHD
26.0568,-1.4,1.6,LHD
23.0616,-0.8,2.9,LHD
19.5408,-1,0,LHD
18.2304,-0.4,0.3,LHD
19.332,0.3,0.5,LHD
19.9872,0.2,1,LHD
21.8232,0.5,-0.6,LHD
25.4124,1,0.5,LHD
27.4896,0.6,0.1,LHD
27.3672,0,-0.9,LHD
27.3384,0,-1,LHD
28.0584,0.2,-1.1,LHD
29.2104,0.3,-1.4,LHD
28.3788,-0.2,-2,LHD
25.4376,-0.8,-1.9,LHD
23.7996,-0.5,-0.9,LHD
25.074,0.4,-0.6,LHD
26.3016,0.3,-0.8,LHD
25.9488,-0.1,-0.3,LHD
28.5336,0.7,-0.6,LHD
28.9656,0.1,-0.4,LHD
29.9556,0.3,-0.9,LHD
30.0564,0,-0.8,LHD
31.2336,0.3,-0.8,LHD
27.6408,-1,-0.7,LHD
25.9956,-0.5,-0.8,LHD
23.3748,-0.7,1.8,LHD
20.1636,-0.9,1.5,LHD
16.0992,-1.1,0.7,LHD
12.1032,-1.1,-0.7,LHD
9.7416,-0.7,-0.4,LHD
8.7372,-0.3,-0.4,LHD
10.7676,0.6,-0.4,LHD
9.648,-0.3,-0.3,LHD
11.0304,0.4,-0.6,LHD
11.7756,0.2,-0.4,LHD
14.9976,0.9,-0.2,LHD
18.2124,0.9,-0.4,LHD
20.1132,0.5,-0.5,LHD
21.5172,0.4,-0.6,LHD
23.9976,0.7,-0.5,LHD
24.0624,0,-0.5,LHD
24.57,0.1,-0.2,LHD
25.002,0.1,-0.2,LHD
24.93,0,-0.2,LHD
26.352,0.4,-0.5,LHD
26.82,0.1,-0.9,LHD
27.1296,0.1,-0.7,LHD
28.8972,0.5,-0.4,LHD
26.532,-0.7,3.3,LHD
26.4168,0,2.7,LHD
27.3672,0.3,0.1,LHD
28.2744,0.3,2.8,LHD
27.8928,-0.1,0,LHD
29.2068,0.4,0.5,LHD
26.604,-0.7,0.4,LHD
26.5068,0,0.7,LHD
27.8136,0.4,1.2,LHD
28.8396,0.3,2.6,LHD
28.7316,0,1,LHD
30.168,0.4,1.1,LHD
30.7512,0.2,0.3,LHD
30.7008,0,0.2,LHD
30.5748,0,0.1,LHD
31.716,0.3,-0.1,LHD
32.1876,0.1,-0.3,LHD
33.3036,0.3,-1.5,LHD
34.2468,0.3,-0.4,LHD
32.9184,-0.4,0.8,LHD
34.5204,0.4,0.2,LHD
32.9328,-0.4,0.5,LHD
33.7068,0.2,0.7,LHD
34.9236,0.3,-0.5,LHD
36.2052,0.4,0.6,LHD
35.3808,-0.2,-0.7,LHD
37.3716,0.6,1.8,LHD
37.9008,0.1,-0.6,LHD
35.5608,-0.7,-0.3,LHD
32.7456,-0.8,-0.5,LHD
28.53,-1.2,-0.1,LHD
25.6068,-0.8,-0.8,LHD
22.7448,-0.8,0.1,LHD
18.6156,-1.1,1.9,LHD
15.8616,-0.8,-0.1,LHD
17.766,0.5,0.5,LHD
18.7992,0.3,0.1,LHD
21.1932,0.7,-0.8,LHD
22.4748,0.4,-0.2,LHD
22.8348,0.1,-0.1,LHD
24.3684,0.4,0.3,LHD
27.2916,0.8,0.8,LHD
26.8236,-0.1,0.7,LHD
27.5724,0.2,0.6,LHD
29.1816,0.4,0.7,LHD
29.1348,0,-0.1,LHD
29.9088,0.2,0.5,LHD
29.0628,-0.2,0.1,LHD
25.2252,-1.1,-0.3,LHD
21.8772,-0.9,0.1,LHD
20.538,-0.4,-1,LHD
21.1032,0.2,-0.7,LHD
20.448,-0.2,0.2,LHD
21.3228,0.2,0.8,LHD
21.618,0.1,0.3,LHD
24.1488,0.7,0.2,LHD
25.596,0.4,0.2,LHD
26.8668,0.4,0.5,LHD
27.5724,0.2,0.4,LHD
29.6352,0.6,-0.3,LHD
29.6208,0,-0.7,LHD
28.6884,-0.3,0,LHD
25.8012,-0.8,-0.5,LHD
24.5052,-0.4,-0.5,LHD
23.148,-0.4,-0.4,LHD
19.638,-1,-0.1,LHD
16.7256,-0.8,0.1,LHD
16.7112,0,0.3,LHD
16.6248,0,0,LHD
19.4472,0.8,0,LHD
20.1276,0.2,0.3,LHD
22.4604,0.6,-0.1,LHD
24.912,0.7,0.3,LHD
26.964,0.6,0.4,LHD
26.37,-0.2,1.3,LHD
26.928,0.2,1.3,LHD
24.5088,-0.7,0.1,LHD
26.1252,0.4,0.1,LHD
26.6112,0.1,0.1,LHD
27.4212,0.2,-0.5,LHD
26.3844,-0.3,-1.4,LHD
26.0928,-0.1,-0.8,LHD
25.002,-0.3,-0.6,LHD
24.6816,-0.1,-0.6,LHD
22.0644,-0.7,-0.6,LHD
19.7712,-0.6,-1.2,LHD
18.1332,-0.5,-0.2,LHD
17.7876,-0.1,-1.1,LHD
19.8828,0.6,0,LHD
20.592,0.2,-0.5,LHD
22.464,0.5,-0.6,LHD
22.4856,0,-0.5,LHD
23.5764,0.3,-0.3,LHD
23.2092,-0.1,-0.3,LHD
21.3552,-0.5,-0.1,LHD
21.8412,0.1,-0.4,LHD
23.8212,0.6,-0.2,LHD
22.3632,-0.4,-0.4,LHD
26.1108,1,0.6,LHD
29.5632,1,-0.3,LHD
30.3156,0.2,-0.1,LHD
33.0912,0.8,-0.2,LHD
35.3376,0.6,-0.3,LHD
34.794,-0.2,-0.1,LHD
31.8132,-0.8,-0.6,LHD
30.8232,-0.3,-0.4,LHD
30.3048,-0.1,-0.1,LHD
27.2772,-0.8,-0.1,LHD
23.2704,-1.1,0.4,LHD
19.6632,-1,-0.1,LHD
17.154,-0.7,0.3,LHD
18.144,0.3,0,LHD
18.6732,0.1,-0.4,LHD
21.168,0.7,-0.4,LHD
22.7124,0.4,-0.3,LHD
22.032,-0.2,-0.3,LHD
20.2932,-0.5,-0.2,LHD
14.8824,-1.5,-0.6,LHD
13.7088,-0.3,-0.3,LHD
10.6596,-0.8,-0.2,LHD
9.3816,-0.4,-0.3,LHD
11.1816,0.5,-0.2,LHD
13.8348,0.7,1.6,LHD
14.5332,0.2,-0.2,LHD
17.1036,0.7,-0.8,LHD
16.5492,-0.2,2,LHD
15.4368,-0.3,-0.2,LHD
15.0228,-0.1,-0.4,LHD
18.3744,0.9,-0.4,LHD
20.232,0.5,-0.4,LHD
21.852,0.5,0.2,LHD
22.6368,0.2,2.2,LHD
22.104,-0.1,3.6,LHD
23.8608,0.5,2.5,LHD
26.6544,0.8,1.9,LHD
27.6948,0.3,2.4,LHD
27.6768,0,1.4,LHD
28.62,0.3,1.3,LHD
27.6012,-0.3,0,LHD
28.998,0.4,0.4,LHD
28.9224,0,0.4,LHD
28.9836,0,-0.1,LHD
28.5264,-0.1,0,LHD
27.8064,-0.2,-0.1,LHD
27.324,-0.1,0.4,LHD
27.7308,0.1,0.6,LHD
27.3888,-0.1,0.2,LHD
28.1556,0.2,0.7,LHD
26.0532,-0.6,0.9,LHD
21.0852,-1.4,-0.1,LHD
17.496,-1,0,LHD
15.3396,-0.6,-0.4,LHD
14.0112,-0.4,0.1,LHD
14.9256,0.3,0,LHD
14.472,-0.1,-0.2,LHD
13.1976,-0.4,-1.2,LHD
15.3936,0.6,-0.4,LHD
16.0092,0.2,-1.9,LHD
14.4684,-0.4,-0.4,LHD
11.9088,-0.7,-0.5,LHD
9.3996,-0.7,0.5,LHD
9.2628,0,0.7,LHD
9.7704,0.1,-0.1,LHD
11.4408,0.5,0.1,LHD
12.9456,0.4,0,LHD
12.8484,0,0.5,LHD
12.2724,-0.2,0.1,LHD
12.564,0.1,0.1,LHD
10.8324,-0.5,-0.4,LHD
12.3084,0.4,-0.9,LHD
14.04,0.5,-0.2,LHD
16.1424,0.6,0.8,LHD
17.3268,0.3,0.7,LHD
20.3508,0.8,0.4,LHD
20.9844,0.2,0.6,LHD
20.988,0,0.6,LHD
21.456,0.1,0.9,LHD
24.0984,0.7,0.5,LHD
25.1352,0.3,0.5,LHD
26.0388,0.3,0.2,LHD
29.376,0.9,0,LHD
29.412,0,-0.5,LHD
28.1376,-0.4,-0.9,LHD
29.0052,0.2,-1.1,LHD
27.918,-0.3,0,LHD
26.2512,-0.5,0.3,LHD
26.1972,0,0.5,LHD
21.78,-1.2,-1,LHD
20.43,-0.4,-0.8,LHD
18.774,-0.5,-0.1,LHD
16.1568,-0.7,0.2,LHD
15.5988,-0.2,0.1,LHD
12.654,-0.8,-0.1,LHD
12.654,0,-0.4,LHD
15.7824,0.9,-0.6,LHD
17.0748,0.4,-0.2,LHD
18.6192,0.4,-0.3,LHD
19.2672,0.2,-0.4,LHD
21.6504,0.7,0.1,LHD
21.6432,0,0,LHD
19.332,-0.6,0,LHD
17.6436,-0.5,0,LHD
17.7192,0,-0.4,LHD
16.1532,-0.4,-0.3,LHD
17.2368,0.3,0,LHD
16.8552,-0.1,0.3,LHD
19.2672,0.7,0.5,LHD
20.8224,0.4,1.2,LHD
24.7356,1.1,0.7,LHD
24.7212,0,0.5,LHD
26.586,0.5,-0.4,LHD
29.034,0.7,-0.2,LHD
30.3336,0.4,-0.1,LHD
30.24,0,0.1,LHD
29.9196,-0.1,-0.4,LHD
29.8224,0,-0.1,LHD
26.7948,-0.8,0,LHD
23.8032,-0.8,-0.1,LHD
22.6836,-0.3,0.2,LHD
20.3796,-0.6,0.1,LHD
17.5608,-0.8,-1.2,LHD
17.4492,0,-0.2,LHD
19.224,0.5,0.2,LHD
19.8108,0.2,0,LHD
21.7512,0.5,-0.1,LHD
18.7056,-0.8,0,LHD
19.3752,0.2,-0.3,LHD
20.3292,0.3,-0.4,LHD
20.394,0,-0.4,LHD
19.908,-0.1,-0.2,LHD
19.962,0,0.1,LHD
19.0656,-0.2,0.4,LHD
17.5896,-0.4,0.4,LHD
17.28,-0.1,1.5,LHD
18.4212,0.3,0,LHD
20.376,0.5,0.2,LHD
21.402,0.3,0.1,LHD
21.0384,-0.1,0.3,LHD
21.1608,0,0.2,LHD
21.2832,0,0,LHD
18.27,-0.8,0.3,LHD
16.1064,-0.6,0.1,LHD
17.244,0.3,-0.1,LHD
15.498,-0.5,-0.1,LHD
15.4476,0,-0.1,LHD
13.68,-0.5,0.5,LHD
13.8168,0,0.5,LHD
13.8924,0,0.5,LHD
14.9976,0.3,0.4,LHD
17.0388,0.6,-0.1,LHD
20.8872,1.1,0.1,LHD
19.9872,-0.3,0.1,LHD
21.0204,0.3,0.4,LHD
19.584,-0.4,0.4,LHD
16.9812,-0.7,-0.2,LHD
18.5184,0.4,0,LHD
21.0168,0.7,-0.4,LHD
20.052,-0.3,0,LHD
22.8456,0.8,-0.8,LHD
22.8276,0,0.1,LHD
24.444,0.4,-0.3,LHD
26.1972,0.5,1.3,LHD
25.182,-0.3,0.9,LHD
26.6868,0.4,0.2,LHD
26.154,-0.1,0.7,LHD
28.1448,0.6,1.1,LHD
27.7884,-0.1,0.4,LHD
27.0288,-0.2,-0.8,LHD
25.7076,-0.4,-0.6,LHD
25.6428,0,-1.4,LHD
23.7132,-0.5,-0.8,LHD
23.8284,0,-1.1,LHD
24.822,0.3,-0.2,LHD
24.3756,-0.1,0.1,LHD
24.462,0,0.8,LHD
24.8148,0.1,0.1,LHD
21.3948,-1,-0.4,LHD
19.7856,-0.4,0.4,LHD
16.2792,-1,-0.2,LHD
16.7544,0.1,0.2,LHD
16.1172,-0.2,-0.1,LHD
17.2008,0.3,-0.3,LHD
18.5904,0.4,-0.1,LHD
20.2896,0.5,-0.3,LHD
23.4756,0.9,-1.1,LHD
23.814,0.1,-0.7,LHD
25.4736,0.5,0.3,LHD
27.5148,0.6,-0.2,LHD
26.64,-0.2,-0.3,LHD
27.2016,0.2,-0.2,LHD
28.9476,0.5,0.1,LHD
27.846,-0.3,0,LHD
29.034,0.3,0,LHD
29.9232,0.2,-0.1,LHD
29.3292,-0.2,0,LHD
30.384,0.3,-0.4,LHD
29.9376,-0.1,-0.4,LHD
30.5676,0.2,-0.4,LHD
30.5352,0,-0.3,LHD
32.2596,0.5,0,LHD
32.832,0.2,-0.5,LHD
32.8104,0,-0.4,LHD
32.9076,0,-0.2,LHD
33.0336,0,-0.1,LHD
33.8256,0.2,0.1,LHD
31.3236,-0.7,0.4,LHD
30.1968,-0.3,-0.8,LHD
27.1548,-0.8,-0.8,LHD
24.03,-0.9,0,LHD
20.4048,-1,-1,LHD
17.7048,-0.8,0,LHD
17.2152,-0.1,-0.2,LHD
16.0056,-0.3,-0.1,LHD
17.4888,0.4,-0.1,LHD
18.972,0.4,-0.9,LHD
18.8784,0,-1,LHD
22.0644,0.9,-0.6,LHD
23.6592,0.4,-0.4,LHD
23.256,-0.1,0,LHD
23.7564,0.1,0,LHD
24.4116,0.2,0.1,LHD
0,0,0,LHD
0,0,0,LHD
0,0,0,LHD
0,0,0,LHD
0,0,0,LHD
0,0,0,LHD
0,0,0,LHD
0,0,2.3,LHD
0,0,1.3,LHD
0,0,1.2,LHD
0,0,0.4,LHD
0,0,0.1,LHD
0,0,-0.1,LHD
0,0,0.1,LHD
0,0,0.3,LHD
0,0,-1.1,LHD
0,0,-1.6,LHD
0.9648,0.3,-1.4,LHD
1.0764,0,-0.4,LHD
1.188,0,-0.7,LHD
1.422,0.1,-0.1,LHD
1.638,0.1,0.1,LHD
1.692,0,-0.4,LHD
1.8504,0,-0.6,LHD
1.8648,0,-1,LHD
1.9476,0,-0.8,LHD
1.9584,0,-0.4,LHD
1.9476,0,0.7,LHD
1.8936,0,0.2,LHD
1.8792,0,0.1,LHD
1.7424,0,-0.2,LHD
1.5552,-0.1,-0.4,LHD
1.5624,0,-0.1,LHD
1.4976,0,0.3,LHD
1.656,0,0.1,LHD
1.7568,0,-0.2,LHD
1.8792,0,-0.1,LHD
1.98,0,0.5,LHD
2.1276,0,0.1,LHD
2.2428,0,1.2,LHD
2.3904,0,1.3,LHD
2.5668,0,0.5,LHD
2.7792,0.1,0.5,LHD
2.8944,0,0.1,LHD
2.8296,0,1,LHD
2.7216,0,0.3,LHD
2.5488,0,-0.1,LHD
2.4156,0,0,LHD
2.1996,-0.1,0.4,LHD
2.034,0,0.4,LHD
1.8864,0,0.1,LHD
1.6884,-0.1,-0.4,LHD
1.4436,-0.1,-0.2,LHD
0,-0.4,-0.6,LHD
0,0,-1.1,LHD
0,0,-0.3,LHD
0,0,-0.1,LHD
1.2348,0.3,0.7,LHD
1.3788,0,0.5,LHD
0,-0.4,0.5,LHD
0,0,0.4,LHD
0,0,0,LHD
2.0412,0.6,-0.1,LHD
2.3004,0.1,0.3,LHD
2.6136,0.1,-0.1,LHD
2.8908,0.1,0.3,LHD
3.0132,0,0.5,LHD
3.168,0,0.3,LHD
3.3408,0,0.6,LHD
3.5028,0,0.2,LHD
3.6,0,0.4,LHD
3.7836,0.1,0.1,LHD
3.9888,0.1,0.7,LHD
4.302,0.1,-0.1,LHD
4.7664,0.1,-0.4,LHD
5.4,0.2,0.6,LHD
6.1092,0.2,-0.9,LHD
6.84,0.2,-0.9,LHD
7.6932,0.2,0.1,LHD
8.5608,0.2,0,LHD
9.6012,0.3,-0.5,LHD
10.692,0.3,-1.2,LHD
11.808,0.3,-0.8,LHD
12.654,0.2,-0.3,LHD
13.4208,0.2,-0.2,LHD
13.5972,0,-0.6,LHD
13.9104,0.1,-0.7,LHD
14.472,0.2,0,LHD
14.8896,0.1,0,LHD
15.1452,0.1,-0.2,LHD
14.9688,0,0,LHD
12.582,-0.2,0,LHD
0,0,0,LHD
12.8844,0.1,0,LHD
13.3488,0.1,0,LHD
13.4172,0,0,LHD
13.8348,0.1,0,LHD
14.9364,0.3,-0.3,LHD
15.7428,0.2,0,LHD
16.2,0.1,0,LHD
16.452,0.1,0,LHD
16.6644,0.1,0,LHD
16.4088,-0.1,0,LHD
16.002,-0.1,0.4,LHD
15.6312,-0.1,0,LHD
16.1532,0.1,0,LHD
16.794,0.2,0,LHD
17.3304,0.1,0.7,LHD
17.8812,0.2,0,LHD
18.972,0.3,0,LHD
20.1636,0.3,0.2,LHD
21.1392,0.3,0,LHD
21.8988,0.2,0,LHD
22.6044,0.2,-1,LHD
22.9284,0.1,0,LHD
22.7736,0,0,LHD
22.4208,-0.1,1,LHD
22.4784,0,0,LHD
22.806,0.1,0,LHD
23.004,0.1,-0.1,LHD
23.2884,0.1,0,LHD
23.8572,0.2,0,LHD
24.4188,0.2,-0.8,LHD
24.8688,0.1,0,LHD
25.326,0.1,0,LHD
26.1504,0.2,1.1,LHD
27.0972,0.3,0,LHD
27.3816,0.1,0,LHD
27.2844,0,0.6,LHD
26.9172,-0.1,0,LHD
26.3088,-0.2,0,LHD
25.4484,-0.2,0,LHD
24.3972,-0.3,-0.2,LHD
23.5584,-0.2,0,LHD
22.6584,-0.3,0,LHD
21.5136,-0.3,-0.4,LHD
20.2896,-0.3,0,LHD
19.4832,-0.2,0,LHD
19.0332,-0.1,-0.7,LHD
18.8676,0,0,LHD
18.7128,0,0,LHD
18.6516,0,-0.7,LHD
18.8892,0.1,0,LHD
19.026,0,0,LHD
19.3644,0.1,0.7,LHD
19.6056,0.1,0,LHD
20.0808,0.1,0,LHD
20.8152,0.2,1.4,LHD
21.3084,0.1,0,LHD
22.0536,0.2,0,LHD
28.476,1.8,-0.7,LHD
27.0936,-0.4,0,LHD
28.6308,0.4,0,LHD
27.8532,-0.2,0,LHD
28.6452,0.2,-1.2,LHD
27.8496,-0.2,0,LHD
25.506,-0.7,0,LHD
24.0948,-0.4,0.8,LHD
26.82,0.8,0,LHD
25.29,-0.4,0,LHD
25.6824,0.1,1.2,LHD
24.9264,-0.2,0,LHD
22.3992,-0.7,0,LHD
22.3056,0,-0.4,LHD
20.2536,-0.6,0,LHD
18.9756,-0.4,0,LHD
14.364,-1.3,-0.7,LHD
12.5676,-0.5,0,LHD
13.7016,0.3,0,LHD
13.7772,0,-0.4,LHD
14.5692,0.2,0,LHD
14.5728,0,0,LHD
16.1316,0.4,-0.3,LHD
18.0648,0.5,0,LHD
20.8764,0.8,0,LHD
20.4408,-0.1,0,LHD
20.7936,0.1,-0.3,LHD
17.5788,-0.9,0,LHD
16.2828,-0.4,0,LHD
15.0084,-0.4,-0.3,LHD
16.7364,0.5,0,LHD
17.6868,0.3,0,LHD
18.1548,0.1,0,LHD
19.6308,0.4,0,LHD
19.6812,0,0,LHD
18.7416,-0.3,1.2,LHD
16.1064,-0.7,0,LHD
15.966,0,0,LHD
13.4856,-0.7,0.6,LHD
15.5196,0.6,0,LHD
17.0424,0.4,0,LHD
17.0424,0,-1.2,LHD
19.6308,0.7,0,LHD
18.9288,-0.2,0,LHD
20.9808,0.6,0,LHD
21.6072,0.2,0.3,LHD
23.5476,0.5,0,LHD
23.1408,-0.1,0,LHD
24.4044,0.4,0,LHD
23.778,-0.2,0,LHD
26.298,0.7,0,LHD
24.3864,-0.5,-0.1,LHD
26.37,0.6,0,LHD
24.7896,-0.4,0,LHD
24.6492,0,0.9,LHD
20.4588,-1.2,0,LHD
17.3088,-0.9,0,LHD
15.7356,-0.4,-0.5,LHD
15.7392,0,0,LHD
13.3848,-0.7,0,LHD
16.0092,0.7,-0.6,LHD
16.6392,0.2,0,LHD
16.5384,0,0,LHD
19.0872,0.7,0,LHD
19.4796,0.1,0,LHD
21.0564,0.4,0,LHD
19.998,-0.3,0.4,LHD
20.0376,0,0,LHD
17.5608,-0.7,0,LHD
13.5684,-1.1,0.4,LHD
11.8548,-0.5,0,LHD
11.988,0,0,LHD
14.2596,0.6,0,LHD
17.4672,0.9,-0.7,LHD
19.6956,0.6,0,LHD
18.5544,-0.3,0,LHD
20.5848,0.6,-0.3,LHD
21.7692,0.3,0,LHD
23.4,0.5,0,LHD
24.9732,0.4,1.3,LHD
23.778,-0.3,0,LHD
23.7672,0,0,LHD
24.3144,0.2,-0.5,LHD
25.9056,0.4,0,LHD
25.794,0,0,LHD
27.2844,0.4,-0.5,LHD
27.2772,0,0,LHD
27.2016,0,0,LHD
29.0376,0.5,1.3,LHD
27.2448,-0.5,0,LHD
25.956,-0.4,0,LHD
27.3492,0.4,-0.3,LHD
27.396,0,0,LHD
26.7732,-0.2,0,LHD
24.9516,-0.5,0,LHD
21.8448,-0.9,-0.7,LHD
19.3212,-0.7,0,LHD
16.9884,-0.6,0,LHD
14.6088,-0.7,-0.5,LHD
14.0508,-0.2,0,LHD
16.4808,0.7,0,LHD
17.4672,0.3,-0.2,LHD
18.6876,0.3,0,LHD
21.5748,0.8,0,LHD
19.6272,-0.5,-0.3,LHD
19.4976,0,0,LHD
13.4712,-1.7,0,LHD
8.0388,-1.5,-0.2,LHD
5.2884,-0.8,0,LHD
7.1388,0.5,0,LHD
9.7308,0.7,0.7,LHD
13.5144,1.1,0,LHD
13.1868,-0.1,0,LHD
16.416,0.9,1.3,LHD
17.5392,0.3,0,LHD
17.6652,0,0,LHD
17.7588,0,0,LHD
20.0232,0.6,-0.3,LHD
20.9916,0.3,0,LHD
23.256,0.6,0,LHD
24.8112,0.4,-0.7,LHD
26.8416,0.6,0,LHD
27.6012,0.2,0,LHD
29.6172,0.6,-0.4,LHD
30.3984,0.2,0,LHD
30.384,0,0,LHD
29.772,-0.2,-0.5,LHD
29.7324,0,0,LHD
29.6568,0,0,LHD
30.3804,0.2,0,LHD
28.3572,-0.6,0,LHD
29.5884,0.3,0,LHD
30.1932,0.2,1.4,LHD
30.6792,0.1,0,LHD
30.0348,-0.2,0,LHD
31.3812,0.4,0.5,LHD
29.7108,-0.5,0,LHD
26.7984,-0.8,0,LHD
21.1032,-1.6,-0.7,LHD
16.2972,-1.3,0,LHD
14.3316,-0.5,0,LHD
12.9204,-0.4,0,LHD
15.1452,0.6,-0.5,LHD
18.0216,0.8,0,LHD
21.6936,1,0,LHD
21.8088,0,-0.7,LHD
21.9132,0,0,LHD
21.8052,0,0,LHD
17.0028,-1.3,0.1,LHD
13.0392,-1.1,0,LHD
14.3928,0.4,0,LHD
15.426,0.3,0.9,LHD
16.0812,0.2,0,LHD
17.2224,0.3,0,LHD
20.6496,1,-0.2,LHD
22.7232,0.6,0,LHD
24.5952,0.5,0,LHD
23.0616,-0.4,0.9,LHD
24.8292,0.5,0,LHD
26.5896,0.5,0,LHD
26.1072,-0.1,-0.5,LHD
26.2296,0,0,LHD
26.766,0.1,0,LHD
26.1504,-0.2,0,LHD
26.0388,0,-1,LHD
24.9084,-0.3,0,LHD
24.1524,-0.2,0,LHD
24.6024,0.1,0.1,LHD
25.8948,0.4,0,LHD
27.0324,0.3,0,LHD
26.6796,-0.1,1.4,LHD
22.2552,-1.2,0,LHD
19.674,-0.7,0,LHD
15.66,-1.1,0,LHD
12.8952,-0.8,0,LHD
12.0672,-0.2,0,LHD
13.7268,0.5,-0.8,LHD
19.1412,1.5,0,LHD
18.7812,-0.1,0,LHD
20.61,0.5,-0.4,LHD
22.7376,0.6,0,LHD
24.1848,0.4,0,LHD
24.4764,0.1,0,LHD
22.5828,-0.5,1.1,LHD
23.1768,0.2,0,LHD
23.6772,0.1,0,LHD
24.3072,0.2,0.4,LHD
26.9172,0.7,0,LHD
28.1844,0.4,0,LHD
29.7864,0.4,-0.5,LHD
26.1576,-1,0,LHD
24.5268,-0.5,0,LHD
20.8224,-1,-1,LHD
17.7948,-0.8,0,LHD
14.2416,-1,0,LHD
15.5916,0.4,-0.7,LHD
14.6808,-0.3,0,LHD
14.8068,0,0,LHD
14.7168,0,0.1,LHD
17.136,0.7,0,LHD
19.0908,0.5,0,LHD
21.5784,0.7,0.9,LHD
23.5548,0.5,0,LHD
25.9956,0.7,0,LHD
26.6364,0.2,0,LHD
26.5428,0,-0.4,LHD
30.1176,1,0,LHD
31.3668,0.3,0,LHD
28.836,-0.7,-0.3,LHD
26.4636,-0.7,0,LHD
21.9276,-1.3,0,LHD
17.7192,-1.2,-0.3,LHD
14.0184,-1,0,LHD
8.9244,-1.4,0,LHD
7.4088,-0.4,-0.1,LHD
7.5204,0,0,LHD
10.3968,0.8,0,LHD
13.086,0.7,0.1,LHD
16.4556,0.9,0,LHD
17.964,0.4,0,LHD
15.6852,-0.6,0.2,LHD
15.75,0,0,LHD
19.3356,1,0,LHD
21.582,0.6,0,LHD
23.3676,0.5,0,LHD
25.4196,0.6,0,LHD
26.6508,0.3,0,LHD
27.576,0.3,0.5,LHD
26.1828,-0.4,0,LHD
26.5572,0.1,0,LHD
23.508,-0.8,-0.1,LHD
22.896,-0.2,0,LHD
20.4732,-0.7,0,LHD
19.1016,-0.4,0.3,LHD
20.6388,0.4,0,LHD
22.8204,0.6,0,LHD
24.1848,0.4,0.4,LHD
25.4988,0.4,0,LHD
25.56,0,0,LHD
27.036,0.4,-0.3,LHD
29.2788,0.6,0,LHD
29.3832,0,0,LHD
29.9088,0.1,-0.2,LHD
30.42,0.1,0,LHD
29.8224,-0.2,0,LHD
30.1968,0.1,-0.3,LHD
29.7972,-0.1,0,LHD
32.6664,0.8,0,LHD
35.8668,0.9,0,LHD
36.6156,0.2,-0.4,LHD
34.5024,-0.6,0,LHD
35.01,0.1,0,LHD
34.9308,0,-0.2,LHD
35.9784,0.3,0,LHD
37.6056,0.5,0,LHD
36.7236,-0.2,0.4,LHD
33.3972,-0.9,0,LHD
35.1,0.5,0,LHD
34.3548,-0.2,1.3,LHD
32.58,-0.5,0,LHD
28.9728,-1,0,LHD
30.816,0.5,-0.3,LHD
28.3716,-0.7,0,LHD
27.162,-0.3,0,LHD
23.9076,-0.9,-0.8,LHD
24.5196,0.2,0,LHD
24.3756,0,0,LHD
24.7536,0.1,0,LHD
25.2,0.1,0.3,LHD
27.0288,0.5,0,LHD
28.1052,0.3,0,LHD
29.9448,0.5,0.4,LHD
31.5936,0.5,0,LHD
31.0068,-0.2,0,LHD
33.2352,0.6,-0.5,LHD
30.5676,-0.7,0,LHD
29.3796,-0.3,0,LHD
27.9828,-0.4,-0.3,LHD
24.7716,-0.9,0,LHD
21.8232,-0.8,0,LHD
18.2844,-1,-0.6,LHD
15.066,-0.9,0,LHD
12.1968,-0.8,0,LHD
10.1124,-0.6,-0.1,LHD
9.7056,-0.1,0,LHD
10.4724,0.2,0,LHD
11.2788,0.2,0,LHD
10.3212,-0.3,0.2,LHD
10.9188,0.2,0,LHD
9.2736,-0.5,0,LHD
7.7904,-0.4,0.7,LHD
9.1728,0.4,0,LHD
10.5084,0.4,0,LHD
11.7,0.3,0.9,LHD
14.8356,0.9,0,LHD
16.0632,0.3,0,LHD
15.3216,-0.2,-0.7,LHD
14.2956,-0.3,0,LHD
16.5744,0.6,0,LHD
17.8812,0.4,-0.5,LHD
19.5516,0.5,0,LHD
20.2572,0.2,0,LHD
21.9888,0.5,0,LHD
23.0436,0.3,0,LHD
24.2172,0.3,0,LHD
25.3368,0.3,-0.2,LHD
24.9804,-0.1,0,LHD
25.002,0,0,LHD
25.6824,0.2,-0.2,LHD
25.7184,0,0,LHD
25.3656,-0.1,0,LHD
24.3144,-0.3,0,LHD
25.2324,0.3,-0.1,LHD
24.6132,-0.2,0,LHD
24.9768,0.1,0,LHD
23.0112,-0.5,-0.2,LHD
19.8612,-0.9,0,LHD
19.4364,-0.1,0,LHD
16.5204,-0.8,0,LHD
13.5,-0.8,0,LHD
13.0896,-0.1,0,LHD
14.544,0.4,1.1,LHD
15.318,0.2,0,LHD
17.5392,0.6,0,LHD
21.2076,1,0,LHD
22.9896,0.5,0,LHD
24.2244,0.3,0,LHD
26.5392,0.6,-0.6,LHD
27.7092,0.3,0,LHD
29.43,0.5,0,LHD
29.9808,0.2,0,LHD
32.004,0.6,1.1,LHD
32.4576,0.1,0,LHD
34.1604,0.5,0,LHD
36.1548,0.6,-0.3,LHD
35.8596,-0.1,0,LHD
34.9452,-0.3,0,LHD
35.3628,0.1,-0.8,LHD
38.0988,0.8,0,LHD
37.494,-0.2,0,LHD
37.602,0,-0.3,LHD
39.1716,0.4,0,LHD
38.4768,-0.2,0,LHD
39.2292,0.2,0,LHD
37.8072,-0.4,0,LHD
33.3288,-1.2,0,LHD
33.2028,0,0.8,LHD
30.1968,-0.8,0,LHD
28.2132,-0.6,0,LHD
27.522,-0.2,0.7,LHD
22.9644,-1.3,0,LHD
20.7612,-0.6,0,LHD
16.8732,-1.1,0,LHD
15.0372,-0.5,-0.2,LHD
14.6304,-0.1,0,LHD
14.0292,-0.2,0,LHD
16.0992,0.6,-0.7,LHD
14.7672,-0.4,0,LHD
17.0856,0.6,0,LHD
20.2896,0.9,-0.3,LHD
22.8456,0.7,0,LHD
24.3864,0.4,0,LHD
23.1012,-0.4,-0.1,LHD
21.4128,-0.5,0,LHD
19.2096,-0.6,0,LHD
21.0816,0.5,-0.3,LHD
21.8916,0.2,0,LHD
25.6032,1,0,LHD
28.5156,0.8,-0.3,LHD
27.2736,-0.3,0,LHD
28.764,0.4,0,LHD
29.2068,0.1,0,LHD
27.2448,-0.5,0.1,LHD
29.9952,0.8,0,LHD
29.3616,-0.2,0,LHD
30.6288,0.4,0.6,LHD
30.6864,0,0,LHD
30.6792,0,0,LHD
29.988,-0.2,1,LHD
29.1348,-0.2,0,LHD
27.36,-0.5,0,LHD
23.3856,-1.1,-0.4,LHD
20.2356,-0.9,0,LHD
15.3972,-1.3,0,LHD
14.526,-0.2,-0.7,LHD
14.49,0,0,LHD
15.4224,0.3,0,LHD
15.0264,-0.1,-0.1,LHD
16.812,0.5,0,LHD
17.6652,0.2,0,LHD
15.534,-0.6,0,LHD
17.0928,0.4,0,LHD
13.1472,-1.1,0,LHD
13.986,0.2,0,LHD
15.6384,0.5,-0.1,LHD
17.3268,0.5,0,LHD
19.008,0.5,0,LHD
21.6072,0.7,-0.1,LHD
24.5556,0.8,0,LHD
26.3988,0.5,0,LHD
27.3024,0.3,0,LHD
27.7092,0.1,0,LHD
26.0424,-0.5,0,LHD
27.7524,0.5,-0.3,LHD
28.422,0.2,0,LHD
27.0252,-0.4,0,LHD
27.9972,0.3,0.5,LHD
26.748,-0.3,0,LHD
28.0548,0.4,0,LHD
26.1936,-0.5,0,LHD
28.4868,0.6,0.4,LHD
28.512,0,0,LHD
29.1672,0.2,0,LHD
28.4076,-0.2,-0.4,LHD
34.3188,1.6,0,LHD
36.6984,0.7,0,LHD
35.514,-0.3,-0.2,LHD
36.522,0.3,0,LHD
37.8324,0.4,0,LHD
38.8944,0.3,-0.1,LHD
37.35,-0.4,0,LHD
37.4148,0,0,LHD
38.4228,0.3,-0.1,LHD
39.186,0.2,0,LHD
40.3848,0.3,0,LHD
40.428,0,-0.1,LHD
38.088,-0.7,0,LHD
37.1844,-0.3,0,LHD
35.3412,-0.5,0,LHD
35.226,0,-0.1,LHD
35.5932,0.1,0,LHD
35.0892,-0.1,0,LHD
34.6536,-0.1,-0.1,LHD
33.5016,-0.3,0,LHD
32.4504,-0.3,0,LHD
30.3588,-0.6,0,LHD
26.5464,-1.1,0,LHD
22.3776,-1.2,0,LHD
19.71,-0.7,0.3,LHD
18.612,-0.3,0,LHD
18.5148,0,0,LHD
19.3392,0.2,-0.1,LHD
20.7648,0.4,0,LHD
22.392,0.5,0,LHD
23.3856,0.3,0.1,LHD
23.9688,0.2,0,LHD
26.2872,0.6,0,LHD
25.9812,-0.1,0.3,LHD
26.55,0.2,0,LHD
26.9604,0.1,0,LHD
27.4428,0.1,0,LHD
24.408,-0.8,0,LHD
24.3936,0,0,LHD
25.56,0.3,-0.2,LHD
25.6968,0,0,LHD
26.2944,0.2,0,LHD
25.236,-0.3,-0.1,LHD
27.2088,0.5,0,LHD
26.7732,-0.1,0,LHD
30.2436,1,0,LHD
30.3552,0,0,LHD
28.35,-0.6,0,LHD
29.16,0.2,0,LHD
28.152,-0.3,0.1,LHD
28.9548,0.2,0,LHD
31.2876,0.6,0,LHD
30.7692,-0.1,0.4,LHD
29.6532,-0.3,0,LHD
28.5084,-0.3,0,LHD
27.2232,-0.4,0.1,LHD
25.8264,-0.4,0,LHD
24.1884,-0.5,0,LHD
24.2856,0,-0.5,LHD
24.822,0.1,0,LHD
26.6616,0.5,0,LHD
26.7732,0,0.9,LHD
26.7588,0,0,LHD
28.6236,0.5,0,LHD
26.9748,-0.5,0.4,LHD
28.44,0.4,0,LHD
28.3464,0,0,LHD
30.5784,0.6,-0.4,LHD
31.4136,0.2,0,LHD
28.7244,-0.7,0,LHD
28.4076,-0.1,0,LHD
27.6876,-0.2,-0.4,LHD
25.9128,-0.5,0,LHD
27.1872,0.4,0,LHD
27.8496,0.2,-0.6,LHD
28.6128,0.2,0,LHD
26.9244,-0.5,0,LHD
28.944,0.6,0,LHD
29.8656,0.3,0,LHD
28.2456,-0.4,0,LHD
29.8728,0.5,0.1,LHD
28.404,-0.4,0,LHD
26.658,-0.5,0,LHD
22.9572,-1,0.8,LHD
21.3552,-0.4,0,LHD
16.4772,-1.4,0,LHD
16.0668,-0.1,0.3,LHD
13.7448,-0.6,0,LHD
13.1688,-0.2,0,LHD
13.2408,0,-0.4,LHD
13.8708,0.2,0,LHD
12.2616,-0.4,0,LHD
12.2112,0,0,LHD
12.618,0.1,-0.3,LHD
12.7152,0,0,LHD
13.8816,0.3,0,LHD
13.9752,0,-0.3,LHD
14.5044,0.1,0,LHD
15.2784,0.2,0,LHD
15.21,0,0.8,LHD
15.1848,0,0,LHD
15.75,0.2,0,LHD
17.1432,0.4,-0.9,LHD
17.6904,0.2,0,LHD
16.6104,-0.3,0,LHD
16.506,0,0.6,LHD
15.2856,-0.3,0,LHD
14.6124,-0.2,0,LHD
12.672,-0.5,0.7,LHD
13.7916,0.3,0,LHD
12.06,-0.5,0,LHD
10.35,-0.5,-0.3,LHD
8.064,-0.6,0,LHD
6.102,-0.5,0,LHD
1.6344,-1.2,-0.9,LHD
4.212,0.7,0,LHD
4.6368,0.1,0,LHD
6.9372,0.6,0,LHD
8.9532,0.6,0.1,LHD
11.0376,0.6,0,LHD
12.1896,0.3,0,LHD
14.9292,0.8,0.9,LHD
14.49,-0.1,0,LHD
16.578,0.6,0,LHD
15.57,-0.3,-0.7,LHD
16.65,0.3,0,LHD
17.9208,0.4,0,LHD
17.1504,-0.2,0.6,LHD
17.7372,0.2,0,LHD
18.7236,0.3,0,LHD
18.5796,0,0.1,LHD
19.4004,0.2,0,LHD
18.6228,-0.2,0,LHD
18.5076,0,-0.7,LHD
18.5076,0,0,LHD
19.3392,0.2,0,LHD
22.3488,0.8,-0.7,LHD
22.2372,0,0,LHD
20.8152,-0.4,0,LHD
17.028,-1.1,-0.1,LHD
14.5044,-0.7,0,LHD
10.206,-1.2,0,LHD
5.4936,-1.3,0,LHD
0,-1.5,0.5,LHD
0,0,0,LHD
0,0,0,LHD
0,0,1.2,LHD
0,0,0,LHD
0,0,0,LHD
0,0,-0.4,LHD
0,0,0,LHD
0,0,0,LHD
8.6976,2.4,-0.8,LHD
10.4004,0.5,0,LHD
10.062,-0.1,0,LHD
10.6884,0.2,-0.5,LHD
10.7928,0,0,LHD
9.4932,-0.4,0,LHD
8.262,-0.3,0,LHD
8.8848,0.2,0,LHD
9.9036,0.3,0,LHD
9.1188,-0.2,0.1,LHD
10.3068,0.3,0,LHD
12.9132,0.7,0,LHD
13.0248,0,0.8,LHD
16.236,0.9,0,LHD
19.4148,0.9,0,LHD
19.8036,0.1,0,LHD
19.6812,0,0.2,LHD
17.3952,-0.6,0,LHD
18.3276,0.3,0,LHD
19.278,0.3,-0.7,LHD
20.6964,0.4,0,LHD
22.0572,0.4,0,LHD
22.0608,0,-0.2,LHD
22.104,0,0,LHD
22.4856,0.1,0,LHD
25.1028,0.7,0.9,LHD
23.5152,-0.4,0,LHD
21.9096,-0.4,0,LHD
19.7172,-0.6,0,LHD
15.228,-1.2,0,LHD
10.5624,-1.3,0,LHD
7.7004,-0.8,-0.6,LHD
9.1404,0.4,0,LHD
9.6732,0.1,0,LHD
12.834,0.9,-0.3,LHD
13.7736,0.3,0,LHD
14.6052,0.2,0,LHD
16.074,0.4,0,LHD
16.1028,0,0,LHD
17.3664,0.4,0,LHD
17.856,0.1,0.2,LHD
19.0296,0.3,0,LHD
20.4732,0.4,0,LHD
22.6332,0.6,0,LHD
25.308,0.7,0,LHD
27.576,0.6,0,LHD
29.5704,0.6,0,LHD
30.366,0.2,-0.1,LHD
30.438,0,0,LHD
30.1104,-0.1,0,LHD
29.0088,-0.3,-0.1,LHD
26.7804,-0.6,0,LHD
24.7176,-0.6,0,LHD
20.7036,-1.1,0.3,LHD
17.8452,-0.8,0,LHD
16.398,-0.4,0,LHD
15.4548,-0.3,0.9,LHD
16.4844,0.3,0,LHD
18.81,0.6,0,LHD
19.8612,0.3,-0.3,LHD
21.5172,0.5,0,LHD
22.2012,0.2,0,LHD
23.0724,0.2,0,LHD
28.0332,1.4,-0.8,LHD
28.152,0,0,LHD
27.3168,-0.2,0,LHD
27.2808,0,-0.3,LHD
26.154,-0.3,0,LHD
25.308,-0.2,0,LHD
22.9752,-0.6,0.1,LHD
21.4056,-0.4,0,LHD
20.6784,-0.2,0,LHD
20.3328,-0.1,0.2,LHD
19.5984,-0.2,0,LHD
18.5976,-0.3,0,LHD
18.9576,0.1,0.1,LHD
18.9396,0,0,LHD
19.0836,0,0,LHD
19.5516,0.1,0,LHD
19.692,0,0,LHD
0.4284,0,0,LHD
0.7668,-0.1,-0.4,LHD
2.2716,0.4,-0.1,LHD
1.3644,-0.3,-1.8,LHD
1.2888,0,-0.8,LHD
1.2348,0,-2.7,LHD
1.1088,0,-0.2,LHD
0.7092,-0.1,-0.9,LHD
0.4248,-0.1,-0.9,LHD
1.0908,0.2,-1.6,LHD
0.99,0,-1.4,LHD
0.954,0,0.8,LHD
0.7812,0,0,LHD
0.7164,0,0.4,LHD
0.6228,0,0,LHD
0.5796,0,0.6,LHD
0.5508,0,0.2,LHD
0.486,0,0.4,LHD
0.4896,0,1.2,LHD
0.5004,0,0.4,LHD
0,-0.1,0.3,LHD
0,0,-0.1,LHD
0,0,-0.6,LHD
0,0,0,LHD
0,0,0,LHD
0,0,0,LHD
0,0,0,LHD
0,0,0,LHD
0,0,0,LHD
0,0,0,LHD
0,0,0,LHD
0,0,0,LHD
0,0,0,LHD
0,0,0,LHD
0,0,0,LHD
0,0,0,LHD
0,0,0,LHD
0,0,0,LHD
0,0,0,LHD
0,0,0,LHD
0,0,0,LHD
0,0,0,LHD
0.6768,0.2,2.8,LHD
0,-0.2,0.1,LHD
0,0,-0.1,LHD
0,0,0.1,LHD
0,0,0,LHD
0,0,0,LHD
0,0,0,LHD
0,0,0,LHD
0,0,0,LHD
0,0,0,LHD
0,0,0,LHD
0,0,0,LHD
0,0,0,LHD
0,0,0,LHD
0,0,0,LHD
0,0,0,LHD
0,0,0,LHD
0,0,0,LHD
0,0,0,LHD
0,0,0,LHD
0,0,0,LHD
0,0,0,LHD
0,0,0,LHD
0,0,0,LHD
0,0,0,LHD
0,0,0,LHD
0,0,0,LHD
0,0,0,LHD
0,0,0,LHD
0,0,0,LHD
0,0,0,LHD
0,0,0,LHD
0,0,0,LHD
0,0,0,LHD
0,0,0,LHD
0,0,0,LHD
0,0,0,LHD
0,0,0,LHD
0,0,0,LHD
0,0,0,LHD
0,0,0,LHD
0,0,0,LHD
0,0,0,LHD
0,0,0,LHD
0,0,0,LHD
0,0,0,LHD
0,0,0,LHD
0,0,0,LHD
0,0,0,LHD
0,0,0,LHD
0,0,0,LHD
0,0,0,LHD
0,0,0,LHD
0,0,0,LHD
0,0,0,LHD
0,0,0,LHD
0,0,0,LHD
0,0,0,LHD
0,0,0,LHD
0,0,0,LHD
0,0,0,LHD
0,0,0,LHD
0,0,0,LHD
0,0,0,LHD
0,0,0,LHD
0,0,0,LHD
0,0,0,LHD
0,0,0,LHD
0,0,0,LHD
0,0,0,LHD
0,0,0,LHD
0,0,0,LHD
0,0,0,LHD
0,0,0,LHD
0,0,0,LHD
0,0,0,LHD
0,0,0,LHD
0,0,0,LHD
0,0,0,LHD
0,0,0,LHD
0,0,0,LHD
0,0,0,LHD
0,0,0,LHD
0,0,0,LHD
0,0,0,LHD
0,0,0,LHD
0,0,0,LHD
0,0,0,LHD
0,0,0,LHD
0,0,0,LHD
0,0,0,LHD
0,0,0,LHD
0,0,0,LHD
0,0,0,LHD
0,0,0,LHD
0,0,0,LHD
0,0,0,LHD
0,0,0,LHD
0,0,0,LHD
0,0,0,LHD
0,0,0,LHD
0,0,0,LHD
0,0,0,LHD
0,0,0,LHD
0,0,0,LHD
0,0,0,LHD
0,0,0,LHD
0,0,0,LHD
0,0,0,LHD
0,0,0,LHD
0,0,0,LHD
0,0,0,LHD
0,0,0,LHD
0,0,0,LHD
0,0,0,LHD
0,0,0,LHD
0,0,0,LHD
0,0,0,LHD
0,0,0,LHD
0,0,0,LHD
0,0,0,LHD
0,0,0,LHD
0,0,0,LHD
0,0,0,LHD
0,0,0,LHD
0,0,0,LHD
0,0,0,LHD
0,0,0,LHD
0,0,0,LHD
0,0,0,LHD
0,0,0,LHD
0,0,0,LHD
0,0,0,LHD
0,0,0,LHD
0,0,0,LHD
0,0,0,LHD
0,0,0,LHD
0,0,0,LHD
0,0,0,LHD
0,0,0,LHD
0,0,0,LHD
0,0,0,LHD
0.9828,0.3,1.9,LHD
1.17,0.1,-0.1,LHD
1.494,0.1,-0.2,LHD
1.8324,0.1,0,LHD
2.322,0.1,-0.9,LHD
2.88,0.2,-0.9,LHD
3.51,0.2,-0.4,LHD
4.1544,0.2,-0.2,LHD
4.7448,0.2,-0.6,LHD
5.418,0.2,-0.7,LHD
6.0084,0.2,-0.5,LHD
6.6492,0.2,-0.9,LHD
7.0632,0.1,-0.6,LHD
7.4268,0.1,-2,LHD
7.65,0.1,-1.2,LHD
7.8372,0.1,-0.9,LHD
7.9056,0,-1.8,LHD
7.7796,0,-1.6,LHD
7.7544,0,0.3,LHD
7.6824,0,-0.8,LHD
7.7472,0,-0.5,LHD
7.7436,0,-0.7,LHD
7.8444,0,0.4,LHD
8.0676,0.1,-0.2,LHD
8.3448,0.1,-0.4,LHD
8.4708,0,-0.3,LHD
8.5932,0,-1.8,LHD
8.964,0.1,-0.2,LHD
9.252,0.1,0.1,LHD
9.576,0.1,0.4,LHD
9.7524,0,0.4,LHD
9.8352,0,0.3,LHD
10.0872,0.1,1.3,LHD
10.1988,0,0.9,LHD
10.1736,0,3.2,LHD
10.3356,0,0.5,LHD
10.638,0.1,-0.1,LHD
10.7496,0,2.7,LHD
10.89,0,2.2,LHD
10.9584,0,1,LHD
11.1708,0.1,2.6,LHD
11.304,0,1.1,LHD
11.2572,0,3.3,LHD
11.2608,0,1.2,LHD
11.2608,0,1.5,LHD
11.0664,-0.1,1.6,LHD
10.8144,-0.1,1,LHD
10.6272,-0.1,1,LHD
10.5048,0,0.8,LHD
10.3896,0,1.4,LHD
10.2888,0,0.3,LHD
10.3212,0,-0.3,LHD
10.3608,0,0.2,LHD
10.458,0,0.2,LHD
10.6632,0.1,0.2,LHD
10.9152,0.1,0.1,LHD
11.142,0.1,0,LHD
11.394,0.1,-0.1,LHD
11.5344,0,0.2,LHD
11.6208,0,-0.4,LHD
11.7,0,-0.1,LHD
11.718,0,-0.4,LHD
11.808,0,-0.3,LHD
11.7756,0,-0.4,LHD
11.7792,0,-0.2,LHD
11.736,0,0.2,LHD
11.808,0,-1.4,LHD
11.7936,0,0.5,LHD
11.8044,0,0.4,LHD
11.8152,0,-1.1,LHD
11.6028,-0.1,-2.3,LHD
11.304,-0.1,-0.9,LHD
10.6884,-0.2,-1.7,LHD
9.9972,-0.2,-1.3,LHD
9.234,-0.2,-1,LHD
8.5644,-0.2,-0.5,LHD
7.776,-0.2,-1.3,LHD
7.0848,-0.2,-0.4,LHD
6.5304,-0.2,-0.3,LHD
6.1848,-0.1,-0.4,LHD
6.0372,0,-0.3,LHD
6.0084,0,-0.5,LHD
6.3648,0.1,-0.8,LHD
6.786,0.1,-0.5,LHD
7.2504,0.1,-0.8,LHD
7.6824,0.1,-0.6,LHD
8.226,0.2,-1.7,LHD
8.8272,0.2,-1.1,LHD
9.396,0.2,-1.4,LHD
9.8352,0.1,-0.7,LHD
10.2276,0.1,-0.8,LHD
10.7028,0.1,-1.1,LHD
11.0736,0.1,-0.9,LHD
11.4984,0.1,-0.5,LHD
11.9124,0.1,-0.6,LHD
12.2976,0.1,-0.7,LHD
12.7404,0.1,-0.4,LHD
13.1436,0.1,-1.1,LHD
13.3956,0.1,-1.1,LHD
13.5792,0.1,0.4,LHD
13.7484,0,-0.3,LHD
13.8672,0,-0.1,LHD
13.9068,0,-0.5,LHD
14.004,0,-0.7,LHD
13.9824,0,-0.5,LHD
13.9824,0,0.1,LHD
13.8384,0,-0.5,LHD
13.5,-0.1,1.5,LHD
13.2372,-0.1,0,LHD
12.9816,-0.1,0,LHD
12.8232,0,0.2,LHD
12.6792,0,0,LHD
12.546,0,-0.1,LHD
12.384,0,-0.5,LHD
12.1392,-0.1,-0.5,LHD
12.0132,0,-0.4,LHD
11.8872,0,-0.7,LHD
12.0204,0,-0.3,LHD
12.1932,0,0,LHD
12.42,0.1,-0.1,LHD
12.5712,0,0.1,LHD
12.6324,0,-0.1,LHD
12.7188,0,0.3,LHD
12.852,0,0,LHD
13.176,0.1,0.2,LHD
13.428,0.1,-0.2,LHD
13.734,0.1,-0.2,LHD
13.842,0,-0.1,LHD
13.9644,0,-0.2,LHD
14.0076,0,0.6,LHD
14.0076,0,0.3,LHD
14.022,0,0.5,LHD
14.1048,0,-0.1,LHD
14.0508,0,0.1,LHD
14.0724,0,0.2,LHD
14.076,0,-0.3,LHD
14.0076,0,-0.3,LHD
14.0868,0,0.2,LHD
14.0472,0,0,LHD
14.0724,0,0.5,LHD
14.1624,0,0.6,LHD
14.3388,0,0.4,LHD
14.4324,0,0,LHD
14.5944,0,0.8,LHD
14.814,0.1,0.1,LHD
14.9724,0,-0.4,LHD
15.1236,0,-0.2,LHD
15.174,0,0.1,LHD
15.3144,0,-0.3,LHD
15.2784,0,0.5,LHD
15.1488,0,0,LHD
14.9688,0,-0.5,LHD
14.8032,0,-0.1,LHD
14.6268,0,0.5,LHD
14.382,-0.1,0.3,LHD
14.2164,0,0.1,LHD
14.1336,0,0.3,LHD
14.0184,0,0.2,LHD
13.8708,0,-0.1,LHD
13.6872,-0.1,0.3,LHD
13.716,0,0.2,LHD
13.626,0,0.3,LHD
13.5648,0,0.2,LHD
13.5756,0,0.2,LHD
13.5828,0,0.6,LHD
13.5504,0,0.3,LHD
13.4676,0,-0.2,LHD
13.3992,0,0.2,LHD
13.2084,-0.1,0.5,LHD
13.1652,0,0.3,LHD
12.8592,-0.1,0.2,LHD
12.7332,0,0.4,LHD
12.5964,0,0.3,LHD
12.4236,0,0.2,LHD
12.3588,0,-0.2,LHD
12.2688,0,-0.3,LHD
12.1968,0,0,LHD
12.3156,0,0.6,LHD
12.618,0.1,0.1,LHD
12.906,0.1,-0.4,LHD
13.3884,0.1,-0.9,LHD
13.842,0.1,0.1,LHD
14.2344,0.1,0,LHD
14.5764,0.1,-0.6,LHD
14.6736,0,-0.1,LHD
14.9112,0.1,2.8,LHD
14.9688,0,-0.2,LHD
14.9328,0,-0.2,LHD
14.9256,0,-1,LHD
14.8788,0,-0.2,LHD
14.6916,-0.1,-0.2,LHD
14.4972,-0.1,-0.1,LHD
14.4612,0,-0.5,LHD
14.5512,0,0,LHD
14.6988,0,0,LHD
14.7924,0,0.2,LHD
15.0876,0.1,0.3,LHD
15.3504,0.1,0.2,LHD
15.5196,0,-0.3,LHD
15.8328,0.1,-0.2,LHD
16.1676,0.1,-0.2,LHD
16.56,0.1,-0.3,LHD
16.8156,0.1,-0.7,LHD
16.9416,0,-0.4,LHD
16.992,0,-0.1,LHD
17.0424,0,1.2,LHD
16.9848,0,-0.2,LHD
16.9992,0,-0.6,LHD
16.9524,0,-0.9,LHD
16.8696,0,-1.3,LHD
16.7904,0,-0.5,LHD
16.7148,0,-0.6,LHD
16.7076,0,-0.4,LHD
16.7796,0,-0.6,LHD
16.7724,0,-0.9,LHD
16.9128,0,-0.8,LHD
17.0568,0,-0.4,LHD
17.046,0,-0.9,LHD
17.1,0,-0.2,LHD
17.1216,0,-0.2,LHD
17.2296,0,-0.6,LHD
17.1936,0,-0.7,LHD
17.1432,0,1.4,LHD
17.0136,0,0,LHD
17.1072,0,0.3,LHD
17.0208,0,0,LHD
16.8912,0,-0.2,LHD
16.7256,0,0.2,LHD
16.56,0,-0.2,LHD
16.4232,0,0.1,LHD
16.3152,0,0.6,LHD
16.1244,-0.1,0.4,LHD
15.9948,0,0.2,LHD
15.876,0,-0.1,LHD
15.5736,-0.1,0.4,LHD
15.3,-0.1,0.1,LHD
14.958,-0.1,0.2,LHD
14.8248,0,0.1,LHD
14.706,0,0.1,LHD
14.6232,0,-0.6,LHD
14.5836,0,0.1,LHD
14.5224,0,0,LHD
14.364,0,0.1,LHD
14.2092,0,0.3,LHD
14.076,0,0.3,LHD
13.7952,-0.1,-0.2,LHD
13.5828,-0.1,0.2,LHD
13.3812,-0.1,0.4,LHD
13.1472,-0.1,0,LHD
12.8016,-0.1,0.7,LHD
12.366,-0.1,0.3,LHD
12.0276,-0.1,0.2,LHD
11.7108,-0.1,0.3,LHD
11.214,-0.1,0.3,LHD
10.9692,-0.1,0.1,LHD
10.854,0,-0.5,LHD
10.8324,0,-0.1,LHD
10.8756,0,0.2,LHD
11.0088,0,0,LHD
11.1492,0,0.1,LHD
11.4768,0.1,0,LHD
11.9448,0.1,-0.7,LHD
12.546,0.2,0.4,LHD
13.2732,0.2,0.1,LHD
13.8312,0.2,0.2,LHD
14.5008,0.2,-0.2,LHD
15.2424,0.2,-0.1,LHD
15.8472,0.2,-0.1,LHD
16.3476,0.1,0,LHD
16.7724,0.1,0.7,LHD
17.0172,0.1,0.1,LHD
17.1504,0,0.3,LHD
17.2152,0,0,LHD
17.298,0,-0.4,LHD
17.2584,0,-0.1,LHD
17.082,0,0.8,LHD
16.722,-0.1,-0.1,LHD
16.4304,-0.1,-0.3,LHD
16.0164,-0.1,-0.4,LHD
15.75,-0.1,-0.1,LHD
15.2964,-0.1,0.2,LHD
14.9976,-0.1,0.3,LHD
14.8104,-0.1,-2.3,LHD
14.7168,0,0,LHD
14.904,0.1,-0.2,LHD
15.1632,0.1,-0.4,LHD
15.4656,0.1,-1,LHD
15.6564,0.1,-0.9,LHD
16.1064,0.1,-0.8,LHD
16.5564,0.1,0.2,LHD
17.1144,0.2,-0.3,LHD
17.5788,0.1,-0.3,LHD
17.8416,0.1,-0.4,LHD
17.9892,0,0,LHD
18.108,0,-0.4,LHD
18.0504,0,0.1,LHD
18.0684,0,-0.3,LHD
18.1548,0,-0.3,LHD
18.1656,0,0.4,LHD
18.0756,0,0.9,LHD
18.1188,0,-0.1,LHD
18.144,0,0.6,LHD
18.1404,0,0.6,LHD
18.1548,0,0.9,LHD
18.0936,0,0.7,LHD
18.2484,0,0.6,LHD
18.2952,0,0.1,LHD
18.342,0,0.2,LHD
18.3312,0,-0.6,LHD
18.3312,0,0.1,LHD
18.2808,0,0.9,LHD
18.1368,0,0.2,LHD
18.0288,0,1,LHD
17.9136,0,0.4,LHD
17.6292,-0.1,0.2,LHD
17.316,-0.1,0,LHD
17.1576,0,0,LHD
16.9164,-0.1,0.6,LHD
16.7076,-0.1,3.6,LHD
16.5312,0,0.6,LHD
16.3368,-0.1,0.8,LHD
16.1172,-0.1,0.8,LHD
15.93,-0.1,3.7,LHD
15.75,0,0.8,LHD
15.7608,0,0.6,LHD
15.6384,0,0.6,LHD
15.4764,0,0.4,LHD
15.3756,0,0,LHD
15.2892,0,1.6,LHD
15.1812,0,0.3,LHD
15.1056,0,0.1,LHD
15.1092,0,0.7,LHD
15.1524,0,0.1,LHD
15.2676,0,0.2,LHD
15.3288,0,0.2,LHD
15.5304,0.1,3.8,LHD
15.6636,0,0.2,LHD
15.6672,0,0.2,LHD
15.696,0,0.4,LHD
15.7788,0,0.3,LHD
15.9156,0,0.6,LHD
16.0704,0,0.7,LHD
16.2756,0.1,1.1,LHD
16.3296,0,0.5,LHD
16.3332,0,0.4,LHD
16.3044,0,0,LHD
16.4664,0,-1.6,LHD
16.6176,0,-1.4,LHD
16.6572,0,-0.5,LHD
16.5492,0,-2.7,LHD
16.614,0,-0.2,LHD
16.6572,0,-0.4,LHD
16.6716,0,0,LHD
16.7976,0,0,LHD
16.9884,0.1,-0.3,LHD
17.1396,0,-0.3,LHD
17.2476,0,-0.4,LHD
17.2548,0,-0.2,LHD
17.118,0,0.1,LHD
17.1288,0,0.3,LHD
17.0424,0,0.1,LHD
16.8336,-0.1,0.6,LHD
16.704,0,0.4,LHD
16.6032,0,0.5,LHD
16.38,-0.1,0.7,LHD
16.1892,-0.1,0.2,LHD
16.0884,0,-0.7,LHD
15.9768,0,-0.6,LHD
16.128,0,-0.3,LHD
16.2072,0,-0.6,LHD
16.1352,0,-0.7,LHD
16.1424,0,-0.4,LHD
16.1676,0,-0.6,LHD
16.056,0,-0.6,LHD
16.056,0,-0.1,LHD
16.0848,0,-0.1,LHD
15.9408,0,-0.7,LHD
15.8652,0,-0.3,LHD
15.8544,0,-0.3,LHD
15.7248,0,-1.9,LHD
15.588,0,-1.8,LHD
15.48,0,-2.2,LHD
15.426,0,-0.8,LHD
15.4548,0,0.8,LHD
15.3792,0,-1.3,LHD
15.2532,0,0.1,LHD
15.2316,0,-0.5,LHD
15.2712,0,0.3,LHD
15.246,0,0.1,LHD
15.3756,0,0.1,LHD
15.588,0.1,0.7,LHD
15.7068,0,-0.1,LHD
15.8148,0,0,LHD
15.8076,0,0.3,LHD
15.6996,0,0.1,LHD
15.6096,0,0.4,LHD
15.6204,0,0.7,LHD
15.4224,-0.1,1,LHD
15.1272,-0.1,0.8,LHD
14.8176,-0.1,1.6,LHD
14.5584,-0.1,-0.3,LHD
14.2668,-0.1,0.9,LHD
14.04,-0.1,0.6,LHD
13.8384,-0.1,-0.6,LHD
13.7268,0,-0.3,LHD
13.6152,0,0.2,LHD
13.41,-0.1,0.2,LHD
13.3128,0,0.3,LHD
13.374,0,-0.3,LHD
13.356,0,-0.7,LHD
13.4244,0,-1,LHD
13.5144,0,-0.1,LHD
13.518,0,-0.1,LHD
13.608,0,0.1,LHD
13.6692,0,-0.1,LHD
13.7988,0,0.3,LHD
14.022,0.1,-0.1,LHD
14.31,0.1,0,LHD
14.58,0.1,0.1,LHD
14.8716,0.1,-0.3,LHD
15.0732,0.1,-0.5,LHD
15.3864,0.1,-0.1,LHD
15.7212,0.1,0.2,LHD
15.9912,0.1,0.1,LHD
16.3008,0.1,1.2,LHD
16.5132,0.1,0.2,LHD
16.5708,0,0.1,LHD
16.5636,0,-0.2,LHD
16.2972,-0.1,-0.1,LHD
15.8724,-0.1,0.1,LHD
15.4584,-0.1,-1.3,LHD
15.0552,-0.1,-0.7,LHD
14.5188,-0.1,-0.5,LHD
14.0256,-0.1,2.3,LHD
13.4424,-0.2,0.7,LHD
12.78,-0.2,0.2,LHD
12.1896,-0.2,1.1,LHD
11.7648,-0.1,0.6,LHD
11.7792,0,-0.3,LHD
12.0672,0.1,0.1,LHD
12.3228,0.1,-0.1,LHD
12.456,0,2.1,LHD
12.6648,0.1,0.3,LHD
12.8304,0,2.4,LHD
13.1868,0.1,0,LHD
13.7268,0.2,0.6,LHD
14.2272,0.1,3.1,LHD
14.5548,0.1,3.6,LHD
14.5044,0,1.6,LHD
14.1012,-0.1,3.1,LHD
13.5612,-0.2,2.6,LHD
13.158,-0.1,1.7,LHD
12.9924,0,2.2,LHD
13.1328,0,0.5,LHD
13.158,0,-0.7,LHD
13.1832,0,-0.4,LHD
13.1976,0,-0.3,LHD
13.3236,0,-0.1,LHD
13.7412,0.1,0.5,LHD
14.3388,0.2,-0.9,LHD
15.0552,0.2,-0.1,LHD
15.6924,0.2,-0.2,LHD
16.0524,0.1,-0.1,LHD
16.146,0,-0.1,LHD
16.3116,0,-0.4,LHD
16.4124,0,-0.2,LHD
16.4952,0,-0.2,LHD
16.5204,0,-0.1,LHD
16.4844,0,-0.9,LHD
16.6644,0,-0.2,LHD
16.7004,0,-1.9,LHD
16.7328,0,-1.5,LHD
16.8408,0,-1.8,LHD
16.8948,0,-1,LHD
16.9164,0,-1.4,LHD
16.9128,0,-1.6,LHD
16.9488,0,-1.1,LHD
16.9992,0,-1.7,LHD
16.848,0,-0.9,LHD
16.524,-0.1,-0.9,LHD
16.398,0,-1.1,LHD
16.1712,-0.1,-1,LHD
15.9084,-0.1,-1.8,LHD
15.6996,-0.1,-0.6,LHD
15.57,0,-0.8,LHD
15.3648,-0.1,-0.6,LHD
15.0192,-0.1,-0.4,LHD
14.5908,-0.1,-0.5,LHD
14.1768,-0.1,-0.9,LHD
13.842,-0.1,-0.5,LHD
13.6044,-0.1,-0.2,LHD
13.4748,0,-0.3,LHD
13.4496,0,0.2,LHD
13.5324,0,0.9,LHD
13.3452,-0.1,-0.1,LHD
13.284,0,-0.4,LHD
13.4964,0.1,-0.9,LHD
13.7376,0.1,-0.4,LHD
13.842,0,-0.1,LHD
13.9248,0,-0.2,LHD
13.8168,0,0.2,LHD
13.7916,0,0.2,LHD
13.7448,0,0.8,LHD
13.4604,-0.1,-0.1,LHD
13.4352,0,0.5,LHD
13.1832,-0.1,0.4,LHD
12.7584,-0.1,0.5,LHD
12.1248,-0.2,1.4,LHD
11.6928,-0.1,0,LHD
11.2572,-0.1,0.7,LHD
10.962,-0.1,1.3,LHD
10.4796,-0.1,1.9,LHD
10.134,-0.1,2,LHD
9.8676,-0.1,0.7,LHD
9.6444,-0.1,0.3,LHD
9.5364,0,0.4,LHD
9.3744,0,0,LHD
9.1944,-0.1,0.6,LHD
8.784,-0.1,1.2,LHD
8.0316,-0.2,0.3,LHD
7.1388,-0.2,0.3,LHD
6.3288,-0.2,-0.7,LHD
5.328,-0.3,-0.3,LHD
4.3812,-0.3,0,LHD
3.4128,-0.3,0.3,LHD
2.4804,-0.3,-0.1,LHD
1.6164,-0.2,0,LHD
0,-0.4,0,LHD
0,0,-0.1,LHD
0,0,0,LHD
0,0,0,LHD
0,0,0,LHD
0,0,0,LHD
0,0,0,LHD
0,0,0,LHD
0,0,0,LHD
0,0,0,LHD
0,0,0,LHD
0,0,0,LHD
0,0,0,LHD
0,0,0,LHD
0,0,0,LHD
0,0,0,LHD
0,0,0,LHD
0,0,0,LHD
0,0,0,LHD
0,0,0,LHD
0,0,0,LHD
0,0,0,LHD
0,0,0,LHD
0,0,0,LHD
0,0,0,LHD
0,0,0,LHD
0,0,-0.4,LHD
0,0,0.8,LHD
0,0,0.5,LHD
0,0,1.2,LHD
0,0,0.7,LHD
0,0,1.1,LHD
0,0,0.1,LHD
0,0,-0.3,LHD
0,0,0.2,LHD
0,0,0,LHD
0,0,-0.1,LHD
0,0,-0.8,LHD
0,0,-0.5,LHD
0,0,-0.3,LHD
0,0,-0.4,LHD
0,0,-0.3,LHD
0,0,-0.2,LHD
0,0,-0.2,LHD
0,0,-0.1,LHD
0,0,-0.4,LHD
1.9368,0.5,-0.2,LHD
1.9656,0,0.1,LHD
0,-0.5,-0.5,LHD
0,0,-0.3,LHD
0,0,0,LHD
0,0,0.6,LHD
0,0,-0.3,LHD
0,0,0,LHD
0,0,0.2,LHD
0,0,0.1,LHD
0,0,0.2,LHD
0,0,0.2,LHD
0,0,0.1,LHD
0,0,0.3,LHD
0,0,0,LHD
0,0,0.2,LHD
0,0,0,LHD
0,0,0,LHD
0,0,0.1,LHD
1.458,0.4,0,LHD
0,-0.4,0.1,LHD
0,0,0,LHD
0,0,0.1,LHD
0,0,0,LHD
0,0,0,LHD
0,0,0,LHD
0,0,0.3,LHD
0,0,0.1,LHD
0,0,0.2,LHD
0,0,0.1,LHD
0,0,0,LHD
0,0,0,LHD
0,0,0,LHD
0,0,0,LHD
0,0,0,LHD
0,0,0,LHD
0,0,0,LHD
0,0,0,LHD
0,0,0,LHD
0,0,0,LHD
0,0,0,LHD
0,0,0.4,LHD
1.1808,0.3,-0.5,LHD
1.3212,0,-0.4,LHD
0,-0.4,-0.5,LHD
0,0,0.1,LHD
0,0,-0.2,LHD
0,0,0,LHD
0,0,0,LHD
0,0,0,LHD
0,0,0,LHD
0,0,0,LHD
0,0,0,LHD
0,0,0,LHD
0,0,0,LHD
0,0,0,LHD
0,0,0,LHD
0,0,0,LHD
0,0,0,LHD
0,0,0,LHD
0,0,0,LHD
0,0,0,LHD
0,0,0,LHD
0,0,0,LHD
0,0,0,LHD
0,0,0,LHD
0,0,0,LHD
0,0,0,LHD
1.1556,0.3,0.5,LHD
0,-0.3,0.1,LHD
0,0,0.2,LHD
0,0,0.3,LHD
0,0,0,LHD
0,0,0,LHD
0,0,0,LHD
1.2384,0.3,1.2,LHD
1.5984,0.1,0.4,LHD
1.8072,0.1,0.3,LHD
2.1132,0.1,0.2,LHD
0,-0.6,0.1,LHD
0,0,0,LHD
3.7152,1,0.1,LHD
0,-1,0.4,LHD
0,0,0.5,LHD
0,0,1.1,LHD
0,0,-0.3,LHD
0,0,0.2,LHD
6.8148,1.9,-0.2,LHD
7.1496,0.1,-0.8,LHD
7.29,0,0.4,LHD
7.4196,0,-1.3,LHD
7.4088,0,-0.7,LHD
7.2576,0,-0.7,LHD
7.0956,0,-0.5,LHD
7.0704,0,-0.3,LHD
7.0848,0,-0.4,LHD
7.2828,0.1,-0.5,LHD
7.3188,0,-2.5,LHD
7.4232,0,-2.1,LHD
7.704,0.1,-2.2,LHD
7.9056,0.1,0.6,LHD
8.1504,0.1,-2,LHD
8.2692,0,0.1,LHD
8.3124,0,-0.4,LHD
8.2404,0,-1,LHD
8.2224,0,1,LHD
8.028,-0.1,1.8,LHD
7.8696,0,1.2,LHD
7.6932,0,-0.1,LHD
7.4916,-0.1,-0.2,LHD
7.3404,0,-0.2,LHD
7.2072,0,-0.1,LHD
7.2036,0,-0.1,LHD
7.0632,0,1.3,LHD
7.0704,0,1,LHD
6.9912,0,0.8,LHD
7.0416,0,-0.2,LHD
7.1424,0,-0.8,LHD
7.2252,0,-0.2,LHD
7.2576,0,-0.3,LHD
7.452,0.1,1.2,LHD
7.5276,0,0.1,LHD
7.4916,0,-0.1,LHD
7.6428,0,0,LHD
7.884,0.1,0.8,LHD
8.316,0.1,-0.5,LHD
8.7732,0.1,-0.6,LHD
9.1944,0.1,-0.5,LHD
9.6552,0.1,-0.6,LHD
10.0548,0.1,-1.2,LHD
10.3608,0.1,-0.1,LHD
10.7028,0.1,-0.5,LHD
11.25,0.2,-0.4,LHD
11.664,0.1,1,LHD
11.826,0,0.8,LHD
11.8692,0,2.9,LHD
11.8584,0,-0.2,LHD
11.736,0,-1.2,LHD
12.0096,0.1,-0.5,LHD
12.312,0.1,-0.4,LHD
12.636,0.1,-0.5,LHD
12.9348,0.1,-1.1,LHD
13.1652,0.1,-0.5,LHD
13.59,0.1,-0.5,LHD
13.8816,0.1,-0.6,LHD
14.166,0.1,-0.6,LHD
14.3568,0.1,-0.6,LHD
14.4072,0,-0.6,LHD
14.0004,-0.1,-1.7,LHD
13.3236,-0.2,-0.6,LHD
12.6144,-0.2,-0.6,LHD
11.7036,-0.3,-0.6,LHD
10.8756,-0.2,-0.7,LHD
10.1556,-0.2,-0.2,LHD
9.5544,-0.2,0,LHD
8.946,-0.2,-1.7,LHD
8.5248,-0.1,-0.3,LHD
8.3196,-0.1,-0.7,LHD
8.2476,0,0.3,LHD
8.55,0.1,0.5,LHD
9.0144,0.1,-1.2,LHD
9.6408,0.2,-1.9,LHD
10.3068,0.2,-0.4,LHD
10.6884,0.1,1.2,LHD
11.1132,0.1,0.9,LHD
11.5632,0.1,1.7,LHD
12.2076,0.1,0.8,LHD
12.5928,0.1,1,LHD
12.8556,0.1,0.9,LHD
13.086,0.1,0.8,LHD
13.2588,0,0.1,LHD
14.0256,0.1,-3.5,LHD
14.2308,0.1,-0.1,LHD
14.4144,0.1,0.3,LHD
14.6556,0.1,-0.4,LHD
14.7528,0,-1.6,LHD
14.8932,0,-1.1,LHD
15.048,0,0.2,LHD
15.2424,0.1,-0.3,LHD
15.444,0.1,0.7,LHD
15.6384,0.1,-0.8,LHD
15.6852,0,-0.7,LHD
15.8616,0,-1.1,LHD
16.2072,0.1,-1,LHD
16.4664,0.1,-0.1,LHD
16.8372,0.1,0.4,LHD
17.064,0.1,-0.3,LHD
17.298,0.1,-1.2,LHD
17.5608,0.1,1.4,LHD
17.7732,0.1,0.8,LHD
17.9244,0,1.4,LHD
17.9892,0,-0.9,LHD
17.9064,0,0.2,LHD
17.7768,0,0.2,LHD
17.604,0,0.6,LHD
17.3196,-0.1,-1,LHD
17.0172,-0.1,0.9,LHD
16.6356,-0.1,0.7,LHD
16.1748,-0.1,2,LHD
15.246,-0.1,0.5,LHD
15.246,0,0.9,LHD
15.3756,0,0.1,LHD
15.3972,0,-0.9,LHD
15.4476,0,-0.1,LHD
15.6276,0,0.5,LHD
15.822,0.1,-1,LHD
16.056,0.1,-1.3,LHD
16.3404,0.1,-1.2,LHD
16.668,0.1,0.5,LHD
16.8588,0.1,0.7,LHD
16.812,0,1.7,LHD
16.722,0,-0.3,LHD
16.7328,0,-0.9,LHD
16.6176,0,-1.1,LHD
16.4448,0,-0.1,LHD
16.2972,0,-2.1,LHD
16.0272,-0.1,-0.8,LHD
15.7032,-0.1,-1.8,LHD
15.48,-0.1,-1.8,LHD
15.1452,-0.1,-0.9,LHD
14.832,-0.1,-0.2,LHD
14.4576,-0.1,1,LHD
14.0544,-0.1,2,LHD
13.7916,-0.1,2.3,LHD
13.5648,-0.1,0.4,LHD
13.4928,0,0.3,LHD
13.7232,0.1,2.7,LHD
14.0076,0.1,0.6,LHD
14.2776,0.1,-0.1,LHD
14.6952,0.1,0.2,LHD
15.0732,0.1,0.5,LHD
15.4656,0.1,1.1,LHD
15.8184,0.1,1,LHD
16.1208,0.1,1.2,LHD
16.4196,0.1,1,LHD
16.3584,-0.1,1,LHD
16.2828,0,0.7,LHD
16.1856,0,0.8,LHD
16.1424,0,3.6,LHD
16.056,0,0.9,LHD
15.9588,0,1.4,LHD
15.8688,0,1.2,LHD
15.6096,-0.1,2.4,LHD
15.3144,-0.1,0.8,LHD
15.1668,0,1.6,LHD
15.2208,0,0.6,LHD
15.1632,0,1.2,LHD
15.2028,0,0.7,LHD
15.264,0,0.8,LHD
15.4584,0.1,-3.1,LHD
15.7932,0.1,-2.8,LHD
16.1568,0.1,-2.8,LHD
16.632,0.1,-1.2,LHD
17.1648,0.1,-1.8,LHD
17.568,0.1,-2.6,LHD
17.9532,0.1,-2.5,LHD
18.414,0.1,-2.1,LHD
18.6228,0.1,-2.8,LHD
18.7668,0,-3.6,LHD
18.846,0,-2.3,LHD
18.6264,-0.1,-1.8,LHD
18.3204,-0.1,-2.9,LHD
18.1404,-0.1,-1,LHD
18.0072,0,-3.2,LHD
17.7768,-0.1,-1.4,LHD
17.478,-0.1,-1,LHD
17.0784,-0.1,-0.7,LHD
16.7148,-0.1,-0.3,LHD
16.3188,-0.1,-0.8,LHD
15.9804,-0.1,-0.2,LHD
15.7896,-0.1,-3.1,LHD
15.6996,0,2.1,LHD
15.5196,0,3.9,LHD
15.6708,0,2.6,LHD
15.894,0.1,1.9,LHD
16.146,0.1,1.4,LHD
16.6176,0.1,1.4,LHD
17.1072,0.1,-1.6,LHD
17.4528,0.1,1.8,LHD
17.8812,0.1,1.4,LHD
18.3348,0.1,-0.5,LHD
18.7812,0.1,0.6,LHD
18.9504,0,2,LHD
19.0296,0,-0.2,LHD
19.1268,0,0.1,LHD
19.026,0,0.9,LHD
18.864,0,0,LHD
18.8604,0,0.2,LHD
18.9792,0,-2.1,LHD
19.008,0,-1.9,LHD
18.9972,0,-0.2,LHD
18.9576,0,0.1,LHD
18.918,0,-0.5,LHD
19.008,0,-0.5,LHD
19.134,0,-0.2,LHD
19.4508,0.1,-1.4,LHD
19.7352,0.1,-0.7,LHD
19.872,0,-0.3,LHD
19.764,0,-0.9,LHD
19.4904,-0.1,-0.1,LHD
19.0008,-0.1,1,LHD
18.5724,-0.1,-0.7,LHD
18.072,-0.1,-0.6,LHD
17.4132,-0.2,0.8,LHD
16.4628,-0.3,-1.2,LHD
15.4224,-0.3,-0.1,LHD
14.454,-0.3,0.2,LHD
13.4136,-0.3,-0.6,LHD
12.3948,-0.3,-2.6,LHD
11.6388,-0.2,-0.1,LHD
11.1204,-0.1,-1.5,LHD
10.5768,-0.2,-1.9,LHD
10.134,-0.1,-0.4,LHD
9.8316,-0.1,0.3,LHD
9.6012,-0.1,-0.6,LHD
9.3528,-0.1,-0.7,LHD
8.9424,-0.1,-0.3,LHD
8.5824,-0.1,0.2,LHD
8.5068,0,0.3,LHD
8.46,0,1.1,LHD
8.262,-0.1,0.1,LHD
8.0172,-0.1,-1.2,LHD
7.83,-0.1,-0.6,LHD
7.5384,-0.1,-1.7,LHD
7.3476,-0.1,-0.3,LHD
7.4916,0,-1.6,LHD
7.6968,0.1,-2.5,LHD
7.8876,0.1,-1.2,LHD
7.9704,0,-2.3,LHD
8.0712,0,1,LHD
8.388,0.1,1.2,LHD
8.9388,0.2,1,LHD
9.4788,0.2,1.1,LHD
10.134,0.2,2.8,LHD
10.7676,0.2,2.3,LHD
11.0988,0.1,1.2,LHD
11.4876,0.1,0.8,LHD
11.9124,0.1,1.4,LHD
12.348,0.1,0,LHD
13.284,0.1,-0.3,LHD
13.3272,0,1.5,LHD
13.2336,0,0.5,LHD
12.8952,-0.1,0.1,LHD
12.546,-0.1,-0.2,LHD
12.132,-0.1,-0.4,LHD
11.6784,-0.1,-0.4,LHD
11.3364,-0.1,-0.2,LHD
11.0664,-0.1,0.3,LHD
10.638,-0.1,0,LHD
10.3752,-0.1,-0.5,LHD
10.2924,0,0.5,LHD
10.3716,0,1,LHD
10.6416,0.1,0.7,LHD
10.9908,0.1,0.5,LHD
11.5632,0.2,2,LHD
12.1716,0.2,0.6,LHD
12.6756,0.1,0.9,LHD
13.122,0.1,-0.1,LHD
13.5144,0.1,0,LHD
13.9176,0.1,-0.6,LHD
14.472,0.2,-0.8,LHD
15.0012,0.1,-0.4,LHD
15.6456,0.2,-0.5,LHD
16.1712,0.1,-0.2,LHD
16.5744,0.1,0,LHD
17.0568,0.1,-0.1,LHD
17.6796,0.2,-0.1,LHD
18.1368,0.1,1.1,LHD
18.6192,0.1,0.5,LHD
19.1016,0.1,0.8,LHD
19.4904,0.1,1.4,LHD
19.8144,0.1,0.8,LHD
20.0484,0.1,0.3,LHD
20.3688,0.1,0.3,LHD
20.6244,0.1,0.2,LHD
20.6856,0,-0.5,LHD
20.556,0,-1.7,LHD
20.5812,0,-2.5,LHD
20.5056,0,-0.9,LHD
20.34,0,0,LHD
20.0484,-0.1,-0.1,LHD
19.6632,-0.1,0.3,LHD
19.3716,-0.1,0.9,LHD
19.1124,-0.1,1.6,LHD
18.9324,0,2,LHD
18.954,0,0.7,LHD
19.0476,0,1.7,LHD
19.188,0,-0.5,LHD
19.3752,0.1,-0.8,LHD
19.6056,0.1,0,LHD
19.8072,0.1,-0.1,LHD
20.1564,0.1,-0.5,LHD
20.4012,0.1,0.1,LHD
20.5164,0,-0.2,LHD
20.5848,0,-0.1,LHD
20.484,0,0,LHD
20.304,-0.1,0.3,LHD
20.1096,-0.1,0.1,LHD
19.8936,-0.1,0.2,LHD
19.566,-0.1,0.7,LHD
19.4256,0,-0.1,LHD
19.0692,-0.1,0.2,LHD
18.7236,-0.1,0.1,LHD
18.414,-0.1,0.1,LHD
18.2088,-0.1,0.3,LHD
18.0936,0,0,LHD
18.1152,0,0.2,LHD
18.09,0,0.1,LHD
18.1692,0,0.2,LHD
18.3384,0,-0.1,LHD
18.36,0,0.4,LHD
18.4824,0,0.3,LHD
18.414,0,-0.2,LHD
18.1908,-0.1,-0.2,LHD
17.802,-0.1,-1.7,LHD
17.3124,-0.1,-1.2,LHD
16.6752,-0.2,-0.4,LHD
16.1928,-0.1,-0.3,LHD
15.7716,-0.1,-0.4,LHD
15.4728,-0.1,-0.1,LHD
15.2964,0,-0.3,LHD
15.318,0,-0.7,LHD
15.2892,0,-0.4,LHD
15.462,0,1,LHD
15.6672,0.1,1.2,LHD
16.0956,0.1,0.9,LHD
16.5924,0.1,0.6,LHD
16.938,0.1,-1,LHD
17.2728,0.1,0.2,LHD
17.5536,0.1,-3.5,LHD
18.072,0.1,-1.8,LHD
18.3456,0.1,-0.7,LHD
18.4284,0,-0.6,LHD
18.5796,0,-0.5,LHD
18.6192,0,2.5,LHD
18.5544,0,1.8,LHD
18.486,0,0.4,LHD
18.198,-0.1,0.5,LHD
17.9244,-0.1,-2,LHD
17.4744,-0.1,-3.1,LHD
16.956,-0.1,-0.7,LHD
16.5168,-0.1,0.1,LHD
16.2972,-0.1,1.5,LHD
16.182,0,1.5,LHD
16.0956,0,2,LHD
16.1532,0,0.3,LHD
16.1712,0,-0.9,LHD
16.4448,0.1,-1.3,LHD
16.3692,0,-1.6,LHD
16.2684,0,-0.2,LHD
16.1028,0,0.8,LHD
16.4052,0.1,-3.2,LHD
16.6284,0.1,-1,LHD
16.7436,0,-3.4,LHD
16.9056,0,-2.9,LHD
17.0352,0,-0.5,LHD
17.2764,0.1,0.6,LHD
17.5032,0.1,0.6,LHD
17.8956,0.1,1.4,LHD
18.3744,0.1,1.2,LHD
18.9936,0.2,-0.3,LHD
19.0116,0,-2.2,LHD
18.9972,0,1.2,LHD
19.0872,0,1.4,LHD
18.9684,0,2.2,LHD
18.9792,0,0.8,LHD
18.8352,0,-0.3,LHD
18.5544,-0.1,-0.6,LHD
18.2844,-0.1,-0.1,LHD
17.9532,-0.1,0.1,LHD
17.5752,-0.1,1.3,LHD
17.4096,0,0.1,LHD
17.2332,0,2,LHD
16.9992,-0.1,2.1,LHD
16.8552,0,2.9,LHD
16.542,-0.1,0.2,LHD
16.1856,-0.1,-0.2,LHD
15.804,-0.1,0.5,LHD
15.516,-0.1,0.6,LHD
15.4764,0,-0.7,LHD
15.4944,0,-0.4,LHD
15.3972,0,-0.6,LHD
15.264,0,0.5,LHD
15.1488,0,2.6,LHD
15.0912,0,0.7,LHD
15.0804,0,-2.9,LHD
15.1704,0,0.1,LHD
15.4548,0.1,-0.3,LHD
15.9552,0,-3.6,LHD
16.1856,0.1,-4,LHD
16.2504,0,-2.5,LHD
16.1712,0,-1.5,LHD
16.164,0,-0.7,LHD
16.1928,0,0.4,LHD
16.2432,0,-0.3,LHD
16.3044,0,2,LHD
16.2108,0,1.1,LHD
16.0272,-0.1,-0.3,LHD
15.8004,-0.1,-0.4,LHD
15.3648,-0.1,2.4,LHD
14.8896,-0.1,0.8,LHD
14.4828,-0.1,-2,LHD
14.0328,-0.1,-1.8,LHD
13.5144,-0.1,1,LHD
12.78,-0.2,-1.1,LHD
11.7144,-0.3,0.7,LHD
10.7892,-0.3,2.5,LHD
9.99,-0.2,-0.8,LHD
9.216,-0.2,1.4,LHD
8.4708,-0.2,1.5,LHD
7.9344,-0.1,0.6,LHD
7.7076,-0.1,1.4,LHD
7.2576,-0.1,1,LHD
0,-2,0.3,LHD
6.084,1.7,0.7,LHD
6.03,0,0.1,LHD
5.9796,0,0.1,LHD
6.0228,0,0,LHD
6.0768,0,0.4,LHD
6.2136,0,0.2,LHD
6.3792,0,0,LHD
6.4548,0,-0.2,LHD
6.7896,0.1,-0.1,LHD
7.5024,0.2,-0.3,LHD
8.4024,0.3,0,LHD
9.2556,0.2,-0.4,LHD
10.1016,0.2,-0.2,LHD
10.8072,0.2,-0.1,LHD
11.5848,0.2,-0.1,LHD
12.2544,0.2,0.1,LHD
12.96,0.2,0.5,LHD
13.6224,0.2,0.4,LHD
14.2344,0.2,0.1,LHD
14.8284,0.2,1.5,LHD
14.9616,0,0.9,LHD
15.138,0,0.3,LHD
15.0372,0,0.2,LHD
14.8392,-0.1,0.7,LHD
14.6412,0,3.4,LHD
14.1444,-0.1,3.5,LHD
13.6044,-0.2,3.5,LHD
13.2048,-0.1,1.8,LHD
12.6144,-0.2,-0.7,LHD
12.222,-0.1,0.5,LHD
12.1536,0,-1.3,LHD
11.8152,-0.1,-1.6,LHD
11.6028,-0.1,-2.4,LHD
11.4264,0,-0.6,LHD
11.0088,-0.1,-0.3,LHD
10.9872,0,0.3,LHD
10.9044,0,0.1,LHD
10.7964,0,-0.2,LHD
10.8612,0,0.2,LHD
11.0952,0.1,-3.4,LHD
11.16,0,-1.6,LHD
11.5092,0.1,-2.9,LHD
11.7936,0.1,-2.1,LHD
11.5236,-0.1,-0.9,LHD
11.2896,-0.1,-2.2,LHD
11.2176,0,-2.1,LHD
10.8036,-0.1,-1.6,LHD
10.7928,0,0.4,LHD
10.8504,0,-0.7,LHD
10.8828,0,-0.8,LHD
10.8396,0,-0.8,LHD
10.6668,0,0,LHD
10.4652,-0.1,-0.1,LHD
10.5156,0,-0.5,LHD
10.5984,0,-0.6,LHD
10.3536,-0.1,-0.8,LHD
10.4508,0,-0.9,LHD
10.062,-0.1,-1.4,LHD
9.5256,-0.1,0.5,LHD
9.2268,-0.1,0.7,LHD
8.9352,-0.1,-0.1,LHD
8.874,0,0.4,LHD
8.6472,-0.1,0.3,LHD
8.244,-0.1,-0.1,LHD
7.8516,-0.1,-0.1,LHD
7.7976,0,-0.1,LHD
7.668,0,-0.5,LHD
7.8048,0,-0.3,LHD
8.4924,0.2,-0.4,LHD
9.7308,0.3,0,LHD
10.7712,0.3,0,LHD
11.6676,0.2,0,LHD
12.3192,0.2,0,LHD
12.852,0.1,0.1,LHD
0,0,1.4,LHD
0,0,0.9,LHD
2.3508,0.7,0.3,LHD
1.4652,-0.2,0.5,LHD
0,-0.4,1,LHD
0,0,2,LHD
0,0,-1.5,LHD
0,0,-0.1,LHD
0,0,0,LHD
0,0,0,LHD
0,0,0,LHD
0,0,0,LHD
0,0,0,LHD
0,0,0,LHD
0,0,0,LHD
0,0,0,LHD
0,0,0,LHD
0,0,0,LHD
0,0,0,LHD
0,0,0,LHD
0,0,0,LHD
0,0,0,LHD
0,0,0,LHD
0,0,0,LHD
0,0,0,LHD
0,0,0,LHD
0,0,0,LHD
0,0,0,LHD
0,0,0,LHD
0,0,0,LHD
0,0,0,LHD
0,0,0,LHD
0,0,0,LHD
0,0,0,LHD
0,0,0,LHD
0,0,0,LHD
0,0,0,LHD
0,0,0,LHD
0,0,0,LHD
0,0,0,LHD
0,0,0,LHD
0,0,0,LHD
0,0,0,LHD
0,0,0,LHD
0,0,0,LHD
0,0,0,LHD
0,0,0,LHD
0,0,0,LHD
0,0,0,LHD
0,0,0,LHD
0,0,0,LHD
0,0,0,LHD
0,0,0,LHD
0,0,0,LHD
0,0,0,LHD
0,0,0,LHD
0.5688,0.2,0,LHD
0,-0.2,0.4,LHD
0,0,-0.1,LHD
0,0,-0.2,LHD
0,0,-0.2,LHD
0,0,0,LHD
0,0,0,LHD
1.4328,0.4,0,LHD
1.6956,0.1,-0.6,LHD
1.8504,0,-0.2,LHD
1.9656,0,-0.2,LHD
1.9764,0,-0.2,LHD
1.9008,0,-0.2,LHD
1.7892,0,-0.3,LHD
1.7172,0,0,LHD
1.7712,0,-0.1,LHD
0,-0.5,-0.2,LHD
0,0,-0.3,LHD
0,0,0,LHD
0,0,0,LHD
0,0,0,LHD
0,0,0,LHD
0,0,0,LHD
0,0,0,LHD
0,0,0,LHD
0,0,0,LHD
0,0,0,LHD
0,0,0,LHD
0.7884,0.2,0,LHD
0,-0.2,0.2,LHD
0,0,-0.1,LHD
0,0,0,LHD
0,0,0,LHD
0,0,0,LHD
0,0,-0.2,LHD
0,0,0,LHD
1.5516,0.4,-0.3,LHD
1.4616,0,-0.4,LHD
0,-0.4,-0.3,LHD
0,0,-0.3,LHD
0,0,-0.3,LHD
0,0,0,LHD
0,0,0,LHD
0,0,0,LHD
0,0,0,LHD
0,0,0,LHD
0,0,0,LHD
0,0,0,LHD
0,0,0,LHD
0,0,0,LHD
0,0,0,LHD
0,0,0,LHD
0,0,0,LHD
0,0,0,LHD
0,0,0,LHD
0,0,0,LHD
0,0,0,LHD
0,0,0,LHD
0,0,0,LHD
0,0,0,LHD
0,0,0,LHD
0,0,0,LHD
0,0,0,LHD
0,0,0,LHD
0,0,0,LHD
0,0,0,LHD
0,0,0,LHD
0,0,0,LHD
0,0,0,LHD
0,0,0,LHD
0,0,0,LHD
0,0,0,LHD
0,0,0,LHD
0,0,0,LHD
0,0,0,LHD
0,0,0,LHD
0,0,0,LHD
0,0,0,LHD
0,0,0,LHD
0,0,0,LHD
0,0,0,LHD
0,0,0,LHD
0,0,0,LHD
0,0,0,LHD
0,0,0,LHD
0,0,0,LHD
0,0,0,LHD
0,0,0,LHD
0,0,0,LHD
0,0,0,LHD
0,0,0,LHD
0,0,0,LHD
0,0,0,LHD
0,0,0,LHD
0,0,0,LHD
0,0,0,LHD
0,0,0,LHD
0,0,0,LHD
0,0,0,LHD
0,0,0,LHD
0,0,0,LHD
0,0,0,LHD
0,0,0,LHD
0,0,0,LHD
0,0,0,LHD
0,0,0,LHD
0,0,0,LHD
0,0,0,LHD
0,0,0,LHD
0,0,0,LHD
0,0,0,LHD
0,0,0,LHD
0,0,0,LHD
0,0,0,LHD
0,0,0,LHD
0,0,0,LHD
0,0,0,LHD
0,0,0,LHD
0,0,0,LHD
0,0,0,LHD
0,0,0,LHD
0,0,0,LHD
0,0,0,LHD
0,0,0,LHD
0,0,0,LHD
0,0,0,LHD
0,0,0,LHD
0,0,0,LHD
0,0,0,LHD
0,0,0,LHD
0,0,0,LHD
0,0,0,LHD
0,0,0,LHD
0,0,0,LHD
0,0,0,LHD
0,0,0,LHD
0,0,0,LHD
0,0,0,LHD
0,0,0,LHD
0,0,0,LHD
0,0,0,LHD
0,0,0,LHD
0,0,0,LHD
0,0,0,LHD
0,0,0,LHD
0,0,0,LHD
0,0,0,LHD
0,0,0,LHD
0,0,0,LHD
0,0,0,LHD
0,0,0,LHD
0,0,0,LHD
0,0,0,LHD
0,0,0,LHD
0,0,0,LHD
0,0,0,LHD
0,0,0,LHD
0,0,0,LHD
0,0,0,LHD
0,0,0,LHD
0,0,0,LHD
0,0,0,LHD
0,0,0,LHD
0,0,0,LHD
0,0,0,LHD
0,0,0,LHD
0,0,0,LHD
0,0,0,LHD
0,0,0,LHD
0,0,0,LHD
0,0,0,LHD
0,0,0,LHD
0,0,0,LHD
0,0,0,LHD
0,0,0,LHD
0,0,0,LHD
0,0,0,LHD
0,0,0,LHD
0,0,0,LHD
0,0,0,LHD
0,0,0,LHD
0,0,0,LHD
0,0,0,LHD
0,0,0,LHD
0,0,0,LHD
0,0,0,LHD
0,0,0,LHD
0,0,0,LHD
0,0,0,LHD
0,0,0,LHD
0,0,0,LHD
0,0,0,LHD
0,0,0,LHD
0,0,0,LHD
0,0,0,LHD
0,0,0,LHD
0,0,0,LHD
0,0,0,LHD
0,0,0,LHD
0,0,0,LHD
0,0,0,LHD
0,0,0,LHD
0,0,0,LHD
0,0,0,LHD
0,0,0,LHD
0,0,0,LHD
0,0,0,LHD
0,0,0,LHD
0,0,0,LHD
0,0,0,LHD
0,0,0,LHD
0,0,0,LHD
0,0,0,LHD
0,0,0,LHD
0,0,0,LHD
0,0,0,LHD
0,0,0,LHD
0,0,0,LHD
0,0,0,LHD
0,0,0,LHD
0,0,0,LHD
0,0,0,LHD
0,0,0,LHD
0,0,0,LHD
0,0,0,LHD
0,0,0,LHD
0,0,0,LHD
0,0,0,LHD
0,0,0,LHD
0,0,0,LHD
0,0,0,LHD
0,0,0,LHD
0,0,0,LHD
0,0,0,LHD
0,0,0,LHD
0,0,0,LHD
0,0,0,LHD
0,0,0,LHD
0,0,0,LHD
0,0,0,LHD
0,0,0,LHD
0,0,0,LHD
0,0,0,LHD
0,0,0,LHD
0,0,0,LHD
0,0,0,LHD
0,0,0,LHD
0,0,0,LHD
0,0,0,LHD
0,0,0,LHD
0,0,0,LHD
0,0,0,LHD
0,0,0,LHD
0,0,0,LHD
0,0,0,LHD
0,0,0,LHD
0,0,0,LHD
0,0,0,LHD
0,0,0,LHD
0,0,0,LHD
0,0,0,LHD
0,0,0,LHD
0,0,0,LHD
0,0,0,LHD
0,0,0,LHD
0,0,0,LHD
0,0,0,LHD
0,0,0,LHD
0,0,0,LHD
0,0,0,LHD
0,0,0,LHD
0,0,0,LHD
0,0,0,LHD
0,0,0,LHD
0,0,0,LHD
0,0,0,LHD
0,0,0,LHD
0,0,0,LHD
0,0,0,LHD
0,0,0,LHD
0,0,0,LHD
0,0,0,LHD
0,0,0,LHD
0,0,0,LHD
0,0,0,LHD
0,0,0,LHD
0,0,0,LHD
0,0,0,LHD
0,0,0,LHD
0,0,0,LHD
0,0,0,LHD
0,0,0,LHD
0,0,0,LHD
0,0,0,LHD
0,0,0,LHD
0,0,0,LHD
0,0,0,LHD
0,0,0,LHD
0,0,0,LHD
0,0,0,LHD
0,0,0,LHD
0,0,0,LHD
0,0,0,LHD
0,0,0,LHD
0,0,0,LHD
0,0,0,LHD
0,0,0,LHD
0,0,0,LHD
0,0,0,LHD
0,0,0,LHD
0,0,0,LHD
0,0,0,LHD
0,0,0,LHD
0,0,0,LHD
0,0,0,LHD
0,0,0,LHD
0,0,0,LHD
0,0,0,LHD
0,0,0,LHD
0,0,0,LHD
0,0,0,LHD
0,0,0,LHD
0,0,0,LHD
0,0,0,LHD
0,0,0,LHD
0,0,0,LHD
0,0,0,LHD
0,0,0,LHD
0,0,0,LHD
0,0,0,LHD
0,0,0,LHD
0,0,0,LHD
0,0,0,LHD
0,0,0,LHD
0,0,0,LHD
0,0,0,LHD
0,0,0,LHD
0,0,0,LHD
0,0,0,LHD
0,0,0,LHD
0,0,0,LHD
0,0,0,LHD
0,0,0,LHD
0,0,0,LHD
0,0,0,LHD
0,0,0,LHD
0,0,0,LHD
0,0,0,LHD
0,0,0,LHD
0,0,0,LHD
0,0,0,LHD
0,0,0,LHD
0,0,0,LHD
0,0,0,LHD
0,0,0,LHD
0,0,0,LHD
0,0,0,LHD
0,0,0,LHD
0,0,0,LHD
0,0,0,LHD
0,0,0,LHD
0,0,0,LHD
0,0,0,LHD
0,0,0,LHD
0,0,0,LHD
0,0,0,LHD
0,0,0,LHD
0,0,0,LHD
0,0,0,LHD
0,0,0,LHD
0,0,0,LHD
0,0,0,LHD
0,0,0,LHD
0,0,0,LHD
0,0,0,LHD
0,0,0,LHD
0,0,0,LHD
0,0,0,LHD
0,0,0,LHD
0,0,0,LHD
0,0,0,LHD
0,0,0,LHD
0,0,0,LHD
0,0,0,LHD
0,0,0,LHD
0,0,0,LHD
0,0,0,LHD
0,0,0,LHD
0,0,0,LHD
0,0,0,LHD
0,0,0,LHD
0,0,0,LHD
0,0,0,LHD
0,0,0,LHD
0,0,0,LHD
0,0,0,LHD
0,0,0,LHD
0,0,0,LHD
0,0,0,LHD
0,0,0,LHD
0,0,0,LHD
0,0,0,LHD
0,0,0,LHD
0,0,0,LHD
0,0,0,LHD
0,0,0,LHD
0,0,0,LHD
0,0,0,LHD
0,0,0,LHD
0,0,0,LHD
0,0,0,LHD
0,0,0,LHD
0,0,0,LHD
0,0,0,LHD
0,0,0,LHD
0,0,0,LHD
0,0,0,LHD
0,0,0,LHD
0,0,0,LHD
0,0,0,LHD
0,0,0,LHD
0,0,0,LHD
0,0,0,LHD
0,0,0,LHD
0,0,0,LHD
0,0,0,LHD
0,0,0,LHD
0,0,0,LHD
0,0,0,LHD
0,0,0,LHD
0,0,0,LHD
0,0,0,LHD
0,0,0,LHD
0,0,0,LHD
0,0,0,LHD
0,0,0,LHD
0,0,0,LHD
0,0,0,LHD
0,0,0,LHD
0,0,0,LHD
0,0,0,LHD
0,0,0,LHD
0,0,0,LHD
0,0,0,LHD
0,0,0,LHD
0,0,0,LHD
0,0,0,LHD
0,0,0,LHD
0,0,0,LHD
0,0,0,LHD
0,0,0,LHD
0,0,0,LHD
0,0,0,LHD
0,0,0,LHD
0,0,0,LHD
0,0,0,LHD
0,0,0,LHD
0,0,0,LHD
0,0,0,LHD
0,0,0,LHD
0,0,0,LHD
0,0,0,LHD
0,0,0,LHD
0,0,0,LHD
0,0,0,LHD
0,0,0,LHD
0,0,0,LHD
0,0,0,LHD
0,0,0,LHD
0,0,0,LHD
0,0,0,LHD